customer_id,country,segment,signup_date,contract_type,monthly_fee
CUST_000001,Italy,SMB,2021-06-12,Annual,86.15
CUST_000002,Germany,SMB,2022-09-26,Two-Year,89.86
CUST_000003,Italy,Consumer,2024-08-04,Monthly,166.55
CUST_000004,France,Consumer,2023-02-08,Monthly,387.96
CUST_000005,Spain,Consumer,2021-11-04,Annual,218.35
CUST_000006,Netherlands,Consumer,2025-12-04,Monthly,432.59
CUST_000007,Italy,Consumer,2021-12-28,Annual,475.59
CUST_000008,Italy,Enterprise,2021-06-03,Annual,56.2
CUST_000009,Spain,Consumer,2022-11-28,Annual,361.19
CUST_000010,Germany,Consumer,2021-07-23,Monthly,60.93
CUST_000011,Germany,SMB,2023-12-18,Monthly,54.43
CUST_000012,Netherlands,Consumer,2023-03-06,Two-Year,152.37
CUST_000013,France,Consumer,2025-08-19,Monthly,68.77
CUST_000014,Italy,Consumer,2021-11-06,Annual,338.23
CUST_000015,Germany,Enterprise,2022-05-06,Monthly,363.74
CUST_000016,Spain,Consumer,2024-06-04,Monthly,326.85
CUST_000017,France,SMB,2024-06-28,Monthly,296.17
CUST_000018,Spain,SMB,2022-10-21,Monthly,394.99
CUST_000019,Italy,Consumer,2025-08-11,Annual,390.84
CUST_000020,France,SMB,2025-03-26,Annual,437.72
CUST_000021,Italy,Consumer,2024-01-23,Two-Year,352.73
CUST_000022,Germany,Consumer,2024-09-28,Two-Year,190.82
CUST_000023,Netherlands,Consumer,2023-09-06,Monthly,271.85
CUST_000024,Italy,Enterprise,2023-05-10,Monthly,255.49
CUST_000025,Italy,Consumer,2023-09-24,Two-Year,71.78
CUST_000026,Spain,Consumer,2025-03-23,Monthly,409.64
CUST_000027,Germany,Enterprise,2021-01-30,Monthly,458.17
CUST_000028,Spain,Consumer,2021-07-04,Monthly,492.52
CUST_000029,Spain,Enterprise,2023-05-17,Annual,139.02
CUST_000030,France,SMB,2023-11-28,Monthly,65.91
CUST_000031,France,Consumer,2021-11-24,Monthly,73.3
CUST_000032,Netherlands,SMB,2024-01-10,Annual,406.06
CUST_000033,Germany,SMB,2021-02-14,Annual,323.24
CUST_000034,Germany,Consumer,2022-03-26,Monthly,382.94
CUST_000035,Germany,Enterprise,2023-04-20,Annual,454.49
CUST_000036,Spain,Enterprise,2021-04-01,Monthly,128.61
CUST_000037,Spain,Enterprise,2024-03-03,Monthly,194.76
CUST_000038,Germany,SMB,2023-09-05,Monthly,400.34
CUST_000039,Spain,Consumer,2023-10-30,Monthly,144.51
CUST_000040,France,Consumer,2023-07-27,Monthly,262.9
CUST_000041,Germany,Consumer,2024-06-16,Two-Year,232.86
CUST_000042,Italy,Consumer,2024-04-08,Monthly,305.75
CUST_000043,France,SMB,2024-04-20,Two-Year,494.34
CUST_000044,Germany,SMB,2022-01-24,Monthly,69.78
CUST_000045,Italy,Consumer,2024-06-08,Monthly,252.63
CUST_000046,Italy,Consumer,2021-11-25,Annual,480.31
CUST_000047,Germany,SMB,2021-02-09,Annual,186.98
CUST_000048,Spain,Consumer,2025-11-21,Monthly,375.49
CUST_000049,France,Enterprise,2021-11-23,Monthly,466.05
CUST_000050,Spain,SMB,2021-07-27,Annual,135.49
CUST_000051,Spain,Consumer,2022-07-08,Monthly,59.06
CUST_000052,Spain,Consumer,2025-12-30,Annual,56.33
CUST_000053,Italy,SMB,2025-04-28,Annual,55.04
CUST_000054,France,Consumer,2024-08-07,Monthly,188.25
CUST_000055,France,SMB,2021-12-10,Annual,80.58
CUST_000056,Italy,Consumer,2024-02-24,Monthly,214.41
CUST_000057,Germany,Consumer,2025-03-01,Two-Year,381.98
CUST_000058,France,Consumer,2022-09-13,Two-Year,163.15
CUST_000059,Spain,SMB,2022-04-19,Annual,250.12
CUST_000060,Spain,Enterprise,2025-05-04,Two-Year,81.14
CUST_000061,France,Enterprise,2021-08-29,Annual,355.18
CUST_000062,Germany,Consumer,2025-07-20,Monthly,172.48
CUST_000063,France,SMB,2023-05-25,Monthly,84.91
CUST_000064,Italy,Consumer,2024-08-11,Monthly,478.24
CUST_000065,France,Consumer,2022-11-11,Monthly,389.42
CUST_000066,France,Enterprise,2024-07-20,Annual,333.12
CUST_000067,France,Consumer,2025-08-16,Monthly,367.04
CUST_000068,Germany,Enterprise,2023-06-20,Annual,224.24
CUST_000069,Spain,Consumer,2022-01-23,Monthly,163.2
CUST_000070,Germany,Consumer,2021-05-23,Monthly,259.99
CUST_000071,Spain,Consumer,2025-08-18,Monthly,416.12
CUST_000072,Germany,Enterprise,2025-12-30,Two-Year,482.62
CUST_000073,Italy,Consumer,2024-04-03,Monthly,310.54
CUST_000074,Spain,SMB,2021-01-29,Monthly,200.65
CUST_000075,Spain,Consumer,2025-06-04,Monthly,364.74
CUST_000076,Spain,SMB,2023-06-24,Two-Year,354.59
CUST_000077,Spain,Consumer,2022-03-03,Monthly,138.78
CUST_000078,France,Consumer,2022-11-02,Annual,229.05
CUST_000079,France,SMB,2025-09-16,Monthly,84.33
CUST_000080,Italy,SMB,2024-11-18,Monthly,213.09
CUST_000081,France,Consumer,2023-12-27,Annual,386.12
CUST_000082,Germany,Consumer,2024-09-05,Annual,170.67
CUST_000083,Italy,Consumer,2025-03-28,Annual,323.86
CUST_000084,Spain,Enterprise,2024-02-21,Monthly,177.27
CUST_000085,Spain,SMB,2022-07-27,Two-Year,90.61
CUST_000086,Spain,SMB,2021-05-17,Annual,375.87
CUST_000087,France,SMB,2021-08-13,Two-Year,302.87
CUST_000088,Germany,SMB,2022-03-09,Monthly,416.22
CUST_000089,Spain,Consumer,2024-11-04,Monthly,345.9
CUST_000090,Germany,Consumer,2021-06-21,Monthly,412.25
CUST_000091,Spain,SMB,2021-08-21,Annual,94.38
CUST_000092,France,Consumer,2025-11-23,Annual,315.0
CUST_000093,Germany,Consumer,2023-01-02,Monthly,196.34
CUST_000094,Germany,SMB,2021-08-22,Monthly,378.32
CUST_000095,Germany,Enterprise,2025-05-13,Monthly,298.44
CUST_000096,France,SMB,2025-11-02,Monthly,46.01
CUST_000097,Germany,Consumer,2023-07-10,Annual,276.1
CUST_000098,Spain,Enterprise,2021-07-25,Monthly,377.26
CUST_000099,Spain,Consumer,2024-02-20,Monthly,146.14
CUST_000100,Netherlands,Consumer,2025-04-24,Monthly,334.17
CUST_000101,Netherlands,Enterprise,2025-10-29,Monthly,423.64
CUST_000102,France,SMB,2023-11-16,Two-Year,51.28
CUST_000103,Spain,Enterprise,2025-09-21,Monthly,297.45
CUST_000104,Netherlands,SMB,2025-02-27,Two-Year,446.05
CUST_000105,Italy,SMB,2021-10-22,Annual,80.68
CUST_000106,France,Consumer,2024-03-03,Annual,149.24
CUST_000107,Germany,Consumer,2024-04-30,Monthly,320.44
CUST_000108,Spain,Enterprise,2024-11-04,Annual,300.89
CUST_000109,Spain,Enterprise,2023-08-29,Annual,400.83
CUST_000110,Netherlands,Consumer,2024-08-27,Monthly,321.95
CUST_000111,Germany,Consumer,2023-12-03,Two-Year,296.41
CUST_000112,Spain,Consumer,2022-04-21,Monthly,236.89
CUST_000113,Germany,Consumer,2023-06-03,Monthly,57.56
CUST_000114,France,Enterprise,2025-09-04,Monthly,303.72
CUST_000115,Spain,Consumer,2025-03-19,Annual,95.18
CUST_000116,Italy,Consumer,2024-03-21,Monthly,498.01
CUST_000117,Italy,Enterprise,2022-08-11,Monthly,57.68
CUST_000118,France,Consumer,2022-01-05,Monthly,56.34
CUST_000119,Germany,Consumer,2022-06-06,Monthly,397.92
CUST_000120,France,Consumer,2022-07-13,Monthly,68.56
CUST_000121,France,Consumer,2025-10-22,Two-Year,214.44
CUST_000122,France,Consumer,2023-09-01,Monthly,465.2
CUST_000123,Spain,Consumer,2022-12-15,Two-Year,398.18
CUST_000124,Germany,Consumer,2025-05-30,Annual,131.76
CUST_000125,Spain,Consumer,2022-11-05,Annual,140.49
CUST_000126,Germany,Consumer,2024-12-25,Two-Year,304.29
CUST_000127,Germany,Consumer,2024-03-17,Monthly,253.49
CUST_000128,Spain,Enterprise,2022-07-06,Annual,76.04
CUST_000129,Spain,Consumer,2025-10-21,Monthly,96.15
CUST_000130,France,Consumer,2024-06-11,Monthly,405.39
CUST_000131,Spain,Enterprise,2025-12-13,Monthly,185.5
CUST_000132,Netherlands,Consumer,2021-01-04,Annual,403.53
CUST_000133,France,Consumer,2022-05-28,Annual,111.12
CUST_000134,Germany,SMB,2022-08-31,Monthly,307.73
CUST_000135,France,Consumer,2024-05-16,Annual,262.45
CUST_000136,Spain,Consumer,2025-03-14,Monthly,176.67
CUST_000137,Netherlands,SMB,2021-08-10,Monthly,312.12
CUST_000138,Germany,SMB,2021-10-04,Monthly,79.78
CUST_000139,Italy,Consumer,2024-05-17,Annual,431.1
CUST_000140,Spain,Consumer,2022-10-08,Monthly,376.82
CUST_000141,Germany,Consumer,2024-06-29,Monthly,157.75
CUST_000142,Germany,SMB,2021-01-02,Monthly,298.47
CUST_000143,Netherlands,Consumer,2023-08-14,Annual,453.04
CUST_000144,France,Consumer,2021-02-12,Annual,222.71
CUST_000145,Germany,Consumer,2025-10-04,Monthly,194.4
CUST_000146,Spain,Enterprise,2021-09-24,Annual,403.49
CUST_000147,Germany,Consumer,2021-11-21,Annual,20.57
CUST_000148,Germany,Consumer,2021-07-06,Monthly,349.46
CUST_000149,Germany,Consumer,2022-02-07,Monthly,123.59
CUST_000150,Spain,SMB,2023-06-14,Two-Year,353.24
CUST_000151,Italy,Consumer,2024-02-02,Monthly,230.19
CUST_000152,Italy,Enterprise,2025-07-02,Monthly,29.74
CUST_000153,Spain,Consumer,2025-05-22,Two-Year,439.64
CUST_000154,France,Consumer,2021-06-04,Annual,282.34
CUST_000155,Spain,Consumer,2023-02-20,Annual,170.53
CUST_000156,France,Consumer,2025-05-08,Annual,357.62
CUST_000157,Spain,Consumer,2021-10-30,Monthly,258.05
CUST_000158,France,SMB,2024-05-05,Annual,36.78
CUST_000159,France,Consumer,2023-02-19,Monthly,332.12
CUST_000160,Italy,SMB,2021-11-05,Two-Year,485.38
CUST_000161,Spain,Consumer,2021-04-23,Monthly,126.55
CUST_000162,Netherlands,Consumer,2022-06-14,Monthly,434.2
CUST_000163,Spain,Consumer,2021-01-02,Monthly,318.08
CUST_000164,Spain,Consumer,2021-12-21,Annual,57.39
CUST_000165,France,Consumer,2023-09-29,Annual,370.39
CUST_000166,Germany,Enterprise,2024-12-12,Annual,231.92
CUST_000167,Italy,Enterprise,2023-07-12,Monthly,400.99
CUST_000168,Italy,SMB,2024-08-17,Monthly,325.16
CUST_000169,Germany,Enterprise,2021-05-16,Annual,21.34
CUST_000170,Netherlands,Consumer,2022-07-10,Monthly,80.62
CUST_000171,Spain,Consumer,2024-04-17,Annual,189.17
CUST_000172,Germany,Consumer,2021-04-10,Two-Year,251.29
CUST_000173,Spain,Enterprise,2023-12-03,Annual,467.42
CUST_000174,Netherlands,Consumer,2021-11-05,Monthly,414.55
CUST_000175,Spain,Consumer,2023-02-05,Annual,404.78
CUST_000176,Spain,SMB,2024-02-25,Two-Year,279.0
CUST_000177,Germany,Consumer,2025-12-07,Annual,64.57
CUST_000178,Netherlands,SMB,2021-06-15,Annual,377.99
CUST_000179,Italy,Consumer,2023-10-03,Monthly,61.54
CUST_000180,France,SMB,2023-09-07,Annual,63.89
CUST_000181,Italy,Enterprise,2021-04-27,Monthly,142.44
CUST_000182,Italy,SMB,2024-01-25,Annual,462.83
CUST_000183,Germany,Consumer,2021-05-18,Two-Year,379.96
CUST_000184,Germany,Consumer,2024-06-09,Two-Year,56.79
CUST_000185,Italy,Consumer,2022-01-15,Monthly,461.08
CUST_000186,France,Consumer,2021-08-17,Annual,396.02
CUST_000187,Germany,Consumer,2021-05-11,Monthly,309.75
CUST_000188,Spain,Consumer,2023-04-20,Monthly,80.94
CUST_000189,France,Consumer,2022-03-08,Annual,173.66
CUST_000190,Spain,Consumer,2023-04-27,Monthly,164.33
CUST_000191,Netherlands,Enterprise,2025-06-24,Monthly,327.22
CUST_000192,Spain,Consumer,2025-03-06,Annual,302.18
CUST_000193,Spain,Consumer,2024-10-02,Annual,153.08
CUST_000194,Italy,Consumer,2023-05-06,Annual,169.33
CUST_000195,Spain,Consumer,2021-07-24,Annual,268.85
CUST_000196,Spain,Enterprise,2023-01-13,Annual,425.8
CUST_000197,France,Consumer,2021-02-09,Monthly,80.59
CUST_000198,Italy,SMB,2021-08-14,Monthly,368.35
CUST_000199,Spain,SMB,2022-07-05,Annual,497.92
CUST_000200,Germany,SMB,2024-06-22,Annual,379.87
CUST_000201,Italy,SMB,2024-12-10,Monthly,231.95
CUST_000202,Netherlands,SMB,2024-02-06,Monthly,371.2
CUST_000203,Germany,Consumer,2022-04-16,Two-Year,433.13
CUST_000204,Spain,Consumer,2024-08-02,Two-Year,388.88
CUST_000205,Spain,SMB,2025-12-25,Annual,26.12
CUST_000206,Spain,Consumer,2024-04-13,Annual,83.12
CUST_000207,Spain,Consumer,2024-10-22,Two-Year,71.43
CUST_000208,France,Consumer,2025-05-18,Annual,35.28
CUST_000209,Spain,Consumer,2024-07-30,Monthly,362.97
CUST_000210,Germany,Consumer,2025-05-22,Annual,148.34
CUST_000211,France,Consumer,2022-06-25,Two-Year,366.54
CUST_000212,France,Consumer,2022-07-16,Annual,339.73
CUST_000213,Spain,Consumer,2021-11-15,Monthly,271.33
CUST_000214,Italy,Consumer,2021-11-30,Two-Year,48.66
CUST_000215,France,SMB,2023-10-07,Annual,166.55
CUST_000216,France,Consumer,2025-08-19,Monthly,33.02
CUST_000217,Spain,SMB,2022-02-09,Two-Year,456.81
CUST_000218,Spain,Consumer,2024-07-26,Annual,168.14
CUST_000219,Netherlands,Consumer,2021-05-23,Annual,65.58
CUST_000220,Germany,SMB,2025-11-09,Two-Year,21.21
CUST_000221,Germany,SMB,2023-08-19,Monthly,313.53
CUST_000222,Germany,SMB,2023-06-27,Annual,318.07
CUST_000223,France,SMB,2022-10-20,Monthly,497.56
CUST_000224,Netherlands,SMB,2025-10-24,Two-Year,158.53
CUST_000225,Spain,SMB,2023-02-06,Two-Year,42.33
CUST_000226,Netherlands,SMB,2021-08-13,Annual,394.1
CUST_000227,Spain,SMB,2023-10-27,Annual,166.2
CUST_000228,France,Consumer,2023-12-15,Annual,178.72
CUST_000229,France,Consumer,2024-09-24,Monthly,455.71
CUST_000230,Spain,Consumer,2023-06-27,Monthly,296.18
CUST_000231,Spain,Consumer,2022-05-27,Monthly,212.17
CUST_000232,Germany,SMB,2021-01-05,Annual,476.27
CUST_000233,Netherlands,Consumer,2025-12-07,Annual,147.34
CUST_000234,France,Consumer,2021-12-19,Annual,30.31
CUST_000235,Netherlands,SMB,2022-10-03,Monthly,130.82
CUST_000236,Italy,Consumer,2021-10-08,Annual,41.18
CUST_000237,Germany,SMB,2022-03-06,Monthly,215.72
CUST_000238,Italy,Consumer,2021-04-22,Two-Year,418.91
CUST_000239,Spain,Consumer,2022-09-14,Two-Year,488.09
CUST_000240,Spain,Consumer,2025-09-28,Annual,356.15
CUST_000241,Italy,Consumer,2022-02-13,Annual,464.54
CUST_000242,Italy,Consumer,2025-10-29,Monthly,216.1
CUST_000243,Spain,Consumer,2024-03-03,Monthly,165.3
CUST_000244,Germany,Consumer,2025-06-17,Annual,94.03
CUST_000245,France,Consumer,2024-02-07,Annual,260.42
CUST_000246,Italy,SMB,2025-12-11,Monthly,176.93
CUST_000247,France,Consumer,2023-10-05,Monthly,71.62
CUST_000248,Germany,Consumer,2025-02-25,Annual,467.32
CUST_000249,Germany,Consumer,2021-03-09,Monthly,79.38
CUST_000250,Germany,Enterprise,2025-08-30,Monthly,375.07
CUST_000251,France,SMB,2021-02-03,Monthly,52.68
CUST_000252,Italy,Enterprise,2021-12-27,Two-Year,273.02
CUST_000253,Germany,Enterprise,2024-09-10,Monthly,343.91
CUST_000254,Spain,Consumer,2022-04-15,Monthly,132.58
CUST_000255,Spain,SMB,2021-03-18,Monthly,56.31
CUST_000256,France,Consumer,2025-04-24,Monthly,304.82
CUST_000257,Italy,Enterprise,2023-07-26,Annual,309.4
CUST_000258,Spain,Consumer,2023-05-26,Monthly,169.75
CUST_000259,Spain,Consumer,2022-08-01,Monthly,200.57
CUST_000260,France,Enterprise,2024-08-02,Two-Year,41.89
CUST_000261,Spain,SMB,2022-07-29,Annual,161.98
CUST_000262,Italy,Enterprise,2023-10-24,Monthly,443.65
CUST_000263,Germany,Consumer,2021-08-27,Monthly,102.22
CUST_000264,Spain,Consumer,2022-07-13,Annual,244.66
CUST_000265,Netherlands,Consumer,2021-02-21,Annual,344.88
CUST_000266,Spain,Consumer,2022-06-05,Two-Year,405.38
CUST_000267,Spain,Consumer,2022-11-27,Monthly,58.95
CUST_000268,Spain,Consumer,2024-09-28,Annual,304.08
CUST_000269,Spain,SMB,2025-02-10,Monthly,321.1
CUST_000270,Spain,Consumer,2023-08-30,Monthly,114.74
CUST_000271,Spain,SMB,2025-08-18,Annual,34.81
CUST_000272,Spain,Enterprise,2022-10-19,Annual,425.3
CUST_000273,Spain,SMB,2023-06-22,Monthly,231.23
CUST_000274,France,Consumer,2024-02-01,Monthly,49.17
CUST_000275,France,Consumer,2021-11-20,Annual,297.45
CUST_000276,Germany,Consumer,2023-02-06,Monthly,200.92
CUST_000277,Germany,SMB,2025-07-02,Monthly,58.5
CUST_000278,Germany,Consumer,2023-05-18,Monthly,157.81
CUST_000279,Italy,Consumer,2025-08-28,Monthly,176.88
CUST_000280,Italy,Enterprise,2024-05-22,Annual,295.95
CUST_000281,Spain,SMB,2021-11-07,Monthly,213.6
CUST_000282,Spain,SMB,2023-04-17,Annual,71.36
CUST_000283,Spain,Consumer,2022-10-31,Annual,324.96
CUST_000284,Spain,Enterprise,2025-10-01,Monthly,369.82
CUST_000285,France,Consumer,2022-09-06,Annual,263.51
CUST_000286,Germany,Consumer,2023-06-05,Monthly,50.41
CUST_000287,Spain,Enterprise,2024-06-14,Annual,69.55
CUST_000288,Germany,Enterprise,2025-10-23,Annual,473.43
CUST_000289,Germany,Consumer,2023-09-25,Annual,110.9
CUST_000290,Spain,Consumer,2025-03-28,Monthly,167.6
CUST_000291,Italy,Consumer,2021-08-02,Annual,350.01
CUST_000292,Spain,SMB,2025-06-15,Annual,400.08
CUST_000293,Netherlands,SMB,2022-01-14,Monthly,457.29
CUST_000294,Spain,Consumer,2024-10-25,Monthly,209.69
CUST_000295,Italy,Consumer,2023-09-03,Monthly,496.3
CUST_000296,Netherlands,SMB,2024-01-09,Monthly,69.87
CUST_000297,Netherlands,SMB,2021-06-19,Monthly,416.74
CUST_000298,Italy,Consumer,2023-08-31,Two-Year,150.61
CUST_000299,Italy,Consumer,2021-06-07,Two-Year,469.8
CUST_000300,France,Enterprise,2023-10-05,Monthly,437.21
CUST_000301,Italy,Consumer,2023-01-13,Two-Year,385.89
CUST_000302,Spain,Consumer,2022-01-03,Annual,309.8
CUST_000303,Germany,SMB,2023-06-16,Monthly,122.94
CUST_000304,Germany,Consumer,2022-01-27,Two-Year,241.72
CUST_000305,Italy,Enterprise,2021-06-01,Annual,36.7
CUST_000306,Germany,SMB,2021-03-04,Annual,360.51
CUST_000307,Germany,Consumer,2022-09-16,Monthly,75.62
CUST_000308,France,Consumer,2024-09-23,Monthly,143.98
CUST_000309,Spain,SMB,2023-11-19,Two-Year,137.62
CUST_000310,Spain,Consumer,2021-08-17,Monthly,398.22
CUST_000311,Germany,Consumer,2023-03-22,Monthly,212.31
CUST_000312,Germany,Consumer,2023-11-30,Monthly,276.58
CUST_000313,Spain,Consumer,2022-03-04,Monthly,120.14
CUST_000314,Germany,Enterprise,2021-09-09,Monthly,180.37
CUST_000315,Germany,SMB,2022-03-31,Two-Year,265.71
CUST_000316,Germany,SMB,2021-05-02,Monthly,113.22
CUST_000317,Germany,Consumer,2022-03-19,Two-Year,351.11
CUST_000318,France,Consumer,2023-09-02,Annual,235.65
CUST_000319,Spain,Enterprise,2025-01-03,Annual,492.15
CUST_000320,Netherlands,Consumer,2025-05-14,Monthly,138.33
CUST_000321,Netherlands,SMB,2024-05-13,Monthly,210.11
CUST_000322,Germany,Consumer,2022-10-13,Two-Year,463.84
CUST_000323,Germany,Consumer,2025-09-02,Annual,445.28
CUST_000324,Germany,Consumer,2025-08-06,Monthly,252.4
CUST_000325,Italy,Consumer,2022-10-16,Two-Year,79.32
CUST_000326,France,Consumer,2021-01-19,Annual,216.22
CUST_000327,Italy,Consumer,2023-03-04,Monthly,301.92
CUST_000328,Germany,Consumer,2023-05-01,Annual,142.03
CUST_000329,France,Consumer,2024-05-21,Annual,111.74
CUST_000330,Spain,Enterprise,2021-09-25,Annual,275.09
CUST_000331,France,Consumer,2023-09-22,Monthly,104.49
CUST_000332,Spain,SMB,2022-07-31,Monthly,439.78
CUST_000333,France,Consumer,2023-06-24,Monthly,55.64
CUST_000334,Italy,Consumer,2021-02-13,Monthly,493.95
CUST_000335,Spain,Consumer,2023-08-23,Monthly,278.21
CUST_000336,France,Enterprise,2021-03-06,Annual,492.11
CUST_000337,Spain,SMB,2025-04-07,Annual,380.73
CUST_000338,France,Enterprise,2024-07-25,Monthly,93.39
CUST_000339,Spain,Consumer,2025-08-09,Annual,129.17
CUST_000340,Netherlands,SMB,2024-04-10,Monthly,71.33
CUST_000341,Spain,SMB,2025-11-23,Monthly,369.96
CUST_000342,Netherlands,Enterprise,2022-01-16,Annual,100.96
CUST_000343,Italy,Consumer,2021-01-11,Two-Year,363.0
CUST_000344,France,Enterprise,2025-07-04,Monthly,432.56
CUST_000345,Italy,Consumer,2024-04-19,Two-Year,217.62
CUST_000346,Italy,SMB,2024-06-10,Two-Year,337.3
CUST_000347,Netherlands,Consumer,2022-06-14,Annual,449.69
CUST_000348,Spain,Consumer,2022-09-06,Two-Year,381.5
CUST_000349,France,Consumer,2024-05-24,Monthly,82.77
CUST_000350,Spain,SMB,2023-01-15,Monthly,160.41
CUST_000351,France,Consumer,2021-05-19,Annual,277.11
CUST_000352,Spain,Consumer,2022-06-19,Monthly,146.85
CUST_000353,France,Consumer,2022-12-03,Monthly,262.84
CUST_000354,France,SMB,2025-02-25,Monthly,477.36
CUST_000355,Germany,Consumer,2022-09-21,Monthly,237.52
CUST_000356,Germany,SMB,2023-06-21,Monthly,145.6
CUST_000357,Italy,Consumer,2023-12-28,Monthly,90.36
CUST_000358,Italy,SMB,2021-09-05,Two-Year,452.53
CUST_000359,Germany,SMB,2023-11-29,Monthly,130.3
CUST_000360,France,SMB,2022-01-04,Annual,112.94
CUST_000361,Netherlands,SMB,2025-05-23,Monthly,284.55
CUST_000362,Spain,Consumer,2022-06-26,Monthly,241.62
CUST_000363,Spain,Consumer,2022-07-10,Two-Year,205.12
CUST_000364,Spain,SMB,2023-01-07,Monthly,297.75
CUST_000365,France,Consumer,2022-10-21,Monthly,293.31
CUST_000366,Germany,Consumer,2023-12-19,Annual,52.83
CUST_000367,Italy,SMB,2024-08-13,Monthly,219.16
CUST_000368,France,Consumer,2025-10-27,Monthly,366.07
CUST_000369,Germany,Consumer,2025-06-10,Two-Year,203.21
CUST_000370,Italy,Enterprise,2022-04-24,Monthly,498.88
CUST_000371,Italy,Consumer,2024-01-08,Annual,132.98
CUST_000372,Spain,Consumer,2022-08-23,Monthly,258.25
CUST_000373,Germany,Consumer,2025-01-10,Monthly,343.49
CUST_000374,Germany,Consumer,2021-02-13,Monthly,282.97
CUST_000375,Spain,SMB,2025-12-22,Annual,38.76
CUST_000376,Spain,SMB,2022-11-12,Monthly,266.56
CUST_000377,Netherlands,Consumer,2024-09-21,Two-Year,483.89
CUST_000378,Germany,Consumer,2024-05-17,Annual,215.2
CUST_000379,Germany,Consumer,2022-11-02,Annual,75.77
CUST_000380,France,Consumer,2025-10-25,Monthly,30.2
CUST_000381,France,SMB,2022-05-03,Annual,217.89
CUST_000382,Netherlands,SMB,2024-09-13,Annual,108.94
CUST_000383,Italy,Consumer,2025-08-23,Monthly,420.66
CUST_000384,Germany,SMB,2021-08-04,Two-Year,477.08
CUST_000385,Germany,SMB,2025-08-02,Monthly,471.45
CUST_000386,Netherlands,Consumer,2025-06-14,Two-Year,199.77
CUST_000387,France,SMB,2022-11-25,Two-Year,238.28
CUST_000388,Netherlands,SMB,2025-03-12,Monthly,171.24
CUST_000389,Spain,Consumer,2021-01-12,Monthly,81.95
CUST_000390,Italy,Consumer,2021-12-12,Annual,288.34
CUST_000391,France,SMB,2024-10-05,Annual,109.38
CUST_000392,Spain,Enterprise,2025-09-03,Annual,48.52
CUST_000393,France,Consumer,2021-08-19,Monthly,427.73
CUST_000394,France,Consumer,2024-07-27,Annual,403.29
CUST_000395,Spain,SMB,2021-07-07,Two-Year,464.62
CUST_000396,Germany,Consumer,2024-11-30,Two-Year,177.15
CUST_000397,Italy,Consumer,2025-06-25,Monthly,437.95
CUST_000398,Spain,Consumer,2023-04-19,Two-Year,211.26
CUST_000399,Germany,Enterprise,2021-07-03,Monthly,54.93
CUST_000400,Germany,SMB,2022-01-02,Annual,239.76
CUST_000401,Germany,Enterprise,2023-07-15,Monthly,285.82
CUST_000402,Netherlands,Consumer,2024-12-30,Annual,227.4
CUST_000403,Italy,Consumer,2023-08-07,Monthly,397.01
CUST_000404,Spain,Consumer,2023-05-22,Monthly,188.88
CUST_000405,Netherlands,Consumer,2024-01-02,Monthly,462.11
CUST_000406,Italy,Consumer,2025-11-02,Two-Year,55.6
CUST_000407,Spain,SMB,2024-12-12,Annual,365.8
CUST_000408,Italy,SMB,2021-10-07,Annual,465.91
CUST_000409,Spain,SMB,2021-12-25,Annual,285.52
CUST_000410,Netherlands,Consumer,2022-10-11,Monthly,441.77
CUST_000411,France,Consumer,2022-05-10,Monthly,352.08
CUST_000412,France,Consumer,2024-09-05,Monthly,26.97
CUST_000413,Spain,Consumer,2025-12-17,Monthly,342.2
CUST_000414,Italy,Consumer,2023-11-11,Two-Year,335.15
CUST_000415,Spain,Consumer,2025-06-14,Monthly,20.01
CUST_000416,Spain,Enterprise,2023-03-03,Annual,216.4
CUST_000417,Spain,Consumer,2024-06-10,Annual,38.62
CUST_000418,Italy,Consumer,2024-07-05,Two-Year,160.64
CUST_000419,Spain,Consumer,2022-06-21,Monthly,493.56
CUST_000420,Netherlands,SMB,2024-09-01,Two-Year,471.34
CUST_000421,France,Consumer,2023-09-05,Annual,348.73
CUST_000422,Spain,Consumer,2023-11-21,Annual,196.09
CUST_000423,Spain,Consumer,2022-04-06,Annual,210.3
CUST_000424,Spain,Consumer,2022-08-06,Monthly,38.34
CUST_000425,France,SMB,2025-04-16,Annual,182.38
CUST_000426,Italy,Consumer,2024-02-04,Annual,396.5
CUST_000427,Spain,Consumer,2021-08-27,Annual,269.29
CUST_000428,Italy,SMB,2023-09-23,Two-Year,248.81
CUST_000429,Spain,Consumer,2024-02-04,Annual,63.73
CUST_000430,Italy,SMB,2024-12-27,Monthly,461.12
CUST_000431,Netherlands,Consumer,2025-04-07,Monthly,155.88
CUST_000432,Italy,SMB,2024-04-08,Two-Year,203.79
CUST_000433,France,Consumer,2021-01-23,Annual,178.74
CUST_000434,Italy,Consumer,2023-06-27,Two-Year,177.79
CUST_000435,Spain,Consumer,2022-01-13,Monthly,307.68
CUST_000436,Spain,Enterprise,2021-02-04,Annual,320.98
CUST_000437,Spain,Consumer,2025-08-14,Two-Year,307.31
CUST_000438,Germany,Enterprise,2021-11-01,Annual,52.88
CUST_000439,France,Enterprise,2022-03-25,Monthly,485.38
CUST_000440,France,Consumer,2022-09-07,Monthly,362.71
CUST_000441,Italy,Consumer,2023-05-01,Two-Year,443.71
CUST_000442,Spain,Consumer,2024-01-04,Annual,96.64
CUST_000443,France,Enterprise,2022-07-21,Monthly,467.41
CUST_000444,Spain,SMB,2024-12-17,Annual,366.41
CUST_000445,Spain,Consumer,2021-10-15,Monthly,260.34
CUST_000446,France,Consumer,2025-10-19,Monthly,31.1
CUST_000447,Netherlands,SMB,2025-04-12,Monthly,141.53
CUST_000448,France,Consumer,2024-01-01,Monthly,422.6
CUST_000449,Spain,Consumer,2021-03-30,Annual,202.01
CUST_000450,France,Consumer,2024-08-23,Monthly,345.57
CUST_000451,Spain,Consumer,2024-07-10,Annual,370.78
CUST_000452,Italy,Enterprise,2024-02-09,Monthly,392.31
CUST_000453,France,SMB,2022-05-27,Monthly,203.53
CUST_000454,Spain,Consumer,2023-02-25,Monthly,456.72
CUST_000455,Spain,Consumer,2023-01-29,Monthly,160.26
CUST_000456,Spain,SMB,2024-01-19,Annual,421.31
CUST_000457,Netherlands,Consumer,2022-08-28,Two-Year,223.87
CUST_000458,Germany,Consumer,2023-01-02,Annual,132.43
CUST_000459,Italy,Consumer,2025-07-16,Annual,184.86
CUST_000460,France,SMB,2023-04-09,Two-Year,403.79
CUST_000461,France,Enterprise,2023-12-22,Annual,315.14
CUST_000462,Spain,SMB,2025-07-22,Annual,85.61
CUST_000463,Netherlands,Consumer,2025-09-22,Annual,79.5
CUST_000464,Germany,SMB,2023-10-27,Monthly,349.86
CUST_000465,France,Consumer,2022-04-30,Monthly,134.96
CUST_000466,France,Enterprise,2021-07-03,Annual,120.16
CUST_000467,France,Consumer,2025-04-20,Annual,379.76
CUST_000468,Netherlands,Consumer,2023-08-15,Monthly,174.87
CUST_000469,Spain,Consumer,2023-11-01,Two-Year,52.79
CUST_000470,Germany,Consumer,2025-10-07,Monthly,223.92
CUST_000471,Germany,Consumer,2022-11-09,Annual,293.21
CUST_000472,Germany,Consumer,2021-07-02,Two-Year,308.71
CUST_000473,Spain,SMB,2024-05-14,Monthly,48.08
CUST_000474,Spain,SMB,2025-11-09,Two-Year,237.71
CUST_000475,Spain,Consumer,2021-11-07,Annual,192.59
CUST_000476,Germany,Consumer,2025-12-09,Annual,235.49
CUST_000477,Germany,Consumer,2023-09-16,Two-Year,40.01
CUST_000478,France,Consumer,2023-10-21,Annual,161.89
CUST_000479,France,Consumer,2025-10-19,Monthly,328.86
CUST_000480,Germany,Enterprise,2022-08-31,Annual,80.44
CUST_000481,Germany,Enterprise,2024-09-23,Monthly,480.43
CUST_000482,Spain,Consumer,2021-01-16,Monthly,497.08
CUST_000483,France,SMB,2024-05-10,Monthly,193.01
CUST_000484,Germany,SMB,2021-01-29,Monthly,346.86
CUST_000485,Spain,Consumer,2021-01-08,Annual,324.96
CUST_000486,Germany,SMB,2022-12-10,Two-Year,100.24
CUST_000487,Germany,Consumer,2022-11-12,Two-Year,206.33
CUST_000488,Spain,Consumer,2024-11-30,Monthly,490.71
CUST_000489,France,Enterprise,2025-06-16,Annual,81.28
CUST_000490,France,SMB,2025-09-17,Annual,296.08
CUST_000491,France,Consumer,2024-02-13,Monthly,307.61
CUST_000492,France,Consumer,2021-10-10,Annual,100.41
CUST_000493,France,Enterprise,2024-05-09,Monthly,276.92
CUST_000494,Germany,Consumer,2023-06-10,Two-Year,460.38
CUST_000495,Italy,Enterprise,2023-08-25,Monthly,75.51
CUST_000496,Germany,Enterprise,2023-07-06,Annual,111.08
CUST_000497,Germany,Consumer,2025-06-01,Two-Year,142.7
CUST_000498,France,SMB,2022-11-26,Annual,380.47
CUST_000499,Germany,SMB,2025-10-27,Monthly,297.08
CUST_000500,Germany,SMB,2023-09-13,Monthly,261.7
CUST_000501,France,Consumer,2024-06-10,Two-Year,400.19
CUST_000502,Italy,Consumer,2025-08-17,Monthly,489.57
CUST_000503,Netherlands,Consumer,2025-01-27,Monthly,114.06
CUST_000504,Germany,SMB,2023-03-12,Two-Year,409.78
CUST_000505,Germany,SMB,2022-01-08,Annual,197.64
CUST_000506,Italy,SMB,2021-09-09,Annual,90.08
CUST_000507,Germany,Consumer,2022-10-27,Monthly,143.13
CUST_000508,Italy,Consumer,2024-04-30,Monthly,211.66
CUST_000509,Germany,Consumer,2024-12-29,Annual,451.6
CUST_000510,Spain,SMB,2021-02-27,Monthly,249.64
CUST_000511,Spain,Consumer,2023-04-24,Monthly,314.87
CUST_000512,Italy,SMB,2025-09-13,Monthly,35.95
CUST_000513,Spain,Consumer,2025-02-10,Annual,50.72
CUST_000514,Spain,Consumer,2025-09-13,Monthly,470.4
CUST_000515,Germany,Enterprise,2025-10-14,Two-Year,422.39
CUST_000516,Spain,Consumer,2021-06-18,Monthly,255.03
CUST_000517,Germany,Consumer,2024-05-28,Monthly,116.19
CUST_000518,France,SMB,2023-10-03,Two-Year,39.28
CUST_000519,Spain,Consumer,2023-05-22,Two-Year,488.17
CUST_000520,Italy,Enterprise,2024-12-27,Annual,22.72
CUST_000521,Italy,Enterprise,2025-09-03,Two-Year,134.07
CUST_000522,Germany,SMB,2023-04-29,Monthly,348.27
CUST_000523,Spain,Consumer,2024-03-30,Monthly,470.19
CUST_000524,France,Consumer,2023-05-25,Monthly,76.19
CUST_000525,Spain,Enterprise,2024-03-06,Monthly,391.47
CUST_000526,Germany,Consumer,2025-11-07,Annual,179.25
CUST_000527,Netherlands,Enterprise,2025-01-21,Annual,346.26
CUST_000528,Netherlands,SMB,2022-02-25,Monthly,66.38
CUST_000529,Italy,Consumer,2025-05-02,Monthly,435.11
CUST_000530,Germany,Consumer,2023-08-20,Two-Year,359.47
CUST_000531,France,SMB,2023-12-04,Annual,478.69
CUST_000532,France,Consumer,2021-07-29,Monthly,261.16
CUST_000533,Germany,Consumer,2023-03-24,Monthly,446.09
CUST_000534,France,SMB,2022-07-07,Monthly,279.39
CUST_000535,Spain,Consumer,2021-06-10,Monthly,266.14
CUST_000536,Spain,Consumer,2025-04-03,Monthly,65.41
CUST_000537,Germany,SMB,2021-08-24,Annual,410.8
CUST_000538,Spain,SMB,2024-08-01,Monthly,217.86
CUST_000539,Spain,Consumer,2024-09-22,Annual,308.01
CUST_000540,Italy,Enterprise,2024-01-23,Monthly,332.33
CUST_000541,Netherlands,Enterprise,2025-03-15,Monthly,391.91
CUST_000542,France,Consumer,2021-07-27,Monthly,296.17
CUST_000543,Italy,Consumer,2021-01-30,Two-Year,317.56
CUST_000544,Netherlands,SMB,2025-04-03,Annual,269.96
CUST_000545,Spain,Consumer,2021-12-01,Monthly,314.7
CUST_000546,Germany,SMB,2022-06-29,Monthly,233.23
CUST_000547,Germany,Consumer,2024-06-13,Annual,392.68
CUST_000548,Spain,Consumer,2023-09-04,Monthly,409.04
CUST_000549,Italy,Consumer,2022-01-02,Annual,268.21
CUST_000550,Germany,Consumer,2022-03-03,Two-Year,90.38
CUST_000551,Germany,Enterprise,2025-03-07,Monthly,199.28
CUST_000552,Spain,Consumer,2023-08-09,Annual,423.17
CUST_000553,Spain,Enterprise,2025-08-12,Annual,460.04
CUST_000554,Netherlands,Consumer,2023-10-24,Annual,148.19
CUST_000555,Spain,SMB,2024-04-26,Monthly,471.73
CUST_000556,Spain,Enterprise,2022-09-14,Annual,152.82
CUST_000557,Spain,Consumer,2021-02-24,Monthly,461.06
CUST_000558,Germany,Consumer,2023-07-13,Annual,469.01
CUST_000559,France,SMB,2024-08-26,Annual,262.32
CUST_000560,Germany,SMB,2023-01-12,Monthly,476.27
CUST_000561,Spain,Consumer,2025-04-20,Two-Year,283.65
CUST_000562,Spain,Consumer,2024-06-27,Annual,201.87
CUST_000563,Italy,SMB,2023-07-14,Annual,408.88
CUST_000564,France,Consumer,2023-09-21,Two-Year,72.09
CUST_000565,France,SMB,2022-02-20,Annual,123.99
CUST_000566,France,Consumer,2025-05-23,Monthly,122.36
CUST_000567,Italy,Consumer,2021-04-19,Annual,318.6
CUST_000568,Spain,SMB,2021-04-01,Annual,360.26
CUST_000569,Germany,Consumer,2024-12-02,Annual,421.96
CUST_000570,Germany,Enterprise,2021-02-18,Two-Year,451.93
CUST_000571,Germany,Consumer,2023-07-20,Monthly,440.02
CUST_000572,Italy,Consumer,2021-12-11,Monthly,347.36
CUST_000573,Germany,Consumer,2024-05-28,Monthly,459.12
CUST_000574,Italy,Consumer,2021-08-05,Annual,152.26
CUST_000575,Italy,SMB,2022-04-29,Monthly,368.13
CUST_000576,Germany,SMB,2023-08-19,Monthly,56.8
CUST_000577,Netherlands,SMB,2022-11-21,Monthly,80.11
CUST_000578,France,Consumer,2022-01-01,Annual,128.54
CUST_000579,Italy,Consumer,2021-04-24,Monthly,69.28
CUST_000580,Germany,Consumer,2021-01-30,Monthly,483.52
CUST_000581,Germany,SMB,2021-12-17,Monthly,243.8
CUST_000582,Germany,Consumer,2022-06-01,Monthly,455.22
CUST_000583,Spain,Consumer,2021-08-07,Monthly,248.78
CUST_000584,Germany,Consumer,2023-07-19,Monthly,355.84
CUST_000585,Netherlands,Consumer,2025-06-06,Annual,174.42
CUST_000586,France,SMB,2024-07-28,Monthly,476.32
CUST_000587,Spain,SMB,2022-07-15,Monthly,36.75
CUST_000588,Germany,Enterprise,2023-03-12,Annual,354.75
CUST_000589,Spain,Consumer,2024-11-06,Monthly,476.18
CUST_000590,Spain,Consumer,2025-10-24,Monthly,398.31
CUST_000591,Netherlands,Consumer,2023-10-04,Monthly,417.25
CUST_000592,Germany,SMB,2021-12-31,Monthly,163.6
CUST_000593,Germany,SMB,2025-05-03,Annual,236.89
CUST_000594,France,Consumer,2023-07-28,Two-Year,85.37
CUST_000595,Spain,SMB,2021-02-24,Monthly,200.67
CUST_000596,Spain,Consumer,2022-04-08,Annual,24.05
CUST_000597,France,Consumer,2023-08-31,Two-Year,393.81
CUST_000598,France,Consumer,2025-01-12,Monthly,477.45
CUST_000599,Netherlands,Consumer,2025-04-05,Annual,356.41
CUST_000600,France,Enterprise,2021-12-09,Annual,408.94
CUST_000601,Germany,SMB,2024-08-12,Annual,266.47
CUST_000602,Italy,SMB,2025-10-22,Two-Year,112.0
CUST_000603,Netherlands,Enterprise,2024-12-29,Monthly,365.99
CUST_000604,France,SMB,2024-08-01,Two-Year,163.66
CUST_000605,Netherlands,Consumer,2024-12-24,Monthly,240.57
CUST_000606,Italy,Consumer,2023-10-14,Annual,452.32
CUST_000607,Italy,Consumer,2024-01-13,Monthly,199.01
CUST_000608,Spain,Enterprise,2023-08-31,Monthly,158.9
CUST_000609,France,Enterprise,2025-10-11,Monthly,35.21
CUST_000610,Germany,SMB,2022-10-24,Two-Year,356.7
CUST_000611,France,Consumer,2024-11-19,Annual,123.31
CUST_000612,France,Consumer,2021-02-08,Two-Year,326.92
CUST_000613,Netherlands,Enterprise,2023-02-04,Monthly,195.97
CUST_000614,Netherlands,Consumer,2025-07-30,Monthly,398.08
CUST_000615,Spain,Consumer,2022-03-21,Monthly,447.15
CUST_000616,France,Consumer,2024-12-22,Monthly,133.14
CUST_000617,France,Consumer,2023-07-07,Monthly,400.31
CUST_000618,Germany,SMB,2021-09-04,Two-Year,93.35
CUST_000619,Spain,Enterprise,2021-07-14,Two-Year,87.65
CUST_000620,Spain,SMB,2021-08-11,Monthly,225.65
CUST_000621,Italy,Consumer,2023-04-30,Monthly,175.76
CUST_000622,Germany,Consumer,2022-07-17,Annual,493.84
CUST_000623,Netherlands,Enterprise,2025-06-22,Annual,405.91
CUST_000624,Germany,Consumer,2024-10-25,Annual,447.31
CUST_000625,Netherlands,Consumer,2021-09-19,Annual,85.28
CUST_000626,Germany,SMB,2023-07-08,Monthly,362.7
CUST_000627,Italy,Consumer,2024-10-30,Monthly,310.06
CUST_000628,Spain,Consumer,2024-04-09,Two-Year,67.63
CUST_000629,France,Enterprise,2021-01-18,Annual,400.96
CUST_000630,Italy,SMB,2021-01-12,Two-Year,429.82
CUST_000631,Netherlands,Consumer,2023-12-02,Monthly,458.76
CUST_000632,Italy,Consumer,2025-08-14,Annual,471.11
CUST_000633,Spain,Enterprise,2021-04-03,Monthly,71.75
CUST_000634,Germany,SMB,2021-10-30,Two-Year,443.44
CUST_000635,Spain,SMB,2021-12-11,Monthly,473.77
CUST_000636,Spain,Consumer,2022-08-06,Annual,351.58
CUST_000637,France,Enterprise,2025-06-14,Monthly,108.25
CUST_000638,France,Enterprise,2025-09-26,Monthly,212.4
CUST_000639,Italy,Consumer,2022-07-14,Monthly,63.25
CUST_000640,Italy,Consumer,2024-08-31,Annual,22.04
CUST_000641,France,SMB,2021-01-19,Annual,461.63
CUST_000642,Italy,SMB,2023-07-23,Two-Year,486.72
CUST_000643,Spain,SMB,2024-02-21,Annual,461.26
CUST_000644,Spain,Enterprise,2025-04-25,Annual,141.9
CUST_000645,France,SMB,2025-02-09,Annual,318.13
CUST_000646,Italy,Consumer,2021-04-22,Monthly,259.85
CUST_000647,Spain,Consumer,2023-01-25,Annual,258.1
CUST_000648,Germany,SMB,2021-05-20,Annual,225.6
CUST_000649,France,Consumer,2021-01-18,Annual,471.77
CUST_000650,Spain,Consumer,2021-10-11,Monthly,399.63
CUST_000651,Germany,SMB,2025-08-31,Monthly,426.5
CUST_000652,Italy,Consumer,2022-04-29,Monthly,36.61
CUST_000653,France,SMB,2024-09-12,Two-Year,217.74
CUST_000654,Spain,Consumer,2024-07-18,Annual,307.03
CUST_000655,Italy,Consumer,2025-05-04,Annual,336.19
CUST_000656,Germany,Consumer,2023-08-31,Monthly,449.54
CUST_000657,Italy,SMB,2025-11-16,Annual,100.16
CUST_000658,Spain,SMB,2023-02-17,Monthly,63.22
CUST_000659,France,Consumer,2024-12-09,Monthly,448.74
CUST_000660,Germany,Consumer,2024-11-30,Annual,263.18
CUST_000661,Spain,Consumer,2023-09-20,Monthly,278.82
CUST_000662,Italy,SMB,2022-08-03,Monthly,447.2
CUST_000663,Spain,Enterprise,2021-10-18,Monthly,379.91
CUST_000664,Spain,SMB,2021-06-06,Monthly,370.76
CUST_000665,Germany,Consumer,2023-07-01,Two-Year,109.29
CUST_000666,France,SMB,2022-12-26,Annual,318.28
CUST_000667,Italy,Consumer,2022-01-17,Two-Year,236.03
CUST_000668,Netherlands,Consumer,2024-10-31,Two-Year,313.3
CUST_000669,Spain,Consumer,2021-10-24,Monthly,296.33
CUST_000670,Germany,Consumer,2023-05-16,Monthly,32.61
CUST_000671,Spain,Consumer,2023-02-22,Annual,185.06
CUST_000672,France,SMB,2025-11-20,Monthly,239.75
CUST_000673,Netherlands,Consumer,2021-07-10,Two-Year,260.11
CUST_000674,France,SMB,2025-04-13,Monthly,67.75
CUST_000675,France,Enterprise,2024-06-03,Annual,451.3
CUST_000676,Germany,Consumer,2024-12-15,Annual,180.47
CUST_000677,Netherlands,Consumer,2024-11-21,Two-Year,254.92
CUST_000678,Germany,SMB,2024-11-12,Annual,338.59
CUST_000679,Spain,Consumer,2023-03-06,Annual,365.16
CUST_000680,Germany,Consumer,2023-11-28,Monthly,201.45
CUST_000681,Spain,Consumer,2022-10-29,Annual,81.97
CUST_000682,Spain,SMB,2025-07-04,Annual,119.51
CUST_000683,Spain,SMB,2022-02-17,Annual,99.22
CUST_000684,Germany,SMB,2023-12-14,Annual,137.19
CUST_000685,France,SMB,2022-01-21,Monthly,309.75
CUST_000686,Germany,Consumer,2022-11-12,Monthly,277.16
CUST_000687,Germany,SMB,2025-10-25,Two-Year,100.94
CUST_000688,Netherlands,Enterprise,2021-12-24,Monthly,347.13
CUST_000689,Italy,Consumer,2025-06-06,Annual,50.58
CUST_000690,Germany,Enterprise,2025-01-24,Annual,456.61
CUST_000691,Spain,Enterprise,2022-10-31,Two-Year,291.77
CUST_000692,Italy,Consumer,2022-11-09,Monthly,303.4
CUST_000693,Spain,Consumer,2021-01-11,Monthly,157.23
CUST_000694,Germany,Consumer,2024-12-15,Two-Year,265.59
CUST_000695,Netherlands,SMB,2024-05-01,Annual,224.6
CUST_000696,Germany,Consumer,2025-11-30,Annual,476.36
CUST_000697,France,Consumer,2022-06-17,Monthly,56.59
CUST_000698,France,SMB,2022-12-30,Monthly,240.19
CUST_000699,France,Enterprise,2024-06-07,Two-Year,399.93
CUST_000700,Spain,SMB,2022-09-15,Annual,281.4
CUST_000701,Spain,SMB,2022-08-06,Two-Year,291.3
CUST_000702,Germany,Consumer,2021-11-07,Two-Year,457.38
CUST_000703,Spain,Consumer,2025-12-10,Annual,200.33
CUST_000704,Italy,SMB,2023-05-18,Annual,20.99
CUST_000705,Spain,Consumer,2024-11-06,Annual,464.32
CUST_000706,France,Consumer,2024-04-09,Annual,35.87
CUST_000707,Italy,Enterprise,2023-12-31,Annual,402.75
CUST_000708,Italy,Consumer,2022-07-26,Monthly,87.01
CUST_000709,Germany,SMB,2022-07-30,Two-Year,29.93
CUST_000710,Germany,SMB,2023-06-06,Annual,190.24
CUST_000711,Netherlands,SMB,2021-09-05,Two-Year,434.75
CUST_000712,France,Consumer,2023-09-08,Monthly,37.73
CUST_000713,Italy,Consumer,2021-06-15,Monthly,146.09
CUST_000714,Netherlands,Consumer,2022-05-18,Annual,153.94
CUST_000715,Italy,SMB,2024-03-01,Annual,65.51
CUST_000716,Spain,Consumer,2021-02-12,Monthly,64.43
CUST_000717,France,Consumer,2021-03-24,Monthly,455.93
CUST_000718,Spain,SMB,2022-01-29,Annual,353.74
CUST_000719,France,Consumer,2024-10-12,Two-Year,169.35
CUST_000720,Netherlands,Consumer,2025-01-06,Monthly,134.39
CUST_000721,Germany,Consumer,2021-01-02,Monthly,40.58
CUST_000722,Germany,Consumer,2022-05-23,Monthly,192.22
CUST_000723,Spain,Consumer,2021-04-14,Monthly,164.54
CUST_000724,Netherlands,Consumer,2021-01-26,Monthly,460.2
CUST_000725,Spain,Enterprise,2025-09-17,Annual,125.84
CUST_000726,Spain,Enterprise,2023-02-15,Annual,214.47
CUST_000727,Spain,SMB,2024-12-23,Monthly,347.37
CUST_000728,Spain,SMB,2024-05-31,Monthly,174.17
CUST_000729,Germany,SMB,2023-04-01,Two-Year,395.26
CUST_000730,Germany,Enterprise,2024-10-05,Monthly,368.6
CUST_000731,Germany,Consumer,2022-03-31,Annual,37.03
CUST_000732,Spain,Consumer,2023-01-26,Monthly,430.8
CUST_000733,Spain,SMB,2022-11-23,Annual,194.67
CUST_000734,Germany,Enterprise,2023-11-11,Annual,66.01
CUST_000735,Spain,Consumer,2022-01-20,Monthly,355.21
CUST_000736,France,Consumer,2024-09-23,Annual,378.63
CUST_000737,Spain,Consumer,2025-03-18,Annual,54.08
CUST_000738,Germany,Consumer,2025-06-12,Monthly,189.88
CUST_000739,Germany,SMB,2025-06-21,Annual,449.83
CUST_000740,Germany,Consumer,2024-03-14,Monthly,341.33
CUST_000741,Spain,Enterprise,2024-12-28,Monthly,276.28
CUST_000742,Spain,SMB,2024-06-15,Two-Year,261.97
CUST_000743,Italy,Consumer,2025-10-07,Monthly,312.04
CUST_000744,Spain,SMB,2021-06-30,Monthly,333.45
CUST_000745,Germany,SMB,2021-12-29,Monthly,53.04
CUST_000746,Germany,Consumer,2023-02-07,Two-Year,180.39
CUST_000747,Germany,Consumer,2024-02-08,Monthly,272.79
CUST_000748,Germany,SMB,2025-06-12,Monthly,370.56
CUST_000749,Italy,Consumer,2021-06-22,Annual,376.53
CUST_000750,Italy,Consumer,2021-10-21,Annual,310.64
CUST_000751,Spain,Consumer,2025-04-21,Annual,301.53
CUST_000752,Germany,Consumer,2022-07-20,Two-Year,196.52
CUST_000753,Spain,SMB,2021-01-31,Monthly,420.66
CUST_000754,Germany,Consumer,2024-05-22,Annual,459.87
CUST_000755,France,SMB,2025-05-22,Annual,426.23
CUST_000756,Spain,Consumer,2025-07-06,Monthly,438.52
CUST_000757,Germany,SMB,2025-04-09,Two-Year,456.23
CUST_000758,Netherlands,Consumer,2021-04-18,Annual,116.99
CUST_000759,Spain,Enterprise,2021-09-04,Monthly,266.66
CUST_000760,Germany,Enterprise,2025-05-09,Monthly,276.58
CUST_000761,France,Consumer,2024-06-19,Monthly,253.0
CUST_000762,Spain,SMB,2022-02-07,Two-Year,427.27
CUST_000763,Spain,Consumer,2022-12-09,Monthly,176.02
CUST_000764,Spain,SMB,2025-04-21,Two-Year,97.43
CUST_000765,Netherlands,SMB,2025-08-24,Monthly,151.66
CUST_000766,Spain,Consumer,2025-06-12,Two-Year,88.7
CUST_000767,Spain,Consumer,2023-04-21,Annual,214.3
CUST_000768,Spain,Consumer,2024-11-17,Monthly,76.07
CUST_000769,Spain,SMB,2021-03-24,Monthly,62.04
CUST_000770,France,SMB,2025-08-14,Annual,236.48
CUST_000771,Spain,Consumer,2022-02-10,Monthly,308.55
CUST_000772,France,Consumer,2025-10-22,Monthly,311.67
CUST_000773,France,Consumer,2021-01-30,Annual,64.3
CUST_000774,Italy,Consumer,2025-08-17,Two-Year,486.36
CUST_000775,Spain,Consumer,2023-08-20,Annual,78.44
CUST_000776,Italy,Consumer,2023-07-26,Two-Year,337.02
CUST_000777,France,Enterprise,2024-05-20,Annual,446.55
CUST_000778,Spain,Consumer,2023-04-27,Annual,444.69
CUST_000779,Italy,SMB,2025-10-03,Monthly,265.82
CUST_000780,Italy,Consumer,2021-07-12,Annual,153.18
CUST_000781,Spain,Consumer,2024-04-13,Annual,417.38
CUST_000782,Netherlands,SMB,2022-01-30,Annual,314.04
CUST_000783,Germany,Consumer,2021-03-10,Two-Year,399.7
CUST_000784,France,Consumer,2024-04-06,Monthly,212.0
CUST_000785,Netherlands,Enterprise,2024-05-22,Annual,458.45
CUST_000786,Germany,Enterprise,2021-08-21,Annual,466.2
CUST_000787,Italy,SMB,2024-08-20,Monthly,373.93
CUST_000788,Germany,Consumer,2025-09-17,Monthly,472.43
CUST_000789,Italy,Consumer,2024-06-23,Two-Year,237.68
CUST_000790,France,Consumer,2022-02-19,Monthly,113.34
CUST_000791,Spain,Enterprise,2021-06-04,Annual,334.83
CUST_000792,Germany,SMB,2021-06-10,Annual,333.62
CUST_000793,Germany,Consumer,2024-02-04,Two-Year,255.83
CUST_000794,Spain,Enterprise,2022-03-06,Annual,145.1
CUST_000795,Spain,Consumer,2022-11-09,Monthly,319.68
CUST_000796,Germany,Consumer,2021-03-31,Monthly,106.77
CUST_000797,Spain,Consumer,2023-03-16,Annual,381.58
CUST_000798,Spain,Consumer,2021-10-31,Monthly,455.27
CUST_000799,France,Enterprise,2023-02-21,Annual,99.98
CUST_000800,France,Enterprise,2023-12-10,Monthly,413.73
CUST_000801,France,Consumer,2025-10-21,Monthly,115.27
CUST_000802,Germany,Consumer,2022-06-13,Two-Year,260.2
CUST_000803,Italy,Consumer,2022-08-10,Two-Year,466.04
CUST_000804,France,Consumer,2025-01-02,Annual,59.7
CUST_000805,Spain,Consumer,2025-10-07,Monthly,63.09
CUST_000806,Spain,Consumer,2023-01-10,Two-Year,480.19
CUST_000807,France,Consumer,2022-09-24,Annual,96.25
CUST_000808,Spain,Consumer,2024-07-27,Two-Year,184.18
CUST_000809,Germany,Consumer,2024-10-04,Monthly,240.32
CUST_000810,Netherlands,Enterprise,2024-07-17,Monthly,23.21
CUST_000811,Spain,Consumer,2024-03-14,Annual,110.28
CUST_000812,Spain,Consumer,2021-09-05,Two-Year,417.63
CUST_000813,Netherlands,Consumer,2022-04-24,Monthly,269.05
CUST_000814,France,SMB,2021-04-14,Monthly,209.07
CUST_000815,Spain,Consumer,2022-12-13,Annual,347.35
CUST_000816,Italy,Consumer,2025-03-18,Two-Year,175.89
CUST_000817,Italy,SMB,2022-02-13,Annual,230.5
CUST_000818,Germany,SMB,2024-07-03,Two-Year,496.99
CUST_000819,France,Consumer,2023-02-08,Annual,391.66
CUST_000820,Spain,Consumer,2021-11-16,Two-Year,285.91
CUST_000821,Spain,Enterprise,2022-02-12,Annual,272.84
CUST_000822,France,Consumer,2024-05-26,Monthly,425.25
CUST_000823,Spain,Consumer,2024-12-15,Annual,308.42
CUST_000824,France,Consumer,2022-08-25,Annual,182.85
CUST_000825,Italy,Consumer,2025-08-03,Monthly,220.54
CUST_000826,Spain,SMB,2021-04-14,Monthly,108.03
CUST_000827,France,SMB,2023-11-16,Annual,480.57
CUST_000828,Spain,Consumer,2022-02-22,Annual,333.06
CUST_000829,Italy,SMB,2025-06-17,Monthly,211.31
CUST_000830,Spain,Consumer,2024-10-12,Two-Year,192.75
CUST_000831,France,SMB,2021-04-18,Monthly,455.36
CUST_000832,France,Consumer,2022-12-15,Monthly,192.95
CUST_000833,Germany,Consumer,2024-09-23,Monthly,383.06
CUST_000834,France,SMB,2023-09-22,Monthly,421.0
CUST_000835,France,Consumer,2023-06-14,Monthly,456.7
CUST_000836,France,Consumer,2021-09-07,Annual,199.06
CUST_000837,Italy,Consumer,2023-11-08,Annual,387.36
CUST_000838,Netherlands,SMB,2021-06-19,Annual,176.9
CUST_000839,Germany,Consumer,2022-08-06,Two-Year,473.13
CUST_000840,Germany,SMB,2022-03-13,Two-Year,25.36
CUST_000841,Spain,SMB,2024-04-14,Monthly,293.69
CUST_000842,Italy,SMB,2023-05-13,Monthly,264.78
CUST_000843,Germany,Consumer,2023-02-16,Monthly,441.26
CUST_000844,Germany,SMB,2025-03-27,Annual,123.83
CUST_000845,Spain,Consumer,2022-12-13,Monthly,61.9
CUST_000846,Italy,Enterprise,2024-10-25,Annual,426.29
CUST_000847,Germany,SMB,2025-06-10,Annual,188.05
CUST_000848,France,Consumer,2021-10-20,Annual,175.96
CUST_000849,Spain,SMB,2024-09-21,Monthly,70.55
CUST_000850,Netherlands,Consumer,2021-05-11,Monthly,461.63
CUST_000851,Spain,Consumer,2024-03-16,Monthly,323.82
CUST_000852,Spain,Consumer,2022-02-16,Annual,352.25
CUST_000853,Italy,SMB,2022-04-13,Annual,451.01
CUST_000854,Netherlands,SMB,2025-04-06,Annual,425.05
CUST_000855,Spain,Enterprise,2021-12-07,Annual,236.87
CUST_000856,Germany,Consumer,2023-07-31,Annual,96.69
CUST_000857,France,SMB,2024-11-27,Monthly,342.71
CUST_000858,Italy,SMB,2025-01-13,Monthly,332.34
CUST_000859,Germany,SMB,2022-01-09,Monthly,42.6
CUST_000860,Germany,Consumer,2022-11-06,Monthly,451.71
CUST_000861,France,Consumer,2023-10-23,Monthly,180.91
CUST_000862,France,SMB,2023-12-15,Annual,225.81
CUST_000863,Italy,Consumer,2021-10-26,Monthly,266.62
CUST_000864,France,Consumer,2023-12-22,Monthly,457.77
CUST_000865,Spain,Consumer,2021-01-03,Monthly,101.84
CUST_000866,Netherlands,Consumer,2024-02-19,Monthly,196.97
CUST_000867,Italy,Consumer,2024-09-05,Monthly,260.64
CUST_000868,Italy,Consumer,2023-05-09,Monthly,496.11
CUST_000869,Spain,SMB,2022-03-25,Monthly,231.08
CUST_000870,Spain,Enterprise,2022-03-13,Two-Year,211.3
CUST_000871,France,Consumer,2024-06-14,Monthly,468.81
CUST_000872,Spain,Consumer,2023-02-22,Monthly,337.52
CUST_000873,Netherlands,SMB,2025-08-24,Monthly,98.52
CUST_000874,Germany,Consumer,2025-11-15,Monthly,104.38
CUST_000875,France,Enterprise,2023-03-04,Annual,329.34
CUST_000876,Italy,Consumer,2022-05-12,Monthly,244.19
CUST_000877,Germany,Consumer,2025-01-22,Two-Year,24.3
CUST_000878,Germany,Consumer,2024-08-16,Two-Year,235.32
CUST_000879,France,Consumer,2021-10-28,Annual,471.05
CUST_000880,France,SMB,2025-09-22,Monthly,378.74
CUST_000881,Germany,Consumer,2022-01-01,Monthly,288.13
CUST_000882,France,Enterprise,2023-10-31,Monthly,113.69
CUST_000883,Netherlands,SMB,2021-12-08,Annual,181.11
CUST_000884,Germany,Enterprise,2023-06-13,Monthly,498.39
CUST_000885,Spain,Enterprise,2024-02-15,Annual,336.35
CUST_000886,Germany,Consumer,2021-08-09,Monthly,152.62
CUST_000887,Germany,Consumer,2022-04-19,Monthly,374.24
CUST_000888,Spain,SMB,2024-10-07,Monthly,63.86
CUST_000889,Spain,Consumer,2025-10-12,Monthly,197.88
CUST_000890,France,Consumer,2025-07-23,Annual,129.98
CUST_000891,Germany,Consumer,2024-10-04,Annual,450.08
CUST_000892,Netherlands,Consumer,2025-11-26,Monthly,372.87
CUST_000893,Spain,Enterprise,2021-10-29,Monthly,258.8
CUST_000894,Spain,Consumer,2022-01-04,Two-Year,215.74
CUST_000895,Italy,SMB,2023-01-11,Monthly,432.12
CUST_000896,Italy,Enterprise,2025-08-08,Annual,113.81
CUST_000897,Spain,Consumer,2024-12-29,Monthly,55.89
CUST_000898,Spain,SMB,2022-11-08,Annual,428.85
CUST_000899,Spain,Consumer,2021-01-30,Annual,431.12
CUST_000900,Germany,Consumer,2024-02-05,Monthly,136.68
CUST_000901,Germany,Consumer,2022-07-18,Annual,113.74
CUST_000902,Spain,Consumer,2022-02-13,Annual,366.23
CUST_000903,Spain,Consumer,2022-01-27,Monthly,88.82
CUST_000904,Germany,Consumer,2022-03-30,Annual,318.54
CUST_000905,Netherlands,Consumer,2022-08-06,Monthly,356.59
CUST_000906,France,Consumer,2024-02-05,Monthly,318.55
CUST_000907,Germany,SMB,2021-10-27,Annual,224.93
CUST_000908,Spain,Consumer,2023-06-05,Two-Year,411.77
CUST_000909,Spain,SMB,2025-08-10,Monthly,466.39
CUST_000910,Spain,Enterprise,2025-10-27,Annual,358.74
CUST_000911,Italy,SMB,2025-02-23,Monthly,221.1
CUST_000912,Italy,Consumer,2022-04-28,Annual,497.94
CUST_000913,Netherlands,SMB,2021-09-25,Monthly,235.72
CUST_000914,Netherlands,SMB,2025-05-23,Annual,75.81
CUST_000915,Netherlands,Enterprise,2023-01-08,Monthly,107.64
CUST_000916,Netherlands,Enterprise,2023-04-21,Monthly,187.01
CUST_000917,Spain,Consumer,2023-02-18,Annual,102.14
CUST_000918,Spain,SMB,2021-09-03,Monthly,393.58
CUST_000919,Germany,SMB,2024-08-10,Monthly,26.77
CUST_000920,France,Consumer,2022-03-13,Monthly,214.82
CUST_000921,Spain,Consumer,2022-03-02,Annual,441.54
CUST_000922,Italy,SMB,2024-10-11,Monthly,76.51
CUST_000923,France,SMB,2024-07-25,Annual,296.52
CUST_000924,Germany,Consumer,2025-02-18,Monthly,468.25
CUST_000925,Spain,Consumer,2024-07-13,Annual,54.37
CUST_000926,Spain,Consumer,2021-03-14,Two-Year,187.87
CUST_000927,Spain,Consumer,2023-02-01,Monthly,38.08
CUST_000928,Italy,Enterprise,2023-01-19,Annual,347.45
CUST_000929,France,Enterprise,2022-08-11,Monthly,220.4
CUST_000930,France,Consumer,2023-06-22,Monthly,474.71
CUST_000931,Spain,Consumer,2023-06-27,Annual,351.82
CUST_000932,Germany,SMB,2024-01-29,Two-Year,308.93
CUST_000933,Germany,SMB,2025-10-19,Annual,456.95
CUST_000934,Italy,Consumer,2024-04-03,Two-Year,82.24
CUST_000935,Italy,Consumer,2025-08-31,Monthly,396.05
CUST_000936,Spain,Consumer,2025-02-25,Annual,370.31
CUST_000937,Netherlands,SMB,2024-09-02,Monthly,343.16
CUST_000938,Spain,SMB,2022-05-15,Two-Year,326.28
CUST_000939,Italy,Consumer,2023-11-22,Annual,79.7
CUST_000940,Spain,Enterprise,2021-07-24,Monthly,410.74
CUST_000941,Spain,SMB,2025-08-14,Annual,324.87
CUST_000942,Italy,Enterprise,2021-12-07,Annual,390.31
CUST_000943,Spain,Consumer,2022-03-12,Two-Year,440.52
CUST_000944,Germany,Consumer,2025-09-07,Annual,280.36
CUST_000945,Germany,Enterprise,2021-08-11,Two-Year,479.3
CUST_000946,Spain,Enterprise,2023-09-26,Annual,72.42
CUST_000947,France,Enterprise,2023-11-16,Annual,21.94
CUST_000948,Italy,SMB,2022-02-05,Annual,178.37
CUST_000949,Italy,Consumer,2022-12-13,Monthly,123.94
CUST_000950,Germany,Consumer,2024-12-05,Monthly,285.73
CUST_000951,Germany,Consumer,2024-07-23,Two-Year,154.54
CUST_000952,Spain,Enterprise,2023-12-08,Two-Year,350.31
CUST_000953,Spain,Consumer,2023-09-21,Two-Year,473.76
CUST_000954,Spain,SMB,2022-11-02,Monthly,389.24
CUST_000955,Netherlands,Enterprise,2024-02-13,Monthly,221.72
CUST_000956,Italy,Enterprise,2021-02-03,Two-Year,493.04
CUST_000957,Italy,Enterprise,2021-05-09,Monthly,390.17
CUST_000958,Germany,Consumer,2024-11-30,Monthly,409.22
CUST_000959,Germany,Consumer,2021-11-15,Monthly,118.28
CUST_000960,Germany,Enterprise,2024-08-03,Two-Year,349.71
CUST_000961,Germany,Consumer,2021-01-30,Annual,53.9
CUST_000962,Germany,Consumer,2022-04-24,Monthly,132.95
CUST_000963,Spain,Enterprise,2025-09-10,Annual,27.89
CUST_000964,Spain,SMB,2022-05-01,Monthly,358.51
CUST_000965,Netherlands,Consumer,2025-11-30,Annual,30.05
CUST_000966,Germany,Consumer,2022-05-11,Annual,235.6
CUST_000967,Netherlands,Consumer,2024-03-07,Annual,331.46
CUST_000968,Spain,Enterprise,2024-05-09,Monthly,166.4
CUST_000969,France,SMB,2024-03-03,Monthly,196.29
CUST_000970,Spain,Consumer,2022-06-22,Monthly,436.72
CUST_000971,Spain,Consumer,2024-10-17,Two-Year,452.68
CUST_000972,Spain,Enterprise,2022-07-21,Monthly,432.18
CUST_000973,Spain,Enterprise,2025-01-26,Monthly,379.97
CUST_000974,Netherlands,Consumer,2022-11-19,Monthly,153.21
CUST_000975,Germany,SMB,2025-03-09,Two-Year,55.85
CUST_000976,France,Consumer,2025-11-25,Annual,254.57
CUST_000977,Germany,Consumer,2024-10-10,Monthly,463.71
CUST_000978,Germany,Consumer,2023-04-21,Annual,127.22
CUST_000979,Germany,Consumer,2023-02-12,Monthly,120.58
CUST_000980,Spain,Consumer,2022-11-21,Annual,394.23
CUST_000981,Netherlands,Consumer,2022-10-04,Two-Year,304.15
CUST_000982,Italy,Consumer,2023-05-09,Annual,214.06
CUST_000983,France,Consumer,2023-06-07,Two-Year,434.08
CUST_000984,Germany,Consumer,2024-08-06,Annual,299.61
CUST_000985,Spain,SMB,2025-06-13,Monthly,461.73
CUST_000986,Netherlands,Consumer,2025-06-02,Annual,196.71
CUST_000987,Germany,Consumer,2024-01-09,Annual,233.16
CUST_000988,Spain,Enterprise,2025-12-15,Monthly,55.67
CUST_000989,Germany,Consumer,2025-06-20,Annual,196.49
CUST_000990,Italy,Enterprise,2023-06-07,Monthly,106.26
CUST_000991,France,SMB,2023-01-23,Monthly,35.76
CUST_000992,Italy,SMB,2023-04-21,Two-Year,142.77
CUST_000993,Italy,Consumer,2021-02-12,Monthly,255.5
CUST_000994,Spain,Consumer,2022-08-27,Annual,138.73
CUST_000995,Netherlands,SMB,2022-12-01,Monthly,72.36
CUST_000996,Germany,SMB,2024-11-23,Annual,236.74
CUST_000997,France,Consumer,2022-04-25,Two-Year,90.97
CUST_000998,Spain,SMB,2024-04-12,Annual,61.28
CUST_000999,Netherlands,Consumer,2022-08-12,Annual,480.89
CUST_001000,Spain,Enterprise,2022-10-26,Monthly,248.46
CUST_001001,Spain,SMB,2021-05-06,Monthly,405.12
CUST_001002,Germany,Consumer,2023-08-05,Annual,101.98
CUST_001003,Spain,Enterprise,2021-06-27,Annual,241.54
CUST_001004,Spain,Enterprise,2022-01-11,Annual,63.16
CUST_001005,France,SMB,2023-07-06,Annual,217.66
CUST_001006,Germany,Consumer,2024-06-21,Monthly,416.67
CUST_001007,Netherlands,SMB,2023-01-08,Monthly,448.52
CUST_001008,Germany,SMB,2022-04-06,Two-Year,269.12
CUST_001009,France,Consumer,2025-06-27,Annual,157.47
CUST_001010,Germany,Enterprise,2022-10-01,Annual,372.07
CUST_001011,France,Consumer,2022-08-09,Annual,326.69
CUST_001012,France,Enterprise,2021-05-05,Two-Year,245.83
CUST_001013,Germany,SMB,2022-10-05,Two-Year,248.17
CUST_001014,Netherlands,Consumer,2022-02-06,Monthly,256.74
CUST_001015,Germany,Enterprise,2022-10-09,Two-Year,182.84
CUST_001016,Spain,Consumer,2021-12-22,Monthly,269.11
CUST_001017,France,Consumer,2021-12-26,Monthly,47.54
CUST_001018,Italy,Consumer,2024-09-04,Two-Year,293.69
CUST_001019,Spain,Consumer,2023-05-17,Monthly,258.18
CUST_001020,Germany,SMB,2024-06-22,Monthly,221.87
CUST_001021,Italy,Consumer,2023-11-20,Annual,175.52
CUST_001022,France,Enterprise,2023-09-10,Two-Year,318.45
CUST_001023,Netherlands,Enterprise,2023-05-02,Monthly,252.79
CUST_001024,Germany,SMB,2022-12-08,Annual,68.4
CUST_001025,France,Consumer,2022-04-24,Annual,199.74
CUST_001026,Germany,SMB,2025-06-13,Monthly,56.72
CUST_001027,Netherlands,Consumer,2023-01-18,Annual,202.0
CUST_001028,Germany,SMB,2025-06-03,Annual,275.76
CUST_001029,France,Consumer,2024-11-03,Annual,207.69
CUST_001030,Germany,Enterprise,2024-01-06,Annual,183.98
CUST_001031,France,Consumer,2025-03-20,Two-Year,154.95
CUST_001032,France,Consumer,2024-04-16,Annual,203.25
CUST_001033,Germany,Enterprise,2025-01-29,Monthly,53.27
CUST_001034,Netherlands,Consumer,2024-12-25,Annual,497.07
CUST_001035,Germany,Enterprise,2024-03-25,Annual,286.56
CUST_001036,France,Enterprise,2024-08-12,Monthly,325.36
CUST_001037,Germany,Consumer,2025-02-01,Annual,107.91
CUST_001038,Germany,Consumer,2022-02-15,Annual,463.23
CUST_001039,Germany,Consumer,2025-05-20,Monthly,294.16
CUST_001040,Spain,SMB,2023-07-09,Monthly,218.9
CUST_001041,Spain,Enterprise,2021-08-12,Annual,362.34
CUST_001042,France,Consumer,2021-10-05,Monthly,166.09
CUST_001043,France,SMB,2024-10-01,Two-Year,468.63
CUST_001044,France,Consumer,2025-01-17,Monthly,101.27
CUST_001045,Spain,SMB,2024-04-09,Annual,419.89
CUST_001046,Germany,SMB,2024-04-08,Annual,483.97
CUST_001047,Spain,Enterprise,2025-04-30,Monthly,256.04
CUST_001048,Italy,Consumer,2025-11-23,Annual,440.8
CUST_001049,Italy,Consumer,2025-02-27,Monthly,54.35
CUST_001050,Spain,Consumer,2021-09-07,Monthly,317.88
CUST_001051,France,Consumer,2025-01-05,Annual,190.99
CUST_001052,Spain,Consumer,2023-07-21,Monthly,194.87
CUST_001053,Spain,Enterprise,2024-12-29,Annual,236.17
CUST_001054,Spain,Consumer,2024-08-15,Annual,306.45
CUST_001055,Spain,Consumer,2024-05-22,Monthly,315.69
CUST_001056,France,SMB,2025-05-03,Monthly,153.57
CUST_001057,Netherlands,Consumer,2021-10-04,Two-Year,204.29
CUST_001058,Spain,Consumer,2025-04-08,Monthly,139.77
CUST_001059,Germany,Enterprise,2022-09-27,Annual,323.62
CUST_001060,France,Consumer,2022-01-04,Monthly,68.98
CUST_001061,Netherlands,Consumer,2024-08-08,Two-Year,223.32
CUST_001062,France,Consumer,2025-11-29,Monthly,489.67
CUST_001063,Spain,Consumer,2021-06-10,Monthly,494.61
CUST_001064,France,Consumer,2025-11-27,Annual,268.62
CUST_001065,Germany,Consumer,2022-09-18,Monthly,138.78
CUST_001066,Netherlands,Consumer,2025-11-05,Annual,300.08
CUST_001067,Germany,Enterprise,2021-03-31,Monthly,254.46
CUST_001068,France,Consumer,2024-01-26,Monthly,40.39
CUST_001069,Spain,Consumer,2023-09-03,Monthly,494.77
CUST_001070,Germany,Consumer,2025-02-28,Annual,177.04
CUST_001071,Italy,Enterprise,2023-05-12,Two-Year,211.65
CUST_001072,France,Consumer,2021-05-19,Monthly,266.51
CUST_001073,Germany,Enterprise,2021-12-02,Two-Year,442.58
CUST_001074,Netherlands,Consumer,2022-04-12,Annual,403.58
CUST_001075,Italy,Enterprise,2025-05-11,Monthly,118.66
CUST_001076,Germany,Consumer,2021-06-17,Monthly,363.89
CUST_001077,Germany,Consumer,2025-03-13,Monthly,439.79
CUST_001078,Germany,Consumer,2023-07-13,Monthly,362.85
CUST_001079,France,Consumer,2023-10-30,Annual,86.81
CUST_001080,Germany,SMB,2025-10-28,Annual,278.67
CUST_001081,Spain,SMB,2024-11-01,Monthly,422.51
CUST_001082,Netherlands,SMB,2024-03-31,Annual,113.9
CUST_001083,Netherlands,Consumer,2025-02-14,Monthly,278.5
CUST_001084,Italy,SMB,2023-04-23,Two-Year,341.38
CUST_001085,Netherlands,Consumer,2025-08-28,Annual,324.98
CUST_001086,France,Enterprise,2024-12-18,Monthly,71.17
CUST_001087,Italy,SMB,2025-11-19,Annual,153.18
CUST_001088,Italy,Consumer,2023-10-02,Monthly,285.02
CUST_001089,Germany,Enterprise,2024-03-19,Two-Year,120.21
CUST_001090,Germany,Consumer,2023-04-16,Monthly,180.18
CUST_001091,Spain,Consumer,2025-08-17,Two-Year,219.24
CUST_001092,France,Consumer,2024-02-24,Two-Year,26.54
CUST_001093,Spain,SMB,2021-10-17,Annual,265.0
CUST_001094,Spain,Consumer,2023-07-24,Annual,497.48
CUST_001095,France,Consumer,2021-09-01,Annual,215.97
CUST_001096,Germany,SMB,2024-03-17,Monthly,151.66
CUST_001097,Spain,Consumer,2024-07-01,Two-Year,141.44
CUST_001098,Italy,SMB,2025-01-05,Monthly,267.28
CUST_001099,Italy,Consumer,2021-10-08,Two-Year,238.89
CUST_001100,Spain,Consumer,2023-04-25,Annual,433.75
CUST_001101,Spain,Enterprise,2022-10-10,Monthly,326.84
CUST_001102,Germany,Consumer,2023-01-28,Monthly,211.35
CUST_001103,Italy,SMB,2025-09-12,Monthly,205.16
CUST_001104,Italy,SMB,2023-10-18,Monthly,282.65
CUST_001105,Spain,Enterprise,2023-03-21,Annual,141.62
CUST_001106,Italy,Consumer,2025-07-11,Monthly,222.97
CUST_001107,Spain,SMB,2023-08-30,Two-Year,156.82
CUST_001108,Germany,Consumer,2023-02-12,Monthly,267.42
CUST_001109,Netherlands,Consumer,2023-09-14,Monthly,282.37
CUST_001110,Spain,Consumer,2025-03-28,Monthly,426.47
CUST_001111,Spain,Consumer,2023-04-07,Monthly,140.57
CUST_001112,Germany,Consumer,2024-02-01,Annual,454.27
CUST_001113,France,Consumer,2021-11-23,Monthly,276.93
CUST_001114,Netherlands,Consumer,2021-01-23,Annual,368.88
CUST_001115,Netherlands,SMB,2021-05-03,Annual,313.6
CUST_001116,Spain,Consumer,2023-05-20,Monthly,417.94
CUST_001117,Spain,Consumer,2024-08-04,Monthly,338.31
CUST_001118,Italy,Consumer,2022-01-20,Monthly,25.32
CUST_001119,Spain,Consumer,2025-09-18,Monthly,207.33
CUST_001120,Italy,SMB,2021-10-02,Annual,470.41
CUST_001121,France,Enterprise,2024-06-25,Monthly,236.7
CUST_001122,Spain,Consumer,2022-03-05,Monthly,417.62
CUST_001123,Italy,SMB,2021-04-18,Annual,437.1
CUST_001124,Spain,Consumer,2024-07-24,Monthly,179.64
CUST_001125,Germany,Enterprise,2023-08-05,Two-Year,431.71
CUST_001126,France,Consumer,2024-02-20,Annual,201.17
CUST_001127,Germany,Consumer,2025-09-16,Annual,32.17
CUST_001128,France,Consumer,2023-09-08,Annual,353.32
CUST_001129,France,Consumer,2025-03-17,Monthly,413.74
CUST_001130,Netherlands,SMB,2023-06-24,Monthly,236.77
CUST_001131,Netherlands,Consumer,2022-09-30,Annual,103.24
CUST_001132,Germany,Consumer,2022-12-12,Monthly,315.34
CUST_001133,Spain,Consumer,2022-09-22,Monthly,374.36
CUST_001134,France,Enterprise,2025-06-07,Annual,334.31
CUST_001135,Netherlands,SMB,2023-07-23,Annual,190.78
CUST_001136,Germany,Enterprise,2025-08-30,Annual,196.8
CUST_001137,Germany,Enterprise,2022-04-04,Monthly,283.57
CUST_001138,Germany,Enterprise,2024-10-27,Two-Year,112.83
CUST_001139,Spain,Consumer,2021-07-30,Monthly,426.16
CUST_001140,France,Consumer,2022-06-11,Two-Year,69.11
CUST_001141,Germany,Consumer,2021-03-02,Monthly,253.54
CUST_001142,Italy,Consumer,2025-07-27,Two-Year,432.53
CUST_001143,Italy,SMB,2022-06-29,Two-Year,274.12
CUST_001144,Italy,Consumer,2025-02-04,Monthly,385.26
CUST_001145,Germany,Consumer,2023-02-17,Annual,135.0
CUST_001146,Germany,SMB,2021-08-15,Monthly,233.85
CUST_001147,France,Consumer,2022-09-20,Monthly,362.27
CUST_001148,Italy,Consumer,2022-09-16,Monthly,446.4
CUST_001149,Germany,Consumer,2023-07-19,Annual,328.66
CUST_001150,Italy,SMB,2022-08-22,Monthly,136.53
CUST_001151,Spain,Consumer,2024-05-19,Annual,90.22
CUST_001152,Italy,Consumer,2024-08-26,Two-Year,423.94
CUST_001153,Spain,Consumer,2021-10-11,Two-Year,285.94
CUST_001154,Spain,SMB,2023-08-15,Monthly,108.26
CUST_001155,Germany,Consumer,2023-11-23,Annual,253.12
CUST_001156,Spain,Consumer,2022-05-03,Monthly,80.63
CUST_001157,Spain,Enterprise,2024-11-10,Monthly,70.48
CUST_001158,Spain,Enterprise,2022-02-26,Two-Year,461.59
CUST_001159,Germany,Consumer,2025-05-11,Two-Year,281.42
CUST_001160,Italy,Consumer,2023-04-16,Monthly,139.48
CUST_001161,Spain,Consumer,2022-10-31,Monthly,443.01
CUST_001162,France,SMB,2024-05-01,Monthly,499.46
CUST_001163,Italy,Consumer,2024-02-06,Monthly,444.42
CUST_001164,Spain,Enterprise,2023-07-18,Monthly,378.84
CUST_001165,Spain,SMB,2024-06-07,Monthly,481.79
CUST_001166,Italy,Consumer,2022-04-22,Monthly,114.75
CUST_001167,Italy,Consumer,2025-01-16,Monthly,441.29
CUST_001168,Germany,Enterprise,2024-02-07,Annual,192.19
CUST_001169,Italy,SMB,2022-01-24,Annual,35.47
CUST_001170,Spain,SMB,2025-12-30,Annual,35.54
CUST_001171,Germany,Consumer,2025-04-30,Monthly,110.16
CUST_001172,France,SMB,2021-11-19,Annual,394.15
CUST_001173,Spain,SMB,2024-12-03,Monthly,450.4
CUST_001174,Italy,Enterprise,2023-08-23,Two-Year,81.42
CUST_001175,Germany,Consumer,2024-11-06,Monthly,425.78
CUST_001176,Italy,Consumer,2022-11-17,Two-Year,382.63
CUST_001177,Germany,Consumer,2022-03-23,Monthly,45.07
CUST_001178,Germany,SMB,2022-02-03,Annual,371.07
CUST_001179,Spain,Enterprise,2021-05-01,Monthly,38.42
CUST_001180,Spain,Consumer,2025-05-18,Annual,146.04
CUST_001181,Italy,Consumer,2022-07-25,Annual,274.84
CUST_001182,Spain,Consumer,2025-10-15,Monthly,456.44
CUST_001183,Spain,SMB,2022-02-17,Annual,70.57
CUST_001184,Spain,Enterprise,2022-10-02,Monthly,187.19
CUST_001185,Spain,Consumer,2025-05-25,Annual,296.92
CUST_001186,Italy,Consumer,2022-09-27,Monthly,375.3
CUST_001187,Germany,Enterprise,2024-10-16,Annual,459.39
CUST_001188,Netherlands,Consumer,2021-06-17,Two-Year,245.05
CUST_001189,Spain,Consumer,2025-10-09,Monthly,423.63
CUST_001190,France,Consumer,2024-02-03,Annual,316.17
CUST_001191,Germany,Consumer,2024-10-02,Two-Year,117.95
CUST_001192,Germany,Consumer,2021-02-18,Annual,298.2
CUST_001193,Italy,SMB,2025-10-28,Monthly,170.63
CUST_001194,Netherlands,Consumer,2023-06-26,Monthly,357.75
CUST_001195,Italy,SMB,2022-01-22,Monthly,156.58
CUST_001196,Spain,SMB,2021-10-07,Monthly,146.17
CUST_001197,Spain,Consumer,2021-06-09,Monthly,473.77
CUST_001198,France,Consumer,2024-05-12,Annual,456.18
CUST_001199,Spain,Consumer,2022-01-24,Annual,236.84
CUST_001200,France,Consumer,2025-08-24,Annual,387.42
CUST_001201,France,SMB,2022-02-20,Monthly,491.39
CUST_001202,France,Consumer,2021-06-12,Monthly,62.54
CUST_001203,Italy,SMB,2025-04-07,Annual,310.96
CUST_001204,France,Consumer,2024-11-21,Annual,141.68
CUST_001205,Spain,Consumer,2023-08-06,Two-Year,404.01
CUST_001206,Spain,Consumer,2025-02-25,Annual,68.68
CUST_001207,France,Consumer,2024-08-18,Monthly,398.63
CUST_001208,Germany,SMB,2021-11-18,Annual,116.29
CUST_001209,Spain,SMB,2023-01-30,Annual,238.89
CUST_001210,Germany,Consumer,2025-08-12,Monthly,410.63
CUST_001211,Italy,SMB,2024-05-23,Annual,52.38
CUST_001212,Italy,SMB,2024-02-08,Monthly,465.52
CUST_001213,France,Consumer,2021-11-20,Monthly,124.33
CUST_001214,Germany,Consumer,2023-09-04,Monthly,260.35
CUST_001215,Spain,Consumer,2021-10-30,Annual,372.59
CUST_001216,Germany,Consumer,2024-05-10,Annual,79.28
CUST_001217,Germany,Enterprise,2022-02-10,Monthly,312.2
CUST_001218,France,Consumer,2022-06-11,Annual,267.47
CUST_001219,France,Consumer,2023-11-14,Annual,301.2
CUST_001220,Spain,SMB,2021-02-16,Monthly,338.0
CUST_001221,Spain,Consumer,2024-07-01,Monthly,221.9
CUST_001222,Spain,SMB,2023-03-19,Monthly,163.41
CUST_001223,Italy,Consumer,2023-07-25,Monthly,108.25
CUST_001224,France,Consumer,2024-09-19,Two-Year,470.75
CUST_001225,Spain,Consumer,2024-11-07,Annual,212.66
CUST_001226,Italy,Consumer,2025-08-05,Monthly,155.47
CUST_001227,Germany,Consumer,2021-11-25,Annual,45.22
CUST_001228,Germany,SMB,2023-02-25,Monthly,380.58
CUST_001229,Netherlands,SMB,2021-06-24,Monthly,273.32
CUST_001230,Spain,SMB,2022-04-27,Monthly,111.66
CUST_001231,Spain,Consumer,2023-10-05,Monthly,448.82
CUST_001232,France,Enterprise,2021-08-28,Monthly,468.21
CUST_001233,Spain,Consumer,2023-03-25,Monthly,442.72
CUST_001234,France,SMB,2025-09-05,Monthly,289.27
CUST_001235,Spain,SMB,2021-05-10,Monthly,199.17
CUST_001236,Spain,Consumer,2022-02-26,Annual,97.71
CUST_001237,Spain,Consumer,2022-06-01,Monthly,201.08
CUST_001238,Germany,SMB,2025-07-22,Monthly,313.84
CUST_001239,Spain,SMB,2024-09-03,Monthly,128.75
CUST_001240,Spain,Consumer,2021-12-02,Two-Year,242.7
CUST_001241,Italy,SMB,2024-07-03,Monthly,295.08
CUST_001242,Germany,Consumer,2021-02-03,Annual,371.09
CUST_001243,Germany,Consumer,2024-12-28,Monthly,63.85
CUST_001244,Spain,SMB,2022-02-14,Monthly,436.16
CUST_001245,Germany,SMB,2024-07-23,Annual,238.92
CUST_001246,Spain,Consumer,2023-06-19,Annual,299.33
CUST_001247,France,Consumer,2024-09-01,Two-Year,471.35
CUST_001248,Spain,Consumer,2022-09-29,Monthly,100.63
CUST_001249,Italy,Consumer,2023-08-28,Monthly,444.55
CUST_001250,Netherlands,Consumer,2025-07-16,Annual,406.13
CUST_001251,Spain,Consumer,2025-01-05,Monthly,497.13
CUST_001252,Spain,SMB,2023-09-23,Annual,208.66
CUST_001253,Spain,Consumer,2025-08-12,Annual,80.89
CUST_001254,France,Consumer,2021-08-04,Monthly,26.8
CUST_001255,Spain,Consumer,2024-07-02,Annual,400.45
CUST_001256,Italy,Consumer,2024-02-16,Monthly,85.57
CUST_001257,Italy,Consumer,2022-04-14,Monthly,166.89
CUST_001258,Italy,Consumer,2022-12-12,Two-Year,493.91
CUST_001259,Germany,Consumer,2023-01-11,Monthly,232.21
CUST_001260,Netherlands,Consumer,2024-05-24,Monthly,130.98
CUST_001261,Spain,Consumer,2024-02-15,Annual,381.55
CUST_001262,Germany,Enterprise,2024-12-06,Monthly,150.35
CUST_001263,Germany,Consumer,2024-04-15,Monthly,274.89
CUST_001264,Netherlands,Consumer,2025-12-05,Monthly,95.52
CUST_001265,France,Consumer,2025-02-24,Monthly,241.2
CUST_001266,Italy,Consumer,2023-11-19,Monthly,72.14
CUST_001267,Spain,Consumer,2021-02-03,Annual,391.09
CUST_001268,Netherlands,SMB,2022-11-01,Monthly,195.27
CUST_001269,Germany,Consumer,2021-08-22,Two-Year,173.03
CUST_001270,Germany,Consumer,2023-03-03,Monthly,497.02
CUST_001271,Netherlands,Consumer,2025-12-19,Monthly,418.26
CUST_001272,Germany,Consumer,2023-01-06,Two-Year,285.88
CUST_001273,Germany,Enterprise,2025-02-01,Annual,473.22
CUST_001274,France,Consumer,2023-04-03,Monthly,121.47
CUST_001275,Spain,Consumer,2023-11-20,Monthly,295.27
CUST_001276,Germany,Consumer,2021-02-24,Annual,465.95
CUST_001277,Spain,Consumer,2024-06-09,Monthly,293.46
CUST_001278,Spain,Consumer,2022-03-28,Monthly,167.84
CUST_001279,Italy,Consumer,2023-04-20,Annual,409.59
CUST_001280,France,Consumer,2025-12-09,Annual,86.63
CUST_001281,Germany,Consumer,2022-02-12,Annual,92.96
CUST_001282,Germany,SMB,2025-08-22,Monthly,370.94
CUST_001283,Germany,Consumer,2025-02-22,Two-Year,53.28
CUST_001284,France,Consumer,2021-03-30,Monthly,44.3
CUST_001285,Netherlands,Enterprise,2022-11-06,Annual,201.96
CUST_001286,Netherlands,Consumer,2025-11-24,Monthly,211.0
CUST_001287,Germany,Enterprise,2023-04-10,Annual,245.43
CUST_001288,Germany,Enterprise,2024-12-17,Annual,375.55
CUST_001289,Germany,Consumer,2025-08-05,Monthly,293.05
CUST_001290,France,Consumer,2021-01-06,Annual,362.5
CUST_001291,Germany,SMB,2024-08-28,Two-Year,43.95
CUST_001292,France,Consumer,2025-07-26,Monthly,171.54
CUST_001293,France,Consumer,2023-11-21,Monthly,483.88
CUST_001294,Germany,Consumer,2025-10-20,Monthly,225.33
CUST_001295,Germany,Consumer,2024-06-30,Annual,126.8
CUST_001296,Germany,Enterprise,2024-02-23,Annual,496.2
CUST_001297,Spain,SMB,2021-08-14,Monthly,217.43
CUST_001298,Spain,Enterprise,2024-12-10,Monthly,249.82
CUST_001299,France,SMB,2025-04-12,Annual,127.42
CUST_001300,Germany,SMB,2022-08-31,Monthly,335.05
CUST_001301,Spain,Consumer,2021-10-16,Monthly,119.47
CUST_001302,France,Enterprise,2023-11-12,Monthly,312.76
CUST_001303,Italy,Enterprise,2025-09-11,Annual,383.57
CUST_001304,Spain,SMB,2024-08-28,Two-Year,333.15
CUST_001305,Italy,SMB,2025-01-19,Annual,63.38
CUST_001306,Netherlands,Consumer,2023-10-22,Monthly,58.29
CUST_001307,France,Consumer,2023-02-02,Annual,424.33
CUST_001308,France,Enterprise,2022-07-11,Monthly,454.19
CUST_001309,Spain,Consumer,2025-01-14,Two-Year,85.12
CUST_001310,Netherlands,Consumer,2024-03-31,Monthly,200.22
CUST_001311,Germany,Consumer,2024-09-27,Two-Year,333.95
CUST_001312,Netherlands,Consumer,2025-03-11,Two-Year,421.03
CUST_001313,France,Consumer,2025-11-24,Two-Year,456.31
CUST_001314,Spain,Consumer,2025-03-07,Monthly,355.37
CUST_001315,Spain,Consumer,2023-03-27,Annual,90.79
CUST_001316,France,Consumer,2021-08-30,Annual,388.81
CUST_001317,France,Consumer,2023-10-19,Monthly,432.33
CUST_001318,Spain,Consumer,2023-03-25,Monthly,188.63
CUST_001319,France,SMB,2025-09-04,Annual,257.19
CUST_001320,Italy,Consumer,2021-03-12,Two-Year,99.86
CUST_001321,Germany,Consumer,2025-04-13,Annual,166.17
CUST_001322,Germany,Consumer,2024-03-01,Monthly,437.5
CUST_001323,Spain,Consumer,2021-05-09,Annual,62.65
CUST_001324,Italy,Enterprise,2022-03-19,Monthly,385.96
CUST_001325,Germany,Consumer,2021-04-24,Monthly,66.87
CUST_001326,Italy,Consumer,2025-08-26,Annual,160.46
CUST_001327,Germany,SMB,2024-03-23,Annual,299.56
CUST_001328,France,Consumer,2024-02-03,Annual,21.59
CUST_001329,Spain,SMB,2023-08-08,Annual,344.18
CUST_001330,Spain,Enterprise,2023-01-02,Monthly,171.77
CUST_001331,Italy,SMB,2021-11-09,Annual,379.31
CUST_001332,Germany,Enterprise,2024-08-28,Monthly,488.11
CUST_001333,Germany,Consumer,2021-08-30,Two-Year,219.91
CUST_001334,Netherlands,Consumer,2022-01-14,Two-Year,34.4
CUST_001335,Netherlands,Consumer,2025-11-19,Two-Year,427.47
CUST_001336,Italy,Consumer,2021-06-16,Two-Year,151.8
CUST_001337,Spain,Consumer,2025-10-03,Annual,91.34
CUST_001338,France,Consumer,2021-06-09,Monthly,442.02
CUST_001339,Italy,Consumer,2023-06-08,Annual,131.61
CUST_001340,Germany,Consumer,2023-12-01,Monthly,310.54
CUST_001341,Spain,SMB,2021-07-27,Annual,141.91
CUST_001342,Italy,Consumer,2025-06-12,Monthly,361.98
CUST_001343,Germany,Consumer,2025-10-14,Two-Year,331.4
CUST_001344,France,Consumer,2022-02-11,Annual,264.4
CUST_001345,Netherlands,SMB,2022-02-09,Annual,286.41
CUST_001346,France,Consumer,2024-10-19,Monthly,129.08
CUST_001347,Germany,SMB,2022-11-10,Annual,30.52
CUST_001348,Germany,Consumer,2021-03-10,Two-Year,404.34
CUST_001349,Germany,Consumer,2024-10-01,Monthly,446.86
CUST_001350,Spain,Enterprise,2022-10-08,Monthly,393.38
CUST_001351,Italy,Consumer,2023-01-14,Monthly,359.8
CUST_001352,Italy,Consumer,2024-04-08,Annual,246.52
CUST_001353,Spain,Consumer,2023-11-20,Annual,300.27
CUST_001354,Germany,Consumer,2025-02-17,Annual,351.98
CUST_001355,Italy,Consumer,2024-12-28,Monthly,32.59
CUST_001356,Spain,Consumer,2025-09-19,Monthly,223.36
CUST_001357,Germany,Consumer,2025-08-04,Two-Year,127.85
CUST_001358,Germany,Enterprise,2024-03-01,Annual,194.94
CUST_001359,France,Consumer,2023-10-14,Monthly,379.63
CUST_001360,Spain,Consumer,2023-04-25,Monthly,194.43
CUST_001361,France,SMB,2024-04-28,Monthly,374.77
CUST_001362,Germany,Consumer,2021-04-21,Annual,486.48
CUST_001363,France,Enterprise,2023-01-05,Annual,463.22
CUST_001364,Spain,Consumer,2022-05-19,Annual,417.31
CUST_001365,Germany,SMB,2023-10-14,Annual,429.44
CUST_001366,Germany,Enterprise,2025-08-13,Two-Year,209.09
CUST_001367,Spain,Consumer,2023-05-29,Monthly,371.16
CUST_001368,Spain,SMB,2023-12-01,Monthly,340.17
CUST_001369,Spain,SMB,2023-01-06,Monthly,491.79
CUST_001370,Germany,SMB,2022-09-18,Two-Year,295.95
CUST_001371,Spain,Consumer,2024-05-28,Annual,226.29
CUST_001372,Netherlands,Consumer,2022-03-31,Annual,421.89
CUST_001373,Germany,Consumer,2025-05-25,Annual,379.8
CUST_001374,Italy,Enterprise,2021-07-27,Monthly,79.93
CUST_001375,Netherlands,Consumer,2022-02-10,Monthly,306.21
CUST_001376,Spain,Consumer,2024-10-04,Annual,304.31
CUST_001377,France,Enterprise,2021-06-01,Two-Year,323.18
CUST_001378,Italy,Consumer,2023-01-23,Monthly,471.92
CUST_001379,France,Consumer,2022-11-21,Monthly,308.98
CUST_001380,Germany,Consumer,2025-09-07,Two-Year,437.61
CUST_001381,Germany,SMB,2021-10-17,Annual,192.02
CUST_001382,Spain,Consumer,2023-04-10,Annual,47.54
CUST_001383,Germany,Consumer,2023-04-20,Monthly,200.11
CUST_001384,Netherlands,Consumer,2025-02-03,Monthly,275.68
CUST_001385,Netherlands,Consumer,2023-09-15,Monthly,419.99
CUST_001386,Spain,Consumer,2021-08-26,Monthly,323.29
CUST_001387,France,Consumer,2025-05-09,Annual,232.26
CUST_001388,Germany,SMB,2021-10-03,Annual,241.7
CUST_001389,Netherlands,Consumer,2024-06-23,Annual,498.4
CUST_001390,Spain,Consumer,2022-05-14,Monthly,87.85
CUST_001391,Netherlands,Consumer,2021-08-11,Monthly,118.65
CUST_001392,Italy,Consumer,2021-12-16,Annual,320.14
CUST_001393,Spain,SMB,2025-09-20,Monthly,356.67
CUST_001394,Spain,Consumer,2025-11-19,Monthly,209.59
CUST_001395,Italy,Enterprise,2024-01-02,Monthly,35.42
CUST_001396,Spain,SMB,2025-01-15,Monthly,270.57
CUST_001397,Germany,SMB,2025-07-07,Monthly,89.29
CUST_001398,Netherlands,SMB,2022-09-29,Monthly,46.9
CUST_001399,France,Consumer,2024-10-15,Two-Year,185.48
CUST_001400,Germany,Enterprise,2023-08-08,Monthly,85.11
CUST_001401,Germany,SMB,2021-11-13,Annual,230.72
CUST_001402,Spain,Consumer,2023-09-01,Annual,385.61
CUST_001403,Netherlands,Consumer,2021-03-25,Annual,42.58
CUST_001404,Germany,Consumer,2024-01-14,Annual,259.95
CUST_001405,Spain,SMB,2022-04-20,Monthly,258.55
CUST_001406,Spain,Consumer,2021-07-09,Monthly,20.85
CUST_001407,Netherlands,SMB,2024-07-11,Annual,374.36
CUST_001408,Spain,Consumer,2022-09-30,Two-Year,63.07
CUST_001409,Italy,Consumer,2023-03-28,Monthly,467.39
CUST_001410,France,Consumer,2021-06-06,Monthly,326.89
CUST_001411,Italy,Consumer,2021-05-26,Two-Year,158.15
CUST_001412,Netherlands,Consumer,2025-08-06,Annual,464.13
CUST_001413,Italy,SMB,2024-01-01,Annual,212.22
CUST_001414,Netherlands,Consumer,2023-01-07,Annual,144.93
CUST_001415,Spain,Enterprise,2024-04-30,Two-Year,204.56
CUST_001416,Italy,SMB,2024-08-20,Annual,313.56
CUST_001417,Germany,SMB,2021-07-27,Annual,367.33
CUST_001418,Germany,Consumer,2025-08-09,Annual,337.67
CUST_001419,Italy,SMB,2024-04-12,Monthly,462.19
CUST_001420,Netherlands,Enterprise,2022-07-20,Two-Year,478.96
CUST_001421,France,SMB,2022-05-06,Two-Year,114.59
CUST_001422,Germany,Consumer,2021-06-10,Annual,458.02
CUST_001423,Germany,SMB,2022-04-14,Monthly,71.21
CUST_001424,Germany,Consumer,2022-09-06,Annual,479.31
CUST_001425,Germany,Consumer,2022-01-25,Monthly,144.49
CUST_001426,Germany,SMB,2024-05-10,Annual,147.58
CUST_001427,Spain,SMB,2022-04-07,Monthly,222.34
CUST_001428,Spain,Consumer,2023-07-02,Annual,107.24
CUST_001429,Italy,Consumer,2023-10-18,Two-Year,417.3
CUST_001430,Germany,Enterprise,2021-05-17,Monthly,79.87
CUST_001431,Netherlands,Consumer,2021-11-05,Annual,230.86
CUST_001432,France,Consumer,2021-05-09,Two-Year,455.43
CUST_001433,Spain,SMB,2024-06-15,Monthly,324.99
CUST_001434,Spain,SMB,2024-07-01,Monthly,311.44
CUST_001435,Spain,Consumer,2021-08-25,Monthly,497.43
CUST_001436,Netherlands,Consumer,2024-09-06,Annual,30.82
CUST_001437,Spain,Consumer,2025-01-21,Monthly,173.5
CUST_001438,Germany,Consumer,2021-07-19,Monthly,80.01
CUST_001439,Netherlands,SMB,2021-08-02,Monthly,108.6
CUST_001440,Netherlands,SMB,2024-12-22,Monthly,123.68
CUST_001441,Spain,Consumer,2022-07-18,Monthly,320.91
CUST_001442,Spain,Consumer,2022-09-23,Annual,150.61
CUST_001443,Spain,Consumer,2023-12-11,Monthly,338.81
CUST_001444,Spain,Consumer,2021-05-05,Annual,374.27
CUST_001445,Spain,Consumer,2023-03-11,Annual,212.92
CUST_001446,France,Consumer,2022-09-02,Two-Year,277.44
CUST_001447,Netherlands,SMB,2025-02-11,Monthly,83.4
CUST_001448,Germany,Consumer,2024-08-26,Annual,381.27
CUST_001449,France,SMB,2022-06-08,Annual,221.18
CUST_001450,Spain,Consumer,2024-04-12,Annual,420.62
CUST_001451,Italy,SMB,2023-01-06,Monthly,272.59
CUST_001452,France,Enterprise,2023-05-30,Monthly,354.45
CUST_001453,Italy,Consumer,2024-09-04,Annual,192.12
CUST_001454,Netherlands,Consumer,2022-05-26,Monthly,198.45
CUST_001455,Germany,SMB,2023-11-22,Two-Year,229.52
CUST_001456,Spain,Consumer,2023-02-03,Annual,325.3
CUST_001457,Spain,Consumer,2024-04-02,Annual,263.14
CUST_001458,Germany,Consumer,2022-11-28,Two-Year,406.05
CUST_001459,Netherlands,Enterprise,2025-09-04,Annual,46.3
CUST_001460,Germany,Consumer,2022-12-14,Monthly,452.26
CUST_001461,Italy,Consumer,2021-07-20,Monthly,464.5
CUST_001462,Germany,Consumer,2023-06-14,Annual,137.16
CUST_001463,Spain,SMB,2022-03-12,Monthly,68.37
CUST_001464,Germany,Consumer,2023-04-12,Two-Year,294.49
CUST_001465,France,Enterprise,2025-08-09,Monthly,50.8
CUST_001466,France,SMB,2021-07-07,Monthly,130.26
CUST_001467,Germany,Consumer,2021-03-19,Annual,263.63
CUST_001468,Spain,Consumer,2022-06-14,Annual,314.63
CUST_001469,France,SMB,2023-03-07,Two-Year,113.27
CUST_001470,Spain,SMB,2021-08-24,Monthly,467.71
CUST_001471,Netherlands,Consumer,2024-06-24,Monthly,107.04
CUST_001472,Spain,Consumer,2024-01-05,Annual,93.75
CUST_001473,Spain,Consumer,2024-07-05,Two-Year,97.91
CUST_001474,Germany,Consumer,2023-02-12,Monthly,466.17
CUST_001475,Germany,Consumer,2025-08-27,Annual,441.81
CUST_001476,Germany,Consumer,2024-05-11,Monthly,35.86
CUST_001477,Germany,Consumer,2025-08-09,Annual,368.78
CUST_001478,Netherlands,Enterprise,2021-06-09,Monthly,55.27
CUST_001479,Germany,SMB,2024-05-03,Two-Year,56.15
CUST_001480,Germany,SMB,2022-09-22,Monthly,56.49
CUST_001481,Germany,SMB,2021-12-19,Annual,418.22
CUST_001482,Spain,SMB,2021-11-26,Annual,225.17
CUST_001483,France,Consumer,2021-12-25,Monthly,287.37
CUST_001484,Spain,SMB,2021-06-18,Monthly,34.79
CUST_001485,France,Consumer,2023-04-10,Annual,452.43
CUST_001486,Spain,Consumer,2024-11-13,Annual,491.37
CUST_001487,Netherlands,Enterprise,2023-04-27,Annual,132.89
CUST_001488,Germany,Enterprise,2021-08-28,Annual,335.13
CUST_001489,Italy,Consumer,2024-07-15,Monthly,345.83
CUST_001490,Germany,SMB,2021-11-16,Two-Year,483.81
CUST_001491,Spain,Consumer,2025-05-06,Monthly,252.21
CUST_001492,Italy,Consumer,2022-11-01,Annual,134.2
CUST_001493,France,Consumer,2021-01-03,Two-Year,192.94
CUST_001494,Italy,Consumer,2022-06-19,Two-Year,327.01
CUST_001495,Germany,SMB,2025-03-01,Monthly,246.79
CUST_001496,France,Consumer,2025-08-07,Monthly,58.12
CUST_001497,Italy,Consumer,2023-02-10,Annual,407.54
CUST_001498,France,Enterprise,2025-12-11,Monthly,434.85
CUST_001499,Germany,Consumer,2022-02-28,Annual,249.6
CUST_001500,France,Consumer,2023-02-11,Annual,271.27
CUST_001501,France,Consumer,2023-04-18,Monthly,255.96
CUST_001502,Netherlands,Consumer,2022-01-03,Monthly,274.28
CUST_001503,Germany,Consumer,2022-12-01,Annual,69.26
CUST_001504,Germany,SMB,2023-06-29,Annual,228.14
CUST_001505,Italy,Enterprise,2024-07-01,Monthly,234.98
CUST_001506,Germany,Consumer,2023-06-25,Monthly,498.9
CUST_001507,France,Consumer,2021-07-08,Monthly,43.35
CUST_001508,Germany,Consumer,2023-05-01,Annual,169.83
CUST_001509,Spain,Enterprise,2025-03-30,Annual,258.08
CUST_001510,France,Consumer,2021-02-07,Two-Year,426.67
CUST_001511,Spain,Consumer,2025-12-28,Two-Year,241.39
CUST_001512,Spain,Enterprise,2021-08-23,Annual,159.68
CUST_001513,France,Consumer,2021-01-17,Two-Year,276.93
CUST_001514,France,Consumer,2021-09-15,Monthly,162.57
CUST_001515,Italy,Consumer,2022-04-02,Annual,283.19
CUST_001516,Spain,Consumer,2022-10-05,Annual,351.13
CUST_001517,Spain,Enterprise,2025-02-23,Annual,274.78
CUST_001518,Netherlands,Consumer,2023-11-27,Annual,312.62
CUST_001519,Spain,Consumer,2024-03-12,Monthly,38.58
CUST_001520,Spain,Consumer,2025-05-22,Two-Year,336.22
CUST_001521,Spain,Consumer,2021-08-29,Two-Year,485.44
CUST_001522,Germany,Consumer,2022-02-12,Two-Year,255.99
CUST_001523,Italy,Enterprise,2025-11-03,Monthly,405.3
CUST_001524,Italy,Consumer,2024-11-09,Two-Year,283.47
CUST_001525,France,Enterprise,2021-04-19,Annual,357.92
CUST_001526,Spain,SMB,2022-02-18,Annual,168.76
CUST_001527,Germany,Consumer,2022-11-14,Monthly,484.09
CUST_001528,Germany,SMB,2021-03-01,Annual,123.27
CUST_001529,Spain,SMB,2023-12-01,Annual,96.37
CUST_001530,Spain,SMB,2024-04-01,Annual,41.85
CUST_001531,Germany,Consumer,2022-09-06,Two-Year,279.77
CUST_001532,Spain,Consumer,2022-01-27,Monthly,317.07
CUST_001533,France,Consumer,2023-02-16,Annual,331.77
CUST_001534,France,SMB,2025-08-07,Monthly,102.67
CUST_001535,Spain,Consumer,2024-08-05,Monthly,332.69
CUST_001536,Germany,Consumer,2025-09-01,Monthly,99.25
CUST_001537,Italy,Consumer,2023-10-07,Monthly,382.4
CUST_001538,France,Consumer,2021-07-11,Monthly,152.12
CUST_001539,Italy,SMB,2021-04-20,Monthly,222.58
CUST_001540,Germany,SMB,2021-12-22,Monthly,196.27
CUST_001541,Italy,SMB,2023-08-10,Annual,196.51
CUST_001542,Spain,Consumer,2022-01-20,Monthly,366.05
CUST_001543,Germany,Consumer,2022-08-03,Monthly,498.93
CUST_001544,Spain,SMB,2025-07-23,Monthly,273.12
CUST_001545,Germany,Consumer,2021-03-21,Monthly,212.5
CUST_001546,Germany,SMB,2021-05-23,Monthly,160.98
CUST_001547,Spain,Consumer,2022-12-13,Two-Year,319.75
CUST_001548,Italy,Consumer,2024-10-03,Annual,236.57
CUST_001549,Germany,Consumer,2025-02-13,Monthly,390.96
CUST_001550,Spain,SMB,2022-06-10,Annual,311.21
CUST_001551,Spain,Consumer,2022-06-15,Monthly,217.72
CUST_001552,Germany,Enterprise,2023-11-30,Annual,477.45
CUST_001553,Germany,Consumer,2025-05-01,Two-Year,25.41
CUST_001554,Germany,Consumer,2021-11-20,Monthly,350.95
CUST_001555,Spain,SMB,2025-06-18,Monthly,217.18
CUST_001556,Italy,Consumer,2025-01-12,Annual,78.38
CUST_001557,Netherlands,Consumer,2022-05-04,Monthly,64.49
CUST_001558,Germany,Enterprise,2024-05-09,Monthly,331.67
CUST_001559,France,SMB,2024-02-23,Annual,90.93
CUST_001560,Italy,Consumer,2021-02-08,Annual,430.92
CUST_001561,Netherlands,SMB,2023-01-04,Monthly,169.25
CUST_001562,France,Consumer,2022-03-10,Annual,185.04
CUST_001563,Italy,Consumer,2021-05-05,Monthly,336.86
CUST_001564,Netherlands,Consumer,2023-05-02,Monthly,125.68
CUST_001565,Italy,Consumer,2024-07-07,Annual,23.38
CUST_001566,Germany,Consumer,2023-08-28,Annual,234.0
CUST_001567,Spain,Consumer,2021-06-11,Annual,273.38
CUST_001568,Spain,SMB,2025-02-19,Annual,234.03
CUST_001569,Germany,Consumer,2021-05-09,Annual,239.84
CUST_001570,Germany,Consumer,2022-12-08,Two-Year,339.55
CUST_001571,Germany,SMB,2023-11-04,Annual,425.93
CUST_001572,France,Enterprise,2025-08-20,Monthly,195.44
CUST_001573,France,Consumer,2024-10-08,Annual,399.24
CUST_001574,Italy,Enterprise,2021-12-21,Monthly,50.09
CUST_001575,Spain,SMB,2023-02-21,Annual,250.53
CUST_001576,Spain,Consumer,2025-04-16,Monthly,200.55
CUST_001577,Italy,Consumer,2022-03-29,Monthly,243.65
CUST_001578,Italy,Consumer,2025-07-10,Annual,63.91
CUST_001579,Netherlands,SMB,2023-09-02,Annual,86.64
CUST_001580,Italy,Consumer,2024-02-19,Monthly,160.87
CUST_001581,Italy,Consumer,2024-04-25,Monthly,151.3
CUST_001582,Germany,SMB,2025-11-02,Annual,204.85
CUST_001583,Germany,Consumer,2024-06-09,Two-Year,239.48
CUST_001584,Spain,Consumer,2023-01-20,Monthly,126.16
CUST_001585,France,Enterprise,2023-12-14,Monthly,317.23
CUST_001586,Netherlands,Enterprise,2024-06-30,Monthly,200.39
CUST_001587,Germany,SMB,2023-12-28,Monthly,48.86
CUST_001588,France,Consumer,2021-01-19,Monthly,136.97
CUST_001589,Spain,Consumer,2025-07-05,Two-Year,288.87
CUST_001590,Spain,Consumer,2022-05-17,Annual,311.3
CUST_001591,Spain,Consumer,2024-04-03,Monthly,403.84
CUST_001592,Spain,Consumer,2023-11-01,Monthly,137.83
CUST_001593,Netherlands,Enterprise,2021-08-08,Monthly,289.86
CUST_001594,Germany,SMB,2025-05-19,Annual,248.53
CUST_001595,Italy,Consumer,2021-06-01,Monthly,427.29
CUST_001596,France,Consumer,2025-10-07,Monthly,370.4
CUST_001597,Spain,Consumer,2025-08-11,Annual,83.35
CUST_001598,Spain,Consumer,2023-11-25,Monthly,480.21
CUST_001599,Italy,SMB,2025-10-09,Annual,190.5
CUST_001600,Spain,Consumer,2025-04-12,Two-Year,478.2
CUST_001601,Netherlands,SMB,2025-07-02,Monthly,156.91
CUST_001602,Spain,Consumer,2024-12-30,Monthly,245.09
CUST_001603,France,Consumer,2025-08-24,Two-Year,284.22
CUST_001604,Italy,Enterprise,2024-11-13,Monthly,50.52
CUST_001605,Spain,Consumer,2025-05-27,Monthly,363.52
CUST_001606,Spain,Consumer,2021-07-23,Annual,70.26
CUST_001607,Netherlands,SMB,2023-02-19,Annual,98.8
CUST_001608,Spain,Consumer,2023-05-24,Two-Year,159.32
CUST_001609,Germany,Consumer,2025-07-19,Monthly,481.16
CUST_001610,Germany,Consumer,2023-06-07,Monthly,487.1
CUST_001611,Spain,Consumer,2023-03-15,Monthly,254.87
CUST_001612,Italy,Consumer,2024-12-08,Monthly,275.99
CUST_001613,Italy,Consumer,2024-04-02,Annual,121.68
CUST_001614,Germany,SMB,2023-12-07,Monthly,220.66
CUST_001615,Italy,Enterprise,2025-07-27,Monthly,492.52
CUST_001616,Spain,Consumer,2025-02-06,Monthly,399.58
CUST_001617,Spain,Consumer,2024-07-22,Monthly,354.75
CUST_001618,France,Consumer,2025-10-13,Monthly,153.64
CUST_001619,Netherlands,Consumer,2021-03-30,Annual,386.27
CUST_001620,Spain,Consumer,2023-10-10,Monthly,483.95
CUST_001621,Spain,SMB,2021-02-26,Annual,494.22
CUST_001622,Germany,Consumer,2024-12-16,Monthly,307.9
CUST_001623,Italy,Consumer,2021-08-21,Monthly,97.15
CUST_001624,Spain,SMB,2023-10-21,Two-Year,482.75
CUST_001625,Germany,SMB,2024-11-29,Two-Year,279.86
CUST_001626,France,Consumer,2024-02-17,Monthly,38.4
CUST_001627,Germany,Consumer,2021-04-18,Monthly,59.12
CUST_001628,Spain,Enterprise,2023-05-20,Two-Year,297.08
CUST_001629,Spain,Consumer,2024-11-24,Annual,420.94
CUST_001630,Germany,SMB,2025-10-19,Monthly,471.93
CUST_001631,Germany,SMB,2025-06-29,Monthly,473.33
CUST_001632,Italy,Consumer,2025-02-01,Monthly,297.73
CUST_001633,France,Consumer,2022-07-15,Annual,491.08
CUST_001634,France,Consumer,2024-10-05,Annual,91.81
CUST_001635,Netherlands,Consumer,2021-11-01,Monthly,65.44
CUST_001636,Germany,Consumer,2022-08-25,Monthly,34.53
CUST_001637,Germany,SMB,2022-06-02,Monthly,391.58
CUST_001638,Netherlands,SMB,2023-06-06,Annual,459.97
CUST_001639,Spain,Enterprise,2025-05-18,Two-Year,423.12
CUST_001640,France,Enterprise,2025-04-25,Annual,471.03
CUST_001641,Italy,SMB,2025-06-19,Annual,283.07
CUST_001642,Spain,Consumer,2025-09-06,Monthly,386.26
CUST_001643,Germany,Consumer,2021-02-21,Annual,181.62
CUST_001644,Spain,SMB,2025-12-27,Monthly,387.96
CUST_001645,Spain,Consumer,2025-05-22,Monthly,381.46
CUST_001646,Germany,Consumer,2024-09-03,Monthly,229.09
CUST_001647,Spain,Consumer,2021-05-28,Annual,41.01
CUST_001648,Italy,Consumer,2024-08-27,Monthly,147.81
CUST_001649,Netherlands,Consumer,2024-05-18,Monthly,444.89
CUST_001650,Italy,SMB,2021-06-21,Two-Year,301.89
CUST_001651,Spain,Consumer,2022-01-04,Annual,214.44
CUST_001652,Spain,Consumer,2024-10-04,Monthly,474.75
CUST_001653,Spain,Consumer,2021-11-02,Monthly,195.89
CUST_001654,Spain,Consumer,2022-09-26,Annual,177.48
CUST_001655,Netherlands,Consumer,2024-01-16,Monthly,389.84
CUST_001656,Germany,Consumer,2025-04-28,Monthly,190.55
CUST_001657,Spain,Consumer,2022-06-04,Monthly,234.19
CUST_001658,Italy,SMB,2021-01-21,Monthly,366.78
CUST_001659,Germany,Consumer,2025-04-04,Annual,226.46
CUST_001660,Spain,Enterprise,2025-09-03,Annual,174.7
CUST_001661,Spain,SMB,2025-04-10,Monthly,27.39
CUST_001662,France,Consumer,2023-06-03,Two-Year,433.07
CUST_001663,Italy,Consumer,2024-08-08,Annual,272.82
CUST_001664,Spain,Consumer,2021-08-22,Annual,428.64
CUST_001665,Netherlands,SMB,2024-03-09,Monthly,316.56
CUST_001666,Italy,SMB,2024-01-03,Monthly,116.32
CUST_001667,Italy,SMB,2024-03-06,Annual,194.32
CUST_001668,Spain,Enterprise,2024-06-17,Annual,220.28
CUST_001669,Spain,Consumer,2025-06-13,Monthly,375.07
CUST_001670,Italy,SMB,2024-11-24,Monthly,283.12
CUST_001671,Germany,Consumer,2021-03-09,Monthly,325.52
CUST_001672,France,SMB,2024-07-05,Monthly,381.48
CUST_001673,Italy,Consumer,2024-08-25,Monthly,151.45
CUST_001674,Spain,SMB,2023-10-08,Monthly,443.36
CUST_001675,Italy,Consumer,2024-02-14,Monthly,237.57
CUST_001676,Netherlands,Consumer,2021-05-30,Two-Year,337.34
CUST_001677,France,Consumer,2022-04-23,Annual,124.74
CUST_001678,Germany,Enterprise,2025-04-25,Monthly,132.02
CUST_001679,Italy,Consumer,2021-01-05,Monthly,372.79
CUST_001680,Germany,Consumer,2025-12-01,Monthly,188.19
CUST_001681,France,Consumer,2022-02-11,Monthly,440.46
CUST_001682,Italy,Consumer,2024-11-21,Annual,339.08
CUST_001683,France,Enterprise,2022-02-06,Monthly,339.41
CUST_001684,Spain,Enterprise,2021-03-05,Two-Year,202.53
CUST_001685,Spain,SMB,2024-01-10,Monthly,453.28
CUST_001686,Spain,SMB,2024-10-11,Two-Year,473.43
CUST_001687,Germany,Consumer,2021-06-05,Annual,143.81
CUST_001688,Germany,Consumer,2022-05-08,Annual,266.99
CUST_001689,France,Consumer,2022-07-10,Two-Year,455.33
CUST_001690,Germany,SMB,2025-10-23,Monthly,68.61
CUST_001691,Italy,Consumer,2022-07-21,Monthly,162.84
CUST_001692,Netherlands,SMB,2021-04-26,Monthly,478.12
CUST_001693,Spain,Consumer,2025-12-04,Annual,252.79
CUST_001694,France,Consumer,2021-06-18,Two-Year,476.74
CUST_001695,France,Consumer,2023-06-09,Monthly,202.48
CUST_001696,Germany,SMB,2021-11-28,Annual,273.2
CUST_001697,Spain,SMB,2022-04-06,Monthly,237.98
CUST_001698,Italy,Consumer,2024-10-07,Monthly,239.46
CUST_001699,Netherlands,SMB,2021-09-06,Annual,460.5
CUST_001700,France,SMB,2024-04-04,Monthly,353.43
CUST_001701,Netherlands,Consumer,2023-11-01,Monthly,473.95
CUST_001702,Netherlands,SMB,2024-08-20,Annual,178.18
CUST_001703,Germany,Consumer,2021-10-20,Annual,497.07
CUST_001704,France,Consumer,2022-10-09,Annual,359.68
CUST_001705,Germany,Consumer,2021-01-07,Monthly,83.03
CUST_001706,Netherlands,Consumer,2025-05-26,Monthly,218.21
CUST_001707,Spain,Consumer,2025-12-11,Annual,139.36
CUST_001708,Germany,Consumer,2023-03-26,Two-Year,133.02
CUST_001709,Italy,Consumer,2023-08-26,Monthly,466.19
CUST_001710,Spain,SMB,2021-09-02,Annual,480.78
CUST_001711,Italy,SMB,2025-05-19,Annual,26.8
CUST_001712,Germany,Consumer,2024-11-02,Annual,86.26
CUST_001713,Netherlands,Consumer,2021-07-29,Annual,153.37
CUST_001714,Italy,Consumer,2023-08-25,Monthly,426.91
CUST_001715,Germany,SMB,2021-11-10,Annual,313.33
CUST_001716,Italy,Enterprise,2023-12-20,Monthly,291.41
CUST_001717,Germany,Consumer,2024-04-14,Monthly,307.17
CUST_001718,France,SMB,2022-12-05,Monthly,476.28
CUST_001719,France,Consumer,2023-03-18,Monthly,152.38
CUST_001720,Italy,Enterprise,2024-07-21,Annual,79.19
CUST_001721,Spain,Consumer,2021-10-12,Two-Year,311.75
CUST_001722,Spain,Consumer,2021-03-06,Monthly,485.06
CUST_001723,France,Consumer,2023-01-31,Monthly,360.8
CUST_001724,France,Consumer,2023-06-16,Two-Year,448.22
CUST_001725,Germany,Consumer,2022-06-07,Monthly,450.17
CUST_001726,Spain,Consumer,2023-02-19,Monthly,125.24
CUST_001727,Germany,Consumer,2021-07-06,Annual,349.09
CUST_001728,Italy,SMB,2024-09-25,Two-Year,433.87
CUST_001729,Spain,SMB,2024-10-31,Annual,68.64
CUST_001730,Germany,Consumer,2022-05-01,Monthly,332.71
CUST_001731,Netherlands,Enterprise,2024-04-05,Annual,150.56
CUST_001732,Spain,Consumer,2022-03-03,Annual,414.4
CUST_001733,France,Enterprise,2022-12-23,Two-Year,127.14
CUST_001734,Spain,Consumer,2022-08-08,Monthly,199.24
CUST_001735,Italy,SMB,2025-11-08,Two-Year,344.84
CUST_001736,France,Enterprise,2023-05-28,Annual,286.8
CUST_001737,Italy,SMB,2024-03-01,Monthly,77.59
CUST_001738,Spain,SMB,2022-01-19,Monthly,128.14
CUST_001739,Germany,Consumer,2025-08-21,Monthly,445.2
CUST_001740,Italy,SMB,2024-06-03,Two-Year,494.61
CUST_001741,Spain,Consumer,2021-07-13,Monthly,353.11
CUST_001742,Spain,Consumer,2022-08-29,Annual,24.69
CUST_001743,Spain,Enterprise,2023-07-13,Monthly,376.83
CUST_001744,Netherlands,Consumer,2023-02-09,Annual,328.56
CUST_001745,France,Consumer,2025-01-02,Monthly,217.67
CUST_001746,France,Enterprise,2023-10-16,Two-Year,129.46
CUST_001747,France,Consumer,2023-10-15,Annual,99.53
CUST_001748,Germany,Consumer,2022-11-20,Annual,60.1
CUST_001749,Germany,Consumer,2025-03-22,Annual,326.85
CUST_001750,Germany,SMB,2024-07-04,Annual,181.89
CUST_001751,France,Enterprise,2024-07-12,Two-Year,268.65
CUST_001752,Spain,Consumer,2024-04-13,Monthly,272.1
CUST_001753,Italy,SMB,2024-04-29,Two-Year,311.51
CUST_001754,Italy,Consumer,2024-10-13,Monthly,305.38
CUST_001755,Germany,SMB,2022-03-04,Annual,269.16
CUST_001756,France,SMB,2023-08-14,Two-Year,94.46
CUST_001757,Spain,Enterprise,2021-08-28,Two-Year,32.98
CUST_001758,Netherlands,Consumer,2022-11-02,Monthly,296.57
CUST_001759,Netherlands,Consumer,2022-06-16,Monthly,223.15
CUST_001760,Netherlands,Consumer,2022-01-03,Annual,216.86
CUST_001761,Germany,Consumer,2023-09-27,Monthly,226.43
CUST_001762,Spain,Consumer,2023-03-09,Two-Year,74.5
CUST_001763,Spain,Consumer,2023-04-10,Monthly,106.05
CUST_001764,Spain,Consumer,2025-05-14,Monthly,337.83
CUST_001765,Spain,Enterprise,2022-10-23,Annual,266.62
CUST_001766,Spain,Consumer,2021-08-09,Monthly,312.64
CUST_001767,Netherlands,Consumer,2024-12-15,Monthly,82.08
CUST_001768,Spain,SMB,2022-01-29,Monthly,410.79
CUST_001769,Spain,Consumer,2025-11-13,Two-Year,198.87
CUST_001770,Italy,Consumer,2024-04-29,Annual,314.27
CUST_001771,France,Consumer,2022-04-12,Two-Year,243.51
CUST_001772,Italy,Consumer,2023-11-16,Monthly,244.8
CUST_001773,France,Consumer,2025-08-30,Monthly,393.72
CUST_001774,Italy,SMB,2025-07-31,Monthly,72.97
CUST_001775,France,Consumer,2022-12-26,Monthly,55.9
CUST_001776,Germany,Consumer,2021-02-23,Monthly,68.51
CUST_001777,France,Consumer,2021-05-26,Monthly,497.74
CUST_001778,Germany,Consumer,2025-05-24,Monthly,465.03
CUST_001779,Germany,Consumer,2024-04-22,Annual,356.27
CUST_001780,Germany,Enterprise,2024-08-17,Monthly,234.82
CUST_001781,Spain,Consumer,2024-08-10,Annual,60.83
CUST_001782,Italy,Consumer,2024-11-17,Monthly,414.03
CUST_001783,Spain,Consumer,2023-07-18,Annual,110.93
CUST_001784,Spain,SMB,2022-11-23,Annual,150.96
CUST_001785,Spain,SMB,2022-03-06,Annual,423.58
CUST_001786,Italy,Consumer,2022-07-16,Annual,143.52
CUST_001787,Germany,SMB,2024-10-02,Monthly,425.4
CUST_001788,France,Consumer,2021-01-27,Monthly,397.25
CUST_001789,Italy,SMB,2021-09-23,Annual,421.9
CUST_001790,Spain,Consumer,2024-12-08,Two-Year,343.66
CUST_001791,Italy,SMB,2024-03-30,Annual,189.02
CUST_001792,Germany,SMB,2021-10-22,Monthly,333.52
CUST_001793,Spain,SMB,2021-03-08,Annual,417.97
CUST_001794,France,Consumer,2022-02-17,Two-Year,379.72
CUST_001795,Netherlands,SMB,2021-08-05,Monthly,433.77
CUST_001796,Spain,SMB,2022-05-21,Monthly,492.09
CUST_001797,France,Consumer,2025-03-02,Annual,351.27
CUST_001798,Spain,Consumer,2025-05-08,Annual,465.5
CUST_001799,France,Consumer,2022-06-08,Monthly,150.45
CUST_001800,France,Consumer,2022-06-10,Monthly,487.27
CUST_001801,France,SMB,2025-02-18,Annual,456.96
CUST_001802,France,Consumer,2023-02-17,Annual,39.8
CUST_001803,Spain,SMB,2022-01-25,Annual,303.41
CUST_001804,France,SMB,2024-09-26,Monthly,261.43
CUST_001805,France,SMB,2023-06-15,Monthly,411.49
CUST_001806,France,SMB,2025-06-18,Annual,80.64
CUST_001807,Spain,SMB,2025-05-21,Monthly,273.27
CUST_001808,Germany,Consumer,2024-12-15,Monthly,260.61
CUST_001809,Germany,Consumer,2025-11-11,Annual,209.86
CUST_001810,Spain,SMB,2023-09-05,Monthly,496.25
CUST_001811,Spain,Enterprise,2023-09-27,Annual,278.98
CUST_001812,Germany,Consumer,2021-01-04,Monthly,218.36
CUST_001813,France,Enterprise,2021-11-04,Annual,431.07
CUST_001814,Spain,Enterprise,2021-10-16,Annual,86.75
CUST_001815,Italy,Consumer,2025-08-10,Annual,158.03
CUST_001816,Germany,SMB,2022-04-09,Two-Year,153.87
CUST_001817,Italy,SMB,2024-02-11,Monthly,468.18
CUST_001818,Germany,Consumer,2023-01-26,Annual,442.56
CUST_001819,Germany,Consumer,2024-10-28,Monthly,311.21
CUST_001820,France,Consumer,2022-10-24,Two-Year,173.42
CUST_001821,Netherlands,SMB,2025-09-09,Monthly,244.69
CUST_001822,Germany,Consumer,2023-07-29,Annual,294.15
CUST_001823,Germany,SMB,2022-03-22,Monthly,279.24
CUST_001824,France,SMB,2023-01-23,Monthly,142.85
CUST_001825,France,SMB,2022-10-29,Monthly,82.63
CUST_001826,Spain,Consumer,2024-08-18,Monthly,455.67
CUST_001827,Germany,Consumer,2022-08-15,Monthly,327.61
CUST_001828,Germany,Consumer,2021-04-06,Monthly,89.64
CUST_001829,Netherlands,Consumer,2024-12-02,Annual,495.12
CUST_001830,Germany,Consumer,2025-12-22,Monthly,217.41
CUST_001831,Germany,Consumer,2022-04-04,Monthly,371.83
CUST_001832,Netherlands,Consumer,2025-03-20,Two-Year,104.82
CUST_001833,Germany,Consumer,2021-03-13,Annual,467.73
CUST_001834,Spain,Consumer,2022-09-04,Monthly,58.02
CUST_001835,Spain,Consumer,2021-01-22,Monthly,478.79
CUST_001836,Spain,Enterprise,2022-12-26,Monthly,369.02
CUST_001837,Spain,Consumer,2024-01-18,Annual,129.08
CUST_001838,Germany,Enterprise,2025-10-26,Two-Year,106.83
CUST_001839,Italy,SMB,2025-03-16,Annual,421.81
CUST_001840,France,Consumer,2025-09-05,Two-Year,39.16
CUST_001841,Spain,Enterprise,2024-04-06,Annual,74.85
CUST_001842,France,Enterprise,2022-12-19,Two-Year,342.97
CUST_001843,Spain,SMB,2025-07-14,Annual,57.14
CUST_001844,Netherlands,Consumer,2021-04-19,Annual,279.8
CUST_001845,Spain,Consumer,2025-01-28,Annual,295.55
CUST_001846,France,Consumer,2025-12-10,Annual,28.58
CUST_001847,Germany,SMB,2021-02-10,Monthly,201.04
CUST_001848,France,Consumer,2024-04-08,Monthly,33.69
CUST_001849,Germany,Consumer,2025-05-19,Monthly,484.1
CUST_001850,Italy,Consumer,2024-06-19,Monthly,123.35
CUST_001851,Spain,Consumer,2025-11-17,Two-Year,351.06
CUST_001852,Netherlands,Consumer,2022-05-17,Annual,343.41
CUST_001853,Germany,Consumer,2024-03-12,Monthly,390.67
CUST_001854,Italy,Enterprise,2025-02-03,Monthly,180.96
CUST_001855,Italy,Consumer,2021-05-08,Monthly,108.51
CUST_001856,Netherlands,Consumer,2023-10-15,Annual,274.64
CUST_001857,Spain,Consumer,2025-10-20,Two-Year,353.28
CUST_001858,Spain,Consumer,2023-05-09,Monthly,382.54
CUST_001859,Spain,SMB,2025-01-30,Monthly,43.48
CUST_001860,Spain,Consumer,2024-09-15,Two-Year,381.28
CUST_001861,France,Enterprise,2022-05-08,Annual,73.97
CUST_001862,Netherlands,Enterprise,2022-11-11,Two-Year,271.83
CUST_001863,Netherlands,SMB,2023-06-15,Monthly,286.6
CUST_001864,Germany,SMB,2023-02-24,Monthly,80.98
CUST_001865,France,Consumer,2023-12-24,Annual,482.72
CUST_001866,Italy,Consumer,2024-04-06,Monthly,326.25
CUST_001867,Netherlands,Consumer,2023-01-25,Annual,127.47
CUST_001868,Spain,SMB,2024-03-13,Annual,44.43
CUST_001869,Germany,Consumer,2024-04-18,Monthly,392.01
CUST_001870,Italy,Consumer,2025-11-09,Monthly,423.83
CUST_001871,Germany,Consumer,2025-01-30,Annual,63.5
CUST_001872,Germany,SMB,2023-10-25,Two-Year,143.57
CUST_001873,Netherlands,SMB,2021-11-19,Monthly,328.34
CUST_001874,Netherlands,Consumer,2022-08-10,Annual,221.11
CUST_001875,Netherlands,Consumer,2022-08-29,Monthly,184.41
CUST_001876,Italy,Consumer,2022-06-09,Two-Year,223.74
CUST_001877,Spain,SMB,2025-09-24,Annual,262.55
CUST_001878,Germany,Consumer,2023-09-03,Monthly,108.64
CUST_001879,Germany,Consumer,2025-12-12,Annual,206.27
CUST_001880,France,SMB,2021-08-07,Annual,53.52
CUST_001881,Germany,Consumer,2024-07-25,Annual,22.91
CUST_001882,France,SMB,2023-12-10,Monthly,488.09
CUST_001883,Germany,Consumer,2024-10-24,Annual,46.31
CUST_001884,France,Enterprise,2022-12-14,Annual,40.87
CUST_001885,Germany,Consumer,2023-08-07,Monthly,447.18
CUST_001886,Germany,Consumer,2022-10-05,Monthly,488.5
CUST_001887,Spain,Enterprise,2024-06-26,Two-Year,425.38
CUST_001888,Spain,Consumer,2021-12-18,Annual,86.98
CUST_001889,Italy,SMB,2024-04-20,Monthly,326.98
CUST_001890,Germany,Consumer,2023-06-24,Two-Year,354.52
CUST_001891,Spain,Consumer,2024-12-26,Monthly,390.4
CUST_001892,Italy,Consumer,2021-03-10,Annual,74.19
CUST_001893,France,Consumer,2021-11-29,Monthly,207.56
CUST_001894,Spain,SMB,2024-01-14,Monthly,152.53
CUST_001895,Germany,Consumer,2022-11-14,Two-Year,334.17
CUST_001896,Spain,Consumer,2022-06-06,Annual,184.93
CUST_001897,France,Consumer,2025-08-31,Monthly,264.23
CUST_001898,Spain,Consumer,2025-07-11,Two-Year,320.69
CUST_001899,Spain,Consumer,2021-06-17,Two-Year,435.59
CUST_001900,Spain,Enterprise,2023-08-20,Annual,462.04
CUST_001901,France,Consumer,2024-05-02,Monthly,352.85
CUST_001902,Spain,Consumer,2024-11-26,Monthly,95.07
CUST_001903,Italy,Consumer,2022-01-05,Annual,446.68
CUST_001904,Spain,Consumer,2025-04-04,Two-Year,118.17
CUST_001905,France,Consumer,2024-04-11,Monthly,45.53
CUST_001906,Germany,SMB,2025-05-25,Monthly,229.89
CUST_001907,Germany,SMB,2024-05-27,Monthly,348.63
CUST_001908,Spain,SMB,2025-05-09,Monthly,91.69
CUST_001909,Italy,Consumer,2021-02-24,Annual,163.7
CUST_001910,Italy,SMB,2022-02-16,Monthly,58.43
CUST_001911,Spain,Enterprise,2023-08-30,Annual,316.74
CUST_001912,Spain,Enterprise,2022-07-08,Annual,359.95
CUST_001913,Netherlands,Enterprise,2021-12-28,Monthly,269.45
CUST_001914,Germany,Consumer,2024-07-16,Two-Year,233.33
CUST_001915,Spain,Enterprise,2025-12-19,Monthly,426.9
CUST_001916,Spain,SMB,2023-09-09,Monthly,221.21
CUST_001917,France,SMB,2024-01-17,Monthly,232.05
CUST_001918,France,SMB,2024-01-18,Annual,297.12
CUST_001919,France,Enterprise,2023-02-01,Monthly,357.85
CUST_001920,Netherlands,Consumer,2024-05-22,Two-Year,392.97
CUST_001921,Germany,SMB,2025-01-12,Monthly,39.59
CUST_001922,Germany,SMB,2021-07-28,Monthly,428.56
CUST_001923,Germany,SMB,2022-05-18,Annual,236.63
CUST_001924,Germany,SMB,2021-11-04,Two-Year,454.82
CUST_001925,Spain,Consumer,2024-12-18,Annual,277.44
CUST_001926,Spain,Consumer,2024-03-10,Monthly,248.4
CUST_001927,Germany,Consumer,2024-05-11,Monthly,113.79
CUST_001928,France,SMB,2024-02-16,Monthly,245.41
CUST_001929,Spain,SMB,2023-08-31,Annual,256.61
CUST_001930,Germany,SMB,2025-02-01,Annual,449.35
CUST_001931,France,SMB,2021-10-15,Monthly,445.8
CUST_001932,France,Consumer,2024-06-20,Annual,253.48
CUST_001933,Italy,Consumer,2025-03-04,Annual,436.43
CUST_001934,Italy,SMB,2022-01-15,Monthly,430.11
CUST_001935,France,Enterprise,2024-07-19,Monthly,475.22
CUST_001936,Spain,SMB,2021-05-08,Annual,193.57
CUST_001937,Germany,Enterprise,2021-10-26,Monthly,121.87
CUST_001938,France,Enterprise,2022-12-16,Monthly,473.08
CUST_001939,Spain,Consumer,2025-12-31,Monthly,300.73
CUST_001940,Spain,SMB,2022-11-09,Annual,244.0
CUST_001941,Spain,Consumer,2023-02-23,Annual,217.5
CUST_001942,Germany,Consumer,2024-11-02,Annual,60.68
CUST_001943,Germany,Consumer,2024-12-28,Monthly,117.97
CUST_001944,Spain,Consumer,2024-05-11,Annual,159.96
CUST_001945,Italy,Consumer,2021-02-25,Monthly,284.63
CUST_001946,Netherlands,SMB,2025-05-12,Annual,268.02
CUST_001947,Spain,Consumer,2022-04-22,Two-Year,280.58
CUST_001948,Netherlands,Consumer,2023-07-10,Annual,56.7
CUST_001949,Spain,Consumer,2024-08-29,Monthly,24.69
CUST_001950,Netherlands,Consumer,2022-06-12,Annual,242.31
CUST_001951,Netherlands,Enterprise,2024-06-05,Monthly,112.87
CUST_001952,Spain,Consumer,2023-07-10,Monthly,448.01
CUST_001953,Italy,Consumer,2021-10-13,Two-Year,226.84
CUST_001954,Netherlands,Enterprise,2022-01-29,Monthly,188.96
CUST_001955,Netherlands,SMB,2024-10-24,Monthly,281.12
CUST_001956,Netherlands,SMB,2021-04-21,Annual,321.73
CUST_001957,France,SMB,2022-11-28,Annual,59.34
CUST_001958,Spain,Consumer,2023-07-02,Annual,375.84
CUST_001959,Italy,SMB,2022-12-03,Monthly,86.04
CUST_001960,France,Consumer,2023-01-26,Annual,205.63
CUST_001961,France,Consumer,2025-11-10,Monthly,191.3
CUST_001962,Germany,Consumer,2021-02-28,Two-Year,293.2
CUST_001963,France,SMB,2025-11-28,Monthly,350.94
CUST_001964,Spain,Consumer,2024-08-10,Monthly,404.39
CUST_001965,France,Consumer,2025-08-03,Annual,273.03
CUST_001966,Spain,Consumer,2024-03-22,Monthly,94.59
CUST_001967,France,SMB,2025-09-20,Annual,354.06
CUST_001968,Italy,Consumer,2021-05-15,Monthly,249.82
CUST_001969,Germany,Consumer,2024-08-04,Monthly,302.69
CUST_001970,Germany,Consumer,2024-07-20,Monthly,232.98
CUST_001971,Germany,SMB,2025-08-29,Monthly,219.82
CUST_001972,Netherlands,Consumer,2021-06-01,Monthly,356.65
CUST_001973,France,Enterprise,2023-07-17,Monthly,271.57
CUST_001974,Germany,Consumer,2023-08-04,Monthly,436.54
CUST_001975,Spain,Consumer,2021-06-22,Annual,376.85
CUST_001976,Spain,Consumer,2024-02-11,Annual,248.63
CUST_001977,Germany,Consumer,2023-05-28,Monthly,122.82
CUST_001978,Netherlands,Consumer,2023-07-01,Monthly,28.44
CUST_001979,France,Consumer,2024-05-30,Monthly,118.59
CUST_001980,Spain,Enterprise,2024-09-26,Monthly,155.01
CUST_001981,Italy,Consumer,2024-04-24,Monthly,76.69
CUST_001982,Germany,Consumer,2022-12-06,Monthly,341.16
CUST_001983,Italy,Consumer,2025-10-26,Two-Year,176.52
CUST_001984,Spain,Consumer,2022-01-24,Annual,34.52
CUST_001985,France,Consumer,2022-09-13,Monthly,229.7
CUST_001986,Netherlands,Consumer,2023-06-08,Monthly,396.47
CUST_001987,Spain,Consumer,2022-07-25,Monthly,183.08
CUST_001988,France,Consumer,2022-09-17,Monthly,453.12
CUST_001989,Netherlands,Enterprise,2025-08-20,Annual,429.34
CUST_001990,Spain,SMB,2021-10-04,Monthly,446.9
CUST_001991,Spain,Enterprise,2023-07-24,Monthly,340.54
CUST_001992,France,Consumer,2023-05-11,Monthly,407.17
CUST_001993,Germany,Enterprise,2021-06-08,Annual,206.71
CUST_001994,Spain,Consumer,2022-01-03,Monthly,352.75
CUST_001995,Germany,Consumer,2022-05-13,Two-Year,127.47
CUST_001996,Italy,SMB,2023-05-09,Monthly,118.27
CUST_001997,Spain,Consumer,2023-01-31,Monthly,472.94
CUST_001998,Germany,Consumer,2023-12-18,Monthly,283.43
CUST_001999,Italy,SMB,2022-11-19,Annual,54.41
CUST_002000,Germany,SMB,2024-11-29,Monthly,114.7
CUST_002001,Italy,Consumer,2022-11-01,Monthly,241.44
CUST_002002,Germany,Consumer,2025-04-07,Monthly,426.03
CUST_002003,Netherlands,Consumer,2025-12-31,Monthly,450.06
CUST_002004,France,Enterprise,2024-05-05,Monthly,74.46
CUST_002005,Spain,Consumer,2021-07-06,Annual,49.77
CUST_002006,Italy,Consumer,2025-06-20,Annual,78.41
CUST_002007,Germany,Consumer,2025-01-31,Annual,342.27
CUST_002008,Spain,Enterprise,2023-10-16,Two-Year,275.76
CUST_002009,Spain,SMB,2022-09-13,Monthly,374.19
CUST_002010,France,Consumer,2024-07-21,Two-Year,304.81
CUST_002011,Spain,Enterprise,2024-01-30,Monthly,66.02
CUST_002012,Spain,Consumer,2024-11-07,Monthly,143.66
CUST_002013,Spain,Enterprise,2024-03-24,Annual,179.14
CUST_002014,Germany,Consumer,2025-02-15,Monthly,359.69
CUST_002015,Germany,Consumer,2025-11-02,Monthly,306.49
CUST_002016,Germany,Consumer,2024-10-04,Annual,474.48
CUST_002017,Spain,Enterprise,2022-08-04,Monthly,89.85
CUST_002018,Spain,Enterprise,2025-07-06,Monthly,470.54
CUST_002019,France,Consumer,2025-02-18,Annual,125.67
CUST_002020,Germany,Consumer,2023-05-14,Monthly,184.86
CUST_002021,France,Consumer,2021-04-20,Monthly,36.6
CUST_002022,Spain,Consumer,2025-10-08,Monthly,162.33
CUST_002023,Spain,Consumer,2023-09-14,Two-Year,115.86
CUST_002024,Spain,Consumer,2023-01-01,Two-Year,124.28
CUST_002025,Germany,SMB,2024-01-14,Annual,294.66
CUST_002026,Germany,SMB,2021-05-09,Monthly,394.78
CUST_002027,Italy,Enterprise,2025-02-16,Monthly,377.58
CUST_002028,Germany,Consumer,2021-11-29,Monthly,417.99
CUST_002029,Germany,Consumer,2022-04-16,Annual,371.04
CUST_002030,France,Consumer,2023-10-17,Annual,488.72
CUST_002031,Spain,Consumer,2024-04-28,Annual,28.87
CUST_002032,Germany,SMB,2021-01-27,Monthly,494.19
CUST_002033,Germany,SMB,2023-11-27,Two-Year,216.72
CUST_002034,Germany,Consumer,2021-10-15,Monthly,249.35
CUST_002035,Spain,Consumer,2025-10-09,Monthly,297.13
CUST_002036,Italy,Enterprise,2022-11-15,Monthly,24.09
CUST_002037,Netherlands,Consumer,2023-06-15,Annual,107.22
CUST_002038,Spain,Consumer,2024-02-14,Two-Year,234.07
CUST_002039,France,SMB,2021-10-14,Monthly,389.37
CUST_002040,Italy,Consumer,2021-10-30,Two-Year,437.64
CUST_002041,Spain,Consumer,2025-10-18,Monthly,90.91
CUST_002042,Italy,SMB,2023-11-16,Monthly,146.23
CUST_002043,France,Enterprise,2022-02-19,Monthly,311.54
CUST_002044,Netherlands,Consumer,2024-04-25,Monthly,193.27
CUST_002045,Netherlands,Consumer,2025-06-19,Annual,163.0
CUST_002046,Spain,SMB,2024-10-26,Monthly,203.99
CUST_002047,Germany,SMB,2023-01-01,Monthly,356.77
CUST_002048,Germany,Consumer,2024-04-21,Monthly,115.33
CUST_002049,Spain,Consumer,2025-06-24,Annual,49.71
CUST_002050,Germany,SMB,2022-04-02,Two-Year,21.66
CUST_002051,Netherlands,Consumer,2024-12-14,Annual,272.8
CUST_002052,Spain,Consumer,2025-12-27,Monthly,140.01
CUST_002053,Germany,Consumer,2022-09-23,Monthly,289.59
CUST_002054,Italy,Consumer,2025-06-10,Monthly,442.88
CUST_002055,Germany,Enterprise,2021-02-10,Two-Year,160.96
CUST_002056,Germany,Consumer,2022-11-14,Monthly,108.11
CUST_002057,Netherlands,Consumer,2022-05-20,Two-Year,20.76
CUST_002058,Germany,Enterprise,2021-02-23,Annual,491.05
CUST_002059,Spain,Consumer,2024-01-06,Annual,268.08
CUST_002060,Spain,Consumer,2023-08-24,Annual,405.01
CUST_002061,Netherlands,Consumer,2022-11-24,Monthly,431.89
CUST_002062,Spain,SMB,2025-04-29,Monthly,497.7
CUST_002063,Germany,SMB,2022-03-30,Monthly,432.62
CUST_002064,Spain,SMB,2025-02-09,Monthly,161.15
CUST_002065,Germany,Consumer,2024-03-06,Annual,290.9
CUST_002066,Netherlands,Consumer,2025-06-27,Monthly,482.11
CUST_002067,Germany,Consumer,2021-01-13,Two-Year,324.02
CUST_002068,Netherlands,Enterprise,2025-11-06,Two-Year,389.15
CUST_002069,Spain,Consumer,2021-01-05,Monthly,455.2
CUST_002070,Germany,SMB,2024-07-25,Monthly,314.55
CUST_002071,Italy,SMB,2024-10-06,Monthly,352.38
CUST_002072,Germany,Consumer,2021-10-24,Monthly,302.37
CUST_002073,Spain,Consumer,2021-03-06,Annual,182.55
CUST_002074,Italy,Consumer,2021-03-08,Annual,139.42
CUST_002075,Germany,Consumer,2021-08-25,Annual,324.1
CUST_002076,Germany,Enterprise,2021-10-04,Monthly,490.94
CUST_002077,Netherlands,Consumer,2025-11-02,Annual,459.75
CUST_002078,Spain,Enterprise,2022-01-03,Annual,120.73
CUST_002079,Germany,Consumer,2025-01-10,Two-Year,424.52
CUST_002080,Spain,Consumer,2021-04-23,Annual,30.13
CUST_002081,Germany,Enterprise,2024-04-09,Annual,302.94
CUST_002082,Spain,Enterprise,2023-04-09,Monthly,466.56
CUST_002083,France,Consumer,2023-09-14,Annual,480.48
CUST_002084,Spain,SMB,2024-12-02,Monthly,309.47
CUST_002085,France,Enterprise,2022-01-19,Monthly,322.79
CUST_002086,Spain,SMB,2021-01-08,Monthly,207.16
CUST_002087,Germany,SMB,2022-02-08,Monthly,367.35
CUST_002088,Germany,Consumer,2025-01-07,Monthly,137.94
CUST_002089,France,Consumer,2023-12-16,Monthly,36.26
CUST_002090,Germany,SMB,2025-08-17,Annual,420.95
CUST_002091,Germany,Consumer,2025-03-04,Annual,48.97
CUST_002092,Italy,Consumer,2021-10-05,Two-Year,339.06
CUST_002093,France,Consumer,2021-04-16,Annual,229.73
CUST_002094,Spain,Consumer,2021-02-08,Monthly,40.76
CUST_002095,Netherlands,Consumer,2021-12-12,Annual,96.71
CUST_002096,Germany,Consumer,2023-05-26,Annual,68.35
CUST_002097,Spain,Consumer,2021-01-31,Monthly,122.91
CUST_002098,Germany,Consumer,2025-05-05,Two-Year,324.93
CUST_002099,Spain,Enterprise,2023-05-24,Two-Year,293.9
CUST_002100,Spain,SMB,2024-09-07,Monthly,227.81
CUST_002101,France,Consumer,2025-05-13,Annual,424.67
CUST_002102,Spain,Consumer,2021-03-05,Monthly,381.48
CUST_002103,Italy,Consumer,2023-03-04,Two-Year,347.7
CUST_002104,Netherlands,SMB,2024-05-14,Annual,307.45
CUST_002105,France,SMB,2025-12-26,Monthly,354.13
CUST_002106,France,SMB,2025-02-02,Annual,128.77
CUST_002107,France,SMB,2022-02-01,Annual,144.71
CUST_002108,Netherlands,Consumer,2022-05-10,Monthly,163.1
CUST_002109,Germany,Consumer,2024-12-30,Annual,375.71
CUST_002110,Spain,Consumer,2024-04-08,Annual,227.49
CUST_002111,Germany,Consumer,2022-04-01,Monthly,480.56
CUST_002112,Germany,Consumer,2023-06-21,Annual,39.3
CUST_002113,Spain,SMB,2025-08-24,Monthly,203.92
CUST_002114,France,Consumer,2022-01-11,Monthly,94.27
CUST_002115,Spain,SMB,2022-08-26,Annual,411.83
CUST_002116,Netherlands,Consumer,2025-07-05,Monthly,250.21
CUST_002117,Spain,Consumer,2024-05-13,Monthly,317.61
CUST_002118,Spain,SMB,2022-02-12,Two-Year,307.02
CUST_002119,Spain,Consumer,2022-06-09,Annual,57.95
CUST_002120,Spain,Consumer,2025-03-15,Annual,396.19
CUST_002121,Spain,Consumer,2022-05-27,Annual,414.55
CUST_002122,Spain,SMB,2024-07-05,Two-Year,311.57
CUST_002123,Spain,Consumer,2023-06-25,Two-Year,154.85
CUST_002124,Spain,Enterprise,2022-02-08,Monthly,367.56
CUST_002125,Germany,Enterprise,2022-11-04,Monthly,356.32
CUST_002126,Germany,SMB,2024-07-22,Monthly,458.02
CUST_002127,Germany,Consumer,2025-01-04,Monthly,76.32
CUST_002128,Germany,SMB,2021-02-17,Monthly,456.71
CUST_002129,Spain,Consumer,2025-07-12,Annual,445.79
CUST_002130,Spain,Enterprise,2022-03-08,Annual,162.81
CUST_002131,Spain,Consumer,2024-03-30,Two-Year,363.77
CUST_002132,Italy,Consumer,2022-06-06,Monthly,146.58
CUST_002133,Netherlands,Consumer,2022-05-04,Monthly,132.85
CUST_002134,Netherlands,SMB,2025-06-12,Monthly,327.94
CUST_002135,Germany,Enterprise,2024-07-03,Monthly,44.02
CUST_002136,Germany,Consumer,2025-07-30,Monthly,66.31
CUST_002137,Germany,Consumer,2021-02-08,Two-Year,336.87
CUST_002138,Italy,SMB,2022-05-10,Monthly,476.9
CUST_002139,Italy,SMB,2021-03-30,Annual,36.34
CUST_002140,Italy,SMB,2023-05-17,Monthly,31.0
CUST_002141,Italy,Consumer,2023-04-24,Annual,55.89
CUST_002142,Germany,SMB,2025-11-28,Two-Year,20.8
CUST_002143,Italy,Enterprise,2022-02-26,Two-Year,465.59
CUST_002144,Italy,Consumer,2024-05-01,Monthly,247.54
CUST_002145,Germany,Consumer,2025-12-21,Two-Year,352.21
CUST_002146,Netherlands,Consumer,2021-05-08,Monthly,219.87
CUST_002147,Spain,Consumer,2023-03-24,Annual,498.68
CUST_002148,Netherlands,SMB,2022-12-16,Monthly,250.37
CUST_002149,Italy,Consumer,2021-02-17,Annual,470.85
CUST_002150,Spain,Consumer,2023-02-09,Annual,331.81
CUST_002151,France,Consumer,2022-04-09,Annual,474.91
CUST_002152,Spain,Enterprise,2022-07-14,Annual,257.67
CUST_002153,Italy,SMB,2022-01-24,Monthly,441.86
CUST_002154,Italy,Consumer,2023-08-08,Two-Year,180.27
CUST_002155,France,SMB,2022-12-29,Monthly,337.38
CUST_002156,Italy,Consumer,2024-09-05,Monthly,316.25
CUST_002157,Spain,SMB,2022-10-08,Monthly,253.68
CUST_002158,Spain,SMB,2024-06-16,Monthly,260.71
CUST_002159,Germany,Consumer,2023-08-22,Monthly,101.66
CUST_002160,Spain,Enterprise,2022-10-04,Annual,454.89
CUST_002161,Germany,Consumer,2025-02-12,Monthly,238.02
CUST_002162,Spain,SMB,2024-09-07,Annual,92.71
CUST_002163,Germany,Consumer,2023-08-19,Monthly,358.08
CUST_002164,Germany,SMB,2023-09-03,Annual,369.04
CUST_002165,Italy,Consumer,2024-10-26,Monthly,41.66
CUST_002166,Spain,Consumer,2024-11-06,Monthly,179.75
CUST_002167,Italy,Consumer,2024-07-24,Annual,300.45
CUST_002168,Germany,Enterprise,2021-07-27,Two-Year,414.36
CUST_002169,Germany,Consumer,2022-02-25,Two-Year,169.09
CUST_002170,Germany,SMB,2023-01-10,Monthly,163.83
CUST_002171,Germany,Consumer,2023-11-17,Two-Year,373.55
CUST_002172,Spain,SMB,2022-12-22,Annual,125.22
CUST_002173,Germany,Consumer,2025-02-22,Two-Year,450.08
CUST_002174,Spain,Consumer,2022-10-05,Monthly,399.4
CUST_002175,Germany,Enterprise,2023-09-21,Monthly,448.67
CUST_002176,France,Consumer,2024-06-28,Monthly,189.8
CUST_002177,Germany,Consumer,2022-11-21,Annual,99.55
CUST_002178,Italy,Enterprise,2023-10-15,Monthly,300.83
CUST_002179,Spain,Consumer,2024-08-20,Monthly,111.19
CUST_002180,Netherlands,Consumer,2022-12-06,Annual,147.73
CUST_002181,Italy,Consumer,2025-11-08,Two-Year,212.27
CUST_002182,Netherlands,SMB,2023-09-07,Annual,242.11
CUST_002183,Italy,Enterprise,2024-12-07,Annual,174.76
CUST_002184,Spain,SMB,2024-07-10,Monthly,156.67
CUST_002185,Germany,SMB,2025-01-26,Two-Year,138.43
CUST_002186,Spain,Consumer,2024-05-17,Monthly,351.27
CUST_002187,Italy,Consumer,2023-09-11,Monthly,166.82
CUST_002188,France,Consumer,2024-10-20,Monthly,353.31
CUST_002189,Spain,Consumer,2023-05-02,Monthly,376.58
CUST_002190,Netherlands,Consumer,2025-04-04,Annual,362.83
CUST_002191,Spain,SMB,2023-07-06,Annual,458.93
CUST_002192,France,Consumer,2024-09-12,Monthly,478.15
CUST_002193,France,Consumer,2022-01-13,Monthly,90.49
CUST_002194,Spain,Consumer,2021-11-25,Monthly,173.88
CUST_002195,France,Consumer,2023-10-29,Monthly,398.08
CUST_002196,Italy,Consumer,2025-03-26,Two-Year,395.27
CUST_002197,Spain,Consumer,2024-09-02,Annual,54.05
CUST_002198,Germany,Consumer,2022-08-30,Monthly,481.78
CUST_002199,Spain,Consumer,2025-04-12,Monthly,430.98
CUST_002200,France,SMB,2024-05-01,Annual,451.62
CUST_002201,Spain,Enterprise,2023-10-13,Annual,118.1
CUST_002202,Netherlands,SMB,2025-12-15,Two-Year,260.44
CUST_002203,Italy,SMB,2024-11-23,Monthly,231.46
CUST_002204,Spain,Enterprise,2022-06-23,Annual,192.94
CUST_002205,Germany,Consumer,2021-04-29,Monthly,129.13
CUST_002206,France,SMB,2022-05-09,Annual,87.01
CUST_002207,France,Consumer,2021-11-19,Monthly,437.84
CUST_002208,Germany,Consumer,2021-11-29,Annual,274.61
CUST_002209,Spain,Consumer,2023-08-13,Monthly,308.4
CUST_002210,Spain,Consumer,2025-12-02,Annual,145.57
CUST_002211,Netherlands,SMB,2024-03-31,Monthly,468.83
CUST_002212,Germany,Consumer,2023-02-19,Annual,469.46
CUST_002213,Italy,SMB,2022-03-30,Monthly,342.3
CUST_002214,Germany,Enterprise,2024-12-02,Annual,173.87
CUST_002215,Netherlands,Consumer,2023-09-29,Monthly,131.77
CUST_002216,Spain,Consumer,2021-03-31,Annual,305.73
CUST_002217,Spain,Consumer,2023-05-02,Annual,419.78
CUST_002218,Netherlands,Consumer,2021-11-26,Monthly,484.15
CUST_002219,Netherlands,Enterprise,2023-06-29,Monthly,52.73
CUST_002220,Germany,SMB,2021-04-26,Monthly,180.41
CUST_002221,Germany,SMB,2022-01-25,Monthly,207.75
CUST_002222,Germany,Consumer,2025-01-29,Annual,197.13
CUST_002223,Germany,SMB,2021-11-05,Monthly,340.53
CUST_002224,Spain,SMB,2021-07-14,Monthly,282.66
CUST_002225,Italy,Consumer,2022-02-08,Monthly,447.86
CUST_002226,Spain,Consumer,2025-08-13,Monthly,126.82
CUST_002227,France,Consumer,2025-09-28,Monthly,211.68
CUST_002228,Spain,Consumer,2024-04-27,Annual,279.76
CUST_002229,Spain,Enterprise,2024-11-26,Monthly,412.06
CUST_002230,France,SMB,2025-07-19,Two-Year,415.16
CUST_002231,Germany,Consumer,2022-06-25,Annual,432.5
CUST_002232,France,Enterprise,2023-01-17,Monthly,269.18
CUST_002233,Spain,Consumer,2021-02-20,Two-Year,135.97
CUST_002234,Netherlands,Consumer,2023-08-18,Annual,368.6
CUST_002235,France,Enterprise,2025-08-18,Annual,478.24
CUST_002236,Italy,Enterprise,2021-02-20,Monthly,156.94
CUST_002237,Spain,SMB,2024-07-23,Annual,115.22
CUST_002238,Germany,Consumer,2023-05-01,Monthly,30.79
CUST_002239,Germany,Enterprise,2025-10-29,Annual,339.9
CUST_002240,Germany,SMB,2023-12-15,Monthly,281.61
CUST_002241,Spain,SMB,2023-01-11,Monthly,84.66
CUST_002242,Spain,Consumer,2021-07-03,Annual,115.77
CUST_002243,Germany,Consumer,2023-10-22,Monthly,337.87
CUST_002244,Spain,SMB,2025-11-27,Monthly,229.29
CUST_002245,Germany,Enterprise,2021-01-24,Annual,131.95
CUST_002246,Spain,Consumer,2021-01-09,Monthly,310.8
CUST_002247,Spain,Consumer,2025-06-14,Monthly,45.28
CUST_002248,France,SMB,2022-05-04,Monthly,27.78
CUST_002249,Germany,Consumer,2024-01-15,Two-Year,145.22
CUST_002250,Germany,Consumer,2024-01-30,Annual,158.97
CUST_002251,Germany,Consumer,2023-05-27,Annual,70.1
CUST_002252,Italy,Consumer,2023-06-28,Annual,75.14
CUST_002253,Germany,SMB,2024-06-10,Annual,100.55
CUST_002254,France,Consumer,2022-03-13,Annual,367.81
CUST_002255,Netherlands,Consumer,2021-11-25,Annual,406.96
CUST_002256,Germany,Enterprise,2025-12-07,Two-Year,107.17
CUST_002257,Netherlands,SMB,2021-01-16,Annual,335.25
CUST_002258,Italy,Consumer,2021-12-11,Monthly,132.15
CUST_002259,Spain,Consumer,2024-08-24,Monthly,442.43
CUST_002260,Germany,SMB,2023-11-04,Monthly,149.09
CUST_002261,France,Consumer,2022-08-12,Annual,82.29
CUST_002262,Netherlands,Consumer,2021-07-31,Two-Year,230.79
CUST_002263,Germany,Consumer,2022-11-01,Annual,94.02
CUST_002264,Spain,Consumer,2021-04-13,Annual,115.22
CUST_002265,France,SMB,2023-10-08,Annual,182.75
CUST_002266,Spain,Consumer,2023-06-10,Two-Year,337.15
CUST_002267,Italy,Consumer,2025-08-07,Annual,76.09
CUST_002268,Germany,Consumer,2025-01-09,Monthly,156.37
CUST_002269,France,Consumer,2023-05-08,Monthly,432.02
CUST_002270,Italy,Consumer,2023-08-29,Monthly,151.41
CUST_002271,France,Enterprise,2024-06-12,Monthly,100.85
CUST_002272,France,Consumer,2022-06-21,Monthly,276.14
CUST_002273,Italy,Consumer,2024-01-03,Monthly,35.99
CUST_002274,Italy,Consumer,2021-01-31,Monthly,405.9
CUST_002275,Italy,SMB,2025-09-11,Monthly,126.78
CUST_002276,Spain,Consumer,2025-09-14,Two-Year,83.77
CUST_002277,France,Enterprise,2025-06-13,Monthly,407.94
CUST_002278,Spain,SMB,2022-01-22,Annual,424.52
CUST_002279,Italy,Consumer,2024-12-10,Monthly,372.67
CUST_002280,France,SMB,2023-11-16,Two-Year,132.61
CUST_002281,Germany,Consumer,2025-12-01,Annual,272.95
CUST_002282,Spain,Enterprise,2021-01-29,Two-Year,485.15
CUST_002283,Germany,Enterprise,2022-12-27,Annual,249.33
CUST_002284,France,Consumer,2021-06-27,Annual,475.83
CUST_002285,Spain,SMB,2025-09-24,Monthly,344.66
CUST_002286,Spain,Consumer,2021-11-07,Monthly,425.6
CUST_002287,Italy,Consumer,2021-03-12,Annual,112.35
CUST_002288,Italy,SMB,2021-07-25,Monthly,464.83
CUST_002289,Spain,Enterprise,2025-10-29,Monthly,429.61
CUST_002290,Spain,Consumer,2023-08-28,Two-Year,396.82
CUST_002291,Netherlands,SMB,2021-07-16,Monthly,471.79
CUST_002292,France,SMB,2022-12-27,Annual,398.66
CUST_002293,France,Consumer,2023-02-17,Monthly,296.84
CUST_002294,Germany,SMB,2025-01-03,Monthly,331.37
CUST_002295,Spain,SMB,2022-02-06,Monthly,414.03
CUST_002296,Spain,SMB,2021-08-01,Monthly,379.6
CUST_002297,France,Enterprise,2024-10-01,Annual,304.06
CUST_002298,Spain,Consumer,2023-02-27,Two-Year,307.08
CUST_002299,Spain,Consumer,2021-08-15,Monthly,442.54
CUST_002300,France,Consumer,2023-02-21,Monthly,24.76
CUST_002301,Netherlands,Consumer,2023-02-18,Annual,364.62
CUST_002302,Italy,Consumer,2022-02-26,Monthly,291.52
CUST_002303,Germany,Enterprise,2022-01-02,Monthly,422.38
CUST_002304,Germany,Consumer,2021-06-25,Monthly,118.61
CUST_002305,Germany,SMB,2025-03-15,Annual,272.16
CUST_002306,Germany,Consumer,2021-01-20,Monthly,81.27
CUST_002307,Germany,Consumer,2023-07-17,Monthly,336.5
CUST_002308,Germany,SMB,2021-02-04,Two-Year,386.61
CUST_002309,France,SMB,2025-01-08,Two-Year,319.3
CUST_002310,Italy,Consumer,2022-12-29,Annual,286.29
CUST_002311,Netherlands,Enterprise,2025-11-27,Annual,184.82
CUST_002312,Spain,Consumer,2021-04-10,Two-Year,327.1
CUST_002313,Germany,Consumer,2022-08-30,Annual,451.76
CUST_002314,Spain,Consumer,2022-12-22,Annual,366.28
CUST_002315,Germany,SMB,2021-05-06,Monthly,31.02
CUST_002316,Spain,Consumer,2023-03-10,Monthly,264.19
CUST_002317,Spain,SMB,2023-04-19,Annual,373.48
CUST_002318,Italy,Consumer,2023-03-25,Annual,262.0
CUST_002319,Germany,Consumer,2023-09-01,Monthly,303.85
CUST_002320,Netherlands,Enterprise,2021-12-16,Annual,457.56
CUST_002321,Spain,Consumer,2022-03-12,Annual,439.5
CUST_002322,Spain,Consumer,2023-06-30,Monthly,59.03
CUST_002323,Germany,Consumer,2024-03-21,Annual,265.07
CUST_002324,Spain,Consumer,2022-12-18,Monthly,318.71
CUST_002325,Spain,Consumer,2023-04-15,Annual,428.98
CUST_002326,Netherlands,Consumer,2025-12-12,Two-Year,147.44
CUST_002327,Spain,Consumer,2024-03-25,Two-Year,87.13
CUST_002328,Spain,Consumer,2021-03-24,Two-Year,306.63
CUST_002329,France,Consumer,2022-10-21,Annual,244.45
CUST_002330,Germany,Consumer,2021-04-09,Monthly,143.7
CUST_002331,France,Consumer,2025-05-18,Annual,472.61
CUST_002332,Germany,SMB,2025-02-14,Monthly,172.43
CUST_002333,Italy,SMB,2023-05-01,Annual,46.54
CUST_002334,Spain,Consumer,2022-05-01,Annual,48.22
CUST_002335,Germany,Consumer,2024-08-06,Annual,116.52
CUST_002336,France,Consumer,2021-12-02,Monthly,76.03
CUST_002337,Italy,Consumer,2024-11-07,Monthly,209.45
CUST_002338,Germany,Consumer,2025-05-16,Monthly,58.62
CUST_002339,France,SMB,2021-11-25,Monthly,289.36
CUST_002340,Spain,SMB,2023-08-31,Monthly,216.03
CUST_002341,Spain,Consumer,2021-10-10,Monthly,307.0
CUST_002342,Spain,Enterprise,2024-01-30,Two-Year,494.83
CUST_002343,France,Consumer,2024-05-17,Monthly,496.11
CUST_002344,Spain,Enterprise,2021-01-15,Annual,220.17
CUST_002345,France,SMB,2025-09-22,Monthly,196.19
CUST_002346,Spain,Consumer,2022-04-22,Two-Year,347.15
CUST_002347,Italy,Consumer,2023-04-27,Annual,196.49
CUST_002348,Italy,Consumer,2022-04-19,Two-Year,393.58
CUST_002349,Spain,Enterprise,2025-07-11,Two-Year,308.79
CUST_002350,Spain,Consumer,2024-10-21,Annual,115.75
CUST_002351,Spain,Enterprise,2025-12-13,Monthly,219.12
CUST_002352,Italy,Consumer,2022-12-06,Annual,434.56
CUST_002353,Spain,Consumer,2023-10-25,Monthly,285.61
CUST_002354,Germany,SMB,2023-11-21,Two-Year,360.76
CUST_002355,Germany,Consumer,2022-02-25,Two-Year,360.73
CUST_002356,Italy,Consumer,2025-08-29,Monthly,251.43
CUST_002357,Germany,Enterprise,2025-04-28,Annual,161.84
CUST_002358,Germany,Consumer,2025-12-04,Monthly,306.24
CUST_002359,Netherlands,Enterprise,2023-04-15,Annual,74.27
CUST_002360,Spain,Enterprise,2021-08-21,Annual,306.74
CUST_002361,Italy,Consumer,2021-10-18,Annual,69.31
CUST_002362,Spain,Consumer,2023-10-13,Two-Year,452.86
CUST_002363,Germany,Consumer,2025-02-03,Monthly,377.06
CUST_002364,Italy,SMB,2024-06-30,Annual,106.98
CUST_002365,France,Enterprise,2024-08-30,Annual,396.64
CUST_002366,France,Enterprise,2024-11-29,Monthly,368.41
CUST_002367,Spain,Enterprise,2025-03-19,Monthly,369.65
CUST_002368,Germany,Consumer,2025-08-08,Monthly,180.94
CUST_002369,Germany,Consumer,2022-10-25,Annual,270.92
CUST_002370,Germany,Consumer,2024-08-22,Two-Year,301.17
CUST_002371,Germany,Enterprise,2022-05-24,Monthly,200.95
CUST_002372,Germany,Consumer,2024-06-13,Monthly,288.99
CUST_002373,Germany,Consumer,2021-04-12,Monthly,137.13
CUST_002374,Spain,Consumer,2021-04-09,Monthly,439.94
CUST_002375,Germany,Consumer,2021-12-31,Monthly,480.96
CUST_002376,Spain,Consumer,2023-09-22,Annual,176.83
CUST_002377,Italy,Consumer,2025-07-21,Monthly,184.35
CUST_002378,France,Enterprise,2023-12-30,Annual,123.78
CUST_002379,Spain,SMB,2023-10-22,Monthly,435.09
CUST_002380,France,Consumer,2024-06-25,Annual,98.41
CUST_002381,Italy,SMB,2025-06-07,Monthly,403.45
CUST_002382,Spain,Consumer,2023-12-02,Monthly,419.52
CUST_002383,Spain,SMB,2024-09-09,Monthly,171.79
CUST_002384,Spain,Consumer,2023-01-18,Annual,392.86
CUST_002385,Spain,Consumer,2025-12-23,Two-Year,237.43
CUST_002386,Italy,Consumer,2023-06-10,Monthly,187.26
CUST_002387,Netherlands,Consumer,2025-06-19,Annual,448.82
CUST_002388,Spain,Consumer,2025-11-02,Annual,237.69
CUST_002389,France,SMB,2025-05-31,Monthly,46.51
CUST_002390,Spain,SMB,2022-08-24,Annual,324.57
CUST_002391,France,Consumer,2022-11-13,Monthly,335.84
CUST_002392,Italy,Consumer,2024-12-03,Two-Year,324.63
CUST_002393,Germany,SMB,2025-08-23,Annual,192.95
CUST_002394,Spain,Consumer,2024-01-15,Monthly,345.74
CUST_002395,France,Consumer,2024-11-20,Annual,159.73
CUST_002396,Netherlands,Consumer,2023-03-22,Monthly,242.89
CUST_002397,Spain,Consumer,2025-04-14,Annual,124.02
CUST_002398,Spain,Consumer,2023-01-27,Annual,314.36
CUST_002399,Spain,Consumer,2024-02-10,Annual,409.04
CUST_002400,France,Consumer,2023-09-08,Monthly,66.88
CUST_002401,France,SMB,2025-03-08,Monthly,32.97
CUST_002402,Italy,SMB,2024-12-31,Annual,385.34
CUST_002403,Italy,SMB,2025-03-13,Annual,174.98
CUST_002404,Italy,Consumer,2021-08-12,Annual,175.44
CUST_002405,Italy,Enterprise,2022-03-25,Monthly,291.07
CUST_002406,Spain,SMB,2025-07-21,Annual,253.63
CUST_002407,France,Consumer,2021-08-26,Annual,78.35
CUST_002408,Spain,Consumer,2024-11-14,Annual,385.01
CUST_002409,Germany,SMB,2024-03-04,Monthly,104.61
CUST_002410,Netherlands,Consumer,2022-09-30,Monthly,416.49
CUST_002411,France,SMB,2021-03-11,Monthly,386.89
CUST_002412,Netherlands,SMB,2021-01-19,Annual,100.27
CUST_002413,Germany,Enterprise,2025-06-18,Annual,383.94
CUST_002414,Germany,Enterprise,2021-07-12,Two-Year,337.25
CUST_002415,Germany,SMB,2024-09-22,Monthly,491.27
CUST_002416,Spain,Enterprise,2021-09-21,Annual,361.68
CUST_002417,Spain,Enterprise,2022-12-26,Two-Year,207.3
CUST_002418,Germany,Consumer,2021-07-09,Monthly,317.63
CUST_002419,Spain,SMB,2024-03-09,Monthly,337.7
CUST_002420,Netherlands,Consumer,2021-07-07,Monthly,377.91
CUST_002421,Spain,Consumer,2024-02-18,Annual,244.94
CUST_002422,Spain,Consumer,2025-10-20,Monthly,417.29
CUST_002423,Italy,Consumer,2024-09-16,Monthly,157.73
CUST_002424,Spain,Consumer,2024-04-17,Annual,482.4
CUST_002425,Netherlands,Consumer,2025-07-13,Annual,169.01
CUST_002426,France,Consumer,2025-02-07,Two-Year,38.02
CUST_002427,Spain,SMB,2024-08-31,Annual,116.06
CUST_002428,France,Enterprise,2023-10-25,Two-Year,465.17
CUST_002429,France,Enterprise,2022-12-14,Annual,399.22
CUST_002430,Italy,Consumer,2024-02-06,Annual,230.9
CUST_002431,Italy,Consumer,2021-07-14,Monthly,454.47
CUST_002432,France,Enterprise,2025-05-28,Two-Year,138.38
CUST_002433,France,Consumer,2025-06-05,Two-Year,132.11
CUST_002434,Germany,Enterprise,2022-04-24,Annual,81.9
CUST_002435,France,SMB,2024-10-14,Monthly,232.37
CUST_002436,Netherlands,Consumer,2024-06-22,Monthly,266.78
CUST_002437,France,Consumer,2025-04-09,Monthly,89.67
CUST_002438,France,Consumer,2025-07-01,Monthly,75.01
CUST_002439,Germany,Consumer,2024-09-19,Monthly,207.42
CUST_002440,Italy,Consumer,2025-09-06,Monthly,131.66
CUST_002441,Netherlands,SMB,2022-08-17,Monthly,295.65
CUST_002442,Spain,SMB,2023-03-22,Two-Year,271.68
CUST_002443,Spain,Consumer,2021-09-30,Annual,97.99
CUST_002444,Germany,Consumer,2025-04-14,Annual,26.37
CUST_002445,Germany,Consumer,2022-05-22,Monthly,329.5
CUST_002446,France,Consumer,2023-07-10,Monthly,390.99
CUST_002447,Spain,SMB,2021-10-25,Monthly,254.37
CUST_002448,Germany,SMB,2022-04-16,Two-Year,296.24
CUST_002449,France,SMB,2024-05-17,Monthly,481.62
CUST_002450,France,Consumer,2022-04-04,Annual,388.5
CUST_002451,France,Consumer,2023-07-31,Monthly,180.23
CUST_002452,France,SMB,2023-04-05,Monthly,428.14
CUST_002453,France,SMB,2024-01-28,Monthly,283.28
CUST_002454,Italy,SMB,2022-04-16,Monthly,270.53
CUST_002455,France,Consumer,2023-06-05,Monthly,352.1
CUST_002456,Germany,Enterprise,2021-02-24,Two-Year,226.15
CUST_002457,France,Consumer,2023-08-05,Monthly,442.77
CUST_002458,Spain,Consumer,2021-07-12,Monthly,100.3
CUST_002459,Spain,SMB,2024-08-22,Monthly,222.52
CUST_002460,Germany,Consumer,2025-03-31,Two-Year,51.13
CUST_002461,Italy,SMB,2023-01-04,Annual,358.59
CUST_002462,France,Consumer,2025-05-31,Annual,149.74
CUST_002463,Spain,Consumer,2022-12-18,Annual,224.2
CUST_002464,France,Consumer,2025-05-14,Two-Year,445.45
CUST_002465,Spain,SMB,2023-08-08,Monthly,109.42
CUST_002466,France,SMB,2023-10-09,Annual,21.08
CUST_002467,Italy,Consumer,2023-01-17,Annual,297.5
CUST_002468,France,Consumer,2025-09-04,Monthly,230.02
CUST_002469,France,Consumer,2024-07-13,Monthly,46.38
CUST_002470,Germany,Consumer,2023-07-01,Annual,162.2
CUST_002471,Germany,SMB,2024-12-23,Monthly,134.77
CUST_002472,Italy,Consumer,2023-04-25,Monthly,145.1
CUST_002473,France,Consumer,2025-05-20,Monthly,399.04
CUST_002474,Germany,Consumer,2023-05-17,Monthly,166.28
CUST_002475,Germany,Consumer,2025-01-19,Annual,255.02
CUST_002476,Spain,SMB,2022-04-10,Monthly,147.45
CUST_002477,Spain,SMB,2023-11-01,Annual,476.26
CUST_002478,Spain,Consumer,2024-01-26,Monthly,391.62
CUST_002479,Germany,Enterprise,2023-08-22,Monthly,223.18
CUST_002480,Netherlands,Consumer,2023-03-31,Monthly,368.95
CUST_002481,Germany,Enterprise,2021-01-03,Two-Year,171.12
CUST_002482,Spain,SMB,2025-11-15,Monthly,59.47
CUST_002483,Spain,Consumer,2022-01-30,Annual,226.65
CUST_002484,Germany,SMB,2021-11-11,Annual,291.0
CUST_002485,Italy,Consumer,2025-01-21,Annual,187.69
CUST_002486,Germany,SMB,2021-05-21,Monthly,212.74
CUST_002487,Italy,Consumer,2024-10-25,Monthly,362.93
CUST_002488,Italy,Consumer,2022-10-04,Annual,449.81
CUST_002489,Spain,Enterprise,2024-08-08,Annual,449.17
CUST_002490,France,Consumer,2022-01-29,Annual,296.33
CUST_002491,Netherlands,Consumer,2024-07-07,Annual,322.16
CUST_002492,Germany,Consumer,2025-12-17,Monthly,275.75
CUST_002493,Spain,Consumer,2023-07-10,Annual,198.19
CUST_002494,Netherlands,SMB,2023-10-17,Annual,374.32
CUST_002495,Italy,SMB,2024-01-25,Two-Year,73.4
CUST_002496,Germany,Enterprise,2022-10-19,Annual,449.13
CUST_002497,France,Consumer,2023-10-04,Monthly,156.19
CUST_002498,Spain,Consumer,2024-03-19,Annual,125.03
CUST_002499,Italy,Consumer,2021-02-15,Annual,151.52
CUST_002500,Germany,Consumer,2023-04-08,Monthly,409.62
CUST_002501,Spain,SMB,2023-08-21,Annual,149.07
CUST_002502,France,Consumer,2022-01-17,Monthly,312.58
CUST_002503,Netherlands,Consumer,2023-05-10,Monthly,184.72
CUST_002504,Italy,Enterprise,2022-12-22,Annual,335.07
CUST_002505,Spain,Consumer,2023-10-09,Monthly,303.98
CUST_002506,Spain,Consumer,2022-06-07,Annual,498.93
CUST_002507,Netherlands,SMB,2025-06-28,Monthly,169.26
CUST_002508,Netherlands,Consumer,2024-03-10,Annual,187.91
CUST_002509,Germany,Enterprise,2024-02-19,Annual,115.41
CUST_002510,France,SMB,2025-01-31,Annual,242.68
CUST_002511,Germany,Consumer,2021-02-08,Monthly,421.93
CUST_002512,Germany,Consumer,2022-04-25,Two-Year,121.28
CUST_002513,Spain,Consumer,2021-11-27,Monthly,481.48
CUST_002514,Spain,SMB,2024-02-09,Annual,26.32
CUST_002515,Spain,Consumer,2022-09-17,Monthly,406.47
CUST_002516,Italy,SMB,2024-07-17,Monthly,351.98
CUST_002517,Spain,Consumer,2025-09-17,Annual,454.52
CUST_002518,Spain,Consumer,2022-11-07,Monthly,270.47
CUST_002519,Germany,Consumer,2022-08-27,Monthly,346.86
CUST_002520,Spain,Consumer,2023-06-10,Monthly,43.72
CUST_002521,Spain,Consumer,2023-06-13,Monthly,209.29
CUST_002522,France,Consumer,2022-10-18,Two-Year,389.94
CUST_002523,Germany,Enterprise,2022-09-24,Annual,72.31
CUST_002524,France,Consumer,2022-11-12,Monthly,395.55
CUST_002525,Netherlands,SMB,2023-06-09,Annual,167.97
CUST_002526,Spain,Consumer,2023-03-26,Annual,189.43
CUST_002527,Netherlands,SMB,2023-04-14,Annual,330.74
CUST_002528,Netherlands,Consumer,2022-06-24,Annual,57.52
CUST_002529,Italy,SMB,2024-03-03,Monthly,319.82
CUST_002530,France,Consumer,2023-06-11,Monthly,458.59
CUST_002531,France,Consumer,2022-02-23,Annual,65.01
CUST_002532,France,Consumer,2024-10-05,Annual,141.44
CUST_002533,France,Consumer,2025-05-28,Annual,26.57
CUST_002534,Spain,Consumer,2022-12-21,Monthly,268.64
CUST_002535,Netherlands,Consumer,2023-08-13,Annual,370.86
CUST_002536,France,Enterprise,2025-09-23,Monthly,464.67
CUST_002537,Italy,Consumer,2022-07-31,Annual,196.65
CUST_002538,Germany,Consumer,2022-02-03,Monthly,91.4
CUST_002539,Spain,Enterprise,2022-09-25,Annual,33.96
CUST_002540,Germany,SMB,2023-04-01,Two-Year,176.0
CUST_002541,Germany,Consumer,2023-03-22,Monthly,265.87
CUST_002542,Germany,Consumer,2024-01-04,Annual,452.37
CUST_002543,Germany,Consumer,2022-05-20,Annual,123.9
CUST_002544,Spain,Consumer,2023-09-20,Monthly,395.02
CUST_002545,Germany,Consumer,2021-07-16,Monthly,250.84
CUST_002546,Germany,SMB,2025-09-26,Annual,436.42
CUST_002547,Netherlands,SMB,2022-06-23,Monthly,434.27
CUST_002548,Spain,Consumer,2022-08-16,Monthly,431.69
CUST_002549,Germany,Consumer,2021-10-22,Two-Year,212.65
CUST_002550,Spain,Consumer,2022-11-21,Annual,186.18
CUST_002551,Germany,Consumer,2025-11-15,Annual,119.5
CUST_002552,Germany,Consumer,2023-12-24,Annual,129.65
CUST_002553,France,SMB,2024-05-03,Annual,315.79
CUST_002554,Netherlands,Consumer,2023-12-25,Annual,481.73
CUST_002555,Spain,Enterprise,2022-09-03,Monthly,310.86
CUST_002556,France,Consumer,2024-12-08,Monthly,217.91
CUST_002557,Spain,Consumer,2022-09-18,Annual,136.36
CUST_002558,Spain,Consumer,2024-12-21,Two-Year,332.95
CUST_002559,Germany,SMB,2025-12-06,Monthly,121.25
CUST_002560,Spain,Consumer,2021-01-20,Two-Year,64.82
CUST_002561,France,Consumer,2021-11-02,Annual,64.9
CUST_002562,France,Consumer,2024-10-27,Monthly,428.22
CUST_002563,France,SMB,2021-08-10,Monthly,203.48
CUST_002564,Germany,Enterprise,2024-08-03,Monthly,471.36
CUST_002565,France,Consumer,2022-03-26,Annual,258.44
CUST_002566,Germany,Consumer,2023-12-06,Monthly,351.92
CUST_002567,Spain,Consumer,2024-04-06,Monthly,416.94
CUST_002568,Spain,Consumer,2022-08-02,Monthly,439.75
CUST_002569,France,Enterprise,2025-04-15,Two-Year,98.02
CUST_002570,Netherlands,Consumer,2025-07-15,Monthly,124.0
CUST_002571,Spain,SMB,2022-02-04,Monthly,92.04
CUST_002572,France,Enterprise,2024-09-09,Monthly,233.86
CUST_002573,Italy,SMB,2024-05-14,Monthly,94.42
CUST_002574,Italy,Consumer,2022-04-15,Monthly,332.42
CUST_002575,Germany,SMB,2025-01-29,Annual,194.16
CUST_002576,France,Consumer,2022-07-12,Annual,482.75
CUST_002577,France,Consumer,2022-04-13,Monthly,411.96
CUST_002578,Italy,Enterprise,2024-07-21,Annual,367.65
CUST_002579,Spain,Consumer,2021-08-06,Monthly,350.58
CUST_002580,Netherlands,Consumer,2025-08-03,Annual,39.01
CUST_002581,Spain,Consumer,2022-12-04,Monthly,60.17
CUST_002582,Italy,Consumer,2023-06-15,Two-Year,227.41
CUST_002583,Spain,SMB,2024-05-25,Two-Year,459.06
CUST_002584,Spain,SMB,2025-05-25,Annual,65.13
CUST_002585,Spain,SMB,2024-11-07,Monthly,221.67
CUST_002586,Germany,Consumer,2022-11-29,Annual,401.08
CUST_002587,Germany,Consumer,2024-10-01,Annual,173.5
CUST_002588,Spain,Consumer,2022-12-23,Annual,466.1
CUST_002589,Germany,Consumer,2023-08-02,Monthly,468.66
CUST_002590,Germany,SMB,2024-06-06,Monthly,47.35
CUST_002591,Italy,SMB,2023-10-03,Monthly,315.87
CUST_002592,Italy,Enterprise,2021-04-03,Monthly,89.87
CUST_002593,France,SMB,2021-03-23,Monthly,231.69
CUST_002594,Spain,Consumer,2021-09-11,Annual,450.95
CUST_002595,Spain,SMB,2021-06-02,Monthly,55.22
CUST_002596,Netherlands,SMB,2024-08-23,Monthly,469.93
CUST_002597,Spain,Enterprise,2021-12-18,Monthly,497.34
CUST_002598,Germany,Consumer,2022-03-19,Two-Year,341.72
CUST_002599,Netherlands,SMB,2022-07-28,Annual,191.01
CUST_002600,Netherlands,Consumer,2021-11-16,Annual,140.49
CUST_002601,Germany,SMB,2025-05-04,Annual,227.65
CUST_002602,France,Enterprise,2021-06-12,Annual,106.32
CUST_002603,Germany,Enterprise,2021-12-17,Monthly,29.63
CUST_002604,Italy,Consumer,2022-02-15,Annual,50.11
CUST_002605,Spain,Consumer,2021-06-03,Monthly,338.51
CUST_002606,Spain,SMB,2022-04-03,Annual,29.96
CUST_002607,France,SMB,2021-12-07,Monthly,164.7
CUST_002608,Spain,Enterprise,2022-09-15,Two-Year,344.67
CUST_002609,France,Consumer,2021-10-07,Annual,103.89
CUST_002610,Germany,SMB,2025-09-10,Monthly,179.49
CUST_002611,Italy,SMB,2024-12-06,Annual,35.09
CUST_002612,Italy,Consumer,2024-03-23,Monthly,73.96
CUST_002613,Germany,Consumer,2023-12-19,Monthly,128.44
CUST_002614,Italy,SMB,2024-06-19,Two-Year,80.56
CUST_002615,Spain,Consumer,2025-09-15,Annual,246.59
CUST_002616,Germany,SMB,2021-08-31,Annual,80.93
CUST_002617,Spain,Consumer,2023-08-29,Monthly,166.49
CUST_002618,Italy,Consumer,2021-12-18,Monthly,367.31
CUST_002619,Italy,Consumer,2023-04-07,Monthly,333.85
CUST_002620,Netherlands,Enterprise,2025-06-29,Annual,203.84
CUST_002621,Italy,SMB,2024-02-27,Annual,466.92
CUST_002622,Netherlands,SMB,2024-03-04,Monthly,397.87
CUST_002623,Spain,SMB,2021-06-25,Monthly,311.44
CUST_002624,Netherlands,Consumer,2025-01-18,Monthly,229.65
CUST_002625,France,Enterprise,2024-07-29,Monthly,48.82
CUST_002626,Germany,Consumer,2022-10-15,Monthly,218.17
CUST_002627,France,Consumer,2022-09-02,Monthly,281.73
CUST_002628,Germany,Consumer,2023-11-20,Monthly,495.69
CUST_002629,Spain,Consumer,2024-10-17,Monthly,476.77
CUST_002630,Spain,SMB,2023-07-07,Monthly,73.86
CUST_002631,Spain,Consumer,2025-04-13,Annual,490.05
CUST_002632,Germany,SMB,2022-01-11,Annual,382.22
CUST_002633,Italy,Enterprise,2024-06-14,Monthly,347.33
CUST_002634,France,Consumer,2025-02-15,Monthly,453.71
CUST_002635,Germany,Consumer,2024-07-14,Annual,176.03
CUST_002636,Germany,SMB,2022-09-02,Monthly,211.67
CUST_002637,Germany,Consumer,2023-04-27,Monthly,438.05
CUST_002638,Spain,SMB,2023-05-03,Monthly,69.92
CUST_002639,Italy,Consumer,2022-07-18,Monthly,360.4
CUST_002640,Spain,Consumer,2021-08-31,Annual,408.71
CUST_002641,France,Consumer,2021-12-07,Annual,444.83
CUST_002642,Italy,Consumer,2024-03-11,Monthly,125.2
CUST_002643,France,Consumer,2022-02-15,Monthly,346.04
CUST_002644,Italy,Consumer,2024-12-15,Two-Year,61.14
CUST_002645,Spain,Consumer,2024-12-18,Annual,433.26
CUST_002646,Italy,Enterprise,2023-01-20,Two-Year,251.26
CUST_002647,France,Consumer,2022-10-28,Annual,319.6
CUST_002648,Italy,Consumer,2025-11-22,Monthly,428.66
CUST_002649,France,Consumer,2021-01-24,Monthly,262.89
CUST_002650,Italy,Consumer,2022-04-16,Monthly,264.16
CUST_002651,Netherlands,Consumer,2024-06-15,Annual,243.03
CUST_002652,Germany,SMB,2025-05-14,Monthly,308.33
CUST_002653,Italy,Consumer,2023-04-19,Annual,364.32
CUST_002654,France,SMB,2024-08-09,Annual,406.48
CUST_002655,Germany,Consumer,2022-02-02,Annual,34.31
CUST_002656,Netherlands,Consumer,2025-08-21,Annual,187.08
CUST_002657,Germany,Consumer,2023-11-30,Monthly,227.61
CUST_002658,France,SMB,2024-09-14,Monthly,67.37
CUST_002659,Spain,Enterprise,2021-11-18,Annual,380.78
CUST_002660,Spain,Consumer,2023-06-23,Annual,270.98
CUST_002661,Italy,Enterprise,2024-08-22,Annual,20.9
CUST_002662,Germany,Consumer,2023-01-25,Annual,323.06
CUST_002663,Germany,Consumer,2025-10-20,Annual,182.73
CUST_002664,Spain,SMB,2025-02-23,Monthly,368.89
CUST_002665,Germany,Consumer,2021-08-24,Monthly,106.25
CUST_002666,Italy,Consumer,2025-03-15,Two-Year,20.58
CUST_002667,Italy,Consumer,2022-12-01,Annual,61.68
CUST_002668,Spain,SMB,2023-12-12,Annual,231.39
CUST_002669,France,Consumer,2023-01-16,Monthly,379.04
CUST_002670,Germany,Enterprise,2024-07-06,Annual,309.88
CUST_002671,France,Consumer,2023-02-24,Monthly,27.18
CUST_002672,Germany,Enterprise,2023-04-26,Monthly,303.97
CUST_002673,Germany,Consumer,2023-11-30,Monthly,251.44
CUST_002674,Germany,SMB,2022-02-03,Annual,402.34
CUST_002675,France,Consumer,2023-02-19,Monthly,143.2
CUST_002676,Germany,Consumer,2021-04-02,Monthly,365.09
CUST_002677,Germany,Consumer,2021-04-17,Monthly,323.25
CUST_002678,Italy,SMB,2024-04-08,Monthly,319.04
CUST_002679,France,Consumer,2022-05-23,Annual,214.67
CUST_002680,Germany,Consumer,2024-05-06,Annual,26.17
CUST_002681,Italy,Enterprise,2024-10-19,Annual,110.07
CUST_002682,Italy,Consumer,2024-04-29,Monthly,425.24
CUST_002683,Spain,Consumer,2023-02-08,Monthly,316.09
CUST_002684,France,Consumer,2023-10-24,Monthly,297.51
CUST_002685,Spain,Consumer,2024-11-30,Annual,272.33
CUST_002686,France,Consumer,2022-09-18,Two-Year,56.93
CUST_002687,Spain,SMB,2023-02-02,Monthly,186.88
CUST_002688,France,Consumer,2022-03-18,Two-Year,317.19
CUST_002689,Spain,Consumer,2022-01-03,Monthly,80.26
CUST_002690,Germany,SMB,2021-04-30,Annual,462.08
CUST_002691,Netherlands,Consumer,2021-05-10,Annual,54.87
CUST_002692,Germany,Consumer,2021-09-28,Annual,346.3
CUST_002693,Italy,Enterprise,2024-11-05,Annual,164.6
CUST_002694,Netherlands,Consumer,2024-02-22,Monthly,434.56
CUST_002695,Italy,Consumer,2021-06-10,Annual,416.88
CUST_002696,Spain,SMB,2024-11-03,Monthly,179.94
CUST_002697,Italy,SMB,2024-10-01,Annual,241.81
CUST_002698,Spain,SMB,2025-07-16,Monthly,480.37
CUST_002699,Germany,SMB,2025-11-04,Monthly,311.79
CUST_002700,Italy,Consumer,2021-06-03,Two-Year,22.88
CUST_002701,France,Consumer,2023-08-14,Monthly,393.08
CUST_002702,Germany,SMB,2025-01-26,Monthly,193.43
CUST_002703,Germany,SMB,2022-03-14,Monthly,152.4
CUST_002704,Italy,SMB,2023-12-27,Annual,419.43
CUST_002705,France,Consumer,2021-06-15,Annual,484.41
CUST_002706,Germany,SMB,2022-07-05,Two-Year,49.78
CUST_002707,Italy,Consumer,2025-11-24,Annual,207.37
CUST_002708,Spain,Consumer,2024-08-18,Monthly,154.26
CUST_002709,Spain,Consumer,2022-04-22,Monthly,450.92
CUST_002710,France,Consumer,2025-12-12,Monthly,436.49
CUST_002711,Netherlands,SMB,2022-01-05,Annual,452.54
CUST_002712,Spain,Consumer,2022-11-24,Two-Year,40.48
CUST_002713,Spain,SMB,2023-03-23,Monthly,44.05
CUST_002714,Spain,Consumer,2024-02-20,Monthly,284.67
CUST_002715,Italy,Consumer,2022-04-24,Annual,100.11
CUST_002716,Spain,Consumer,2022-04-22,Annual,74.08
CUST_002717,Germany,Consumer,2024-05-09,Annual,144.97
CUST_002718,Netherlands,SMB,2022-01-10,Monthly,360.51
CUST_002719,Spain,Consumer,2021-09-18,Monthly,342.39
CUST_002720,France,Consumer,2021-09-30,Monthly,396.89
CUST_002721,Germany,Consumer,2022-08-23,Monthly,50.12
CUST_002722,Italy,Consumer,2021-02-28,Annual,387.88
CUST_002723,Germany,Consumer,2021-03-06,Monthly,255.5
CUST_002724,Germany,Enterprise,2024-08-14,Monthly,170.24
CUST_002725,Spain,Consumer,2023-09-16,Two-Year,312.94
CUST_002726,France,Consumer,2021-09-24,Annual,403.77
CUST_002727,Italy,Enterprise,2022-04-12,Monthly,69.86
CUST_002728,Spain,SMB,2024-05-19,Two-Year,407.5
CUST_002729,Germany,Consumer,2025-01-04,Monthly,293.33
CUST_002730,Italy,SMB,2025-05-07,Annual,317.63
CUST_002731,Spain,Enterprise,2022-02-02,Monthly,441.9
CUST_002732,Spain,Consumer,2025-03-26,Two-Year,360.79
CUST_002733,France,Consumer,2023-02-19,Monthly,300.09
CUST_002734,Germany,Enterprise,2022-06-30,Monthly,181.29
CUST_002735,Spain,SMB,2023-11-20,Two-Year,264.95
CUST_002736,Germany,Enterprise,2021-08-16,Annual,421.55
CUST_002737,Spain,Consumer,2023-04-27,Monthly,497.89
CUST_002738,Germany,Enterprise,2023-03-21,Monthly,382.95
CUST_002739,France,Consumer,2023-12-25,Monthly,399.28
CUST_002740,France,SMB,2021-11-28,Monthly,355.72
CUST_002741,Spain,Enterprise,2021-04-24,Annual,388.14
CUST_002742,Italy,Consumer,2022-11-14,Monthly,136.73
CUST_002743,Spain,Consumer,2025-12-01,Two-Year,223.44
CUST_002744,Italy,Consumer,2023-11-05,Annual,286.88
CUST_002745,Germany,SMB,2023-09-28,Two-Year,283.74
CUST_002746,Italy,Consumer,2024-03-22,Annual,306.69
CUST_002747,Spain,Enterprise,2023-07-17,Monthly,487.3
CUST_002748,Spain,Consumer,2022-02-03,Annual,430.53
CUST_002749,Germany,Consumer,2025-12-04,Monthly,417.36
CUST_002750,Spain,Consumer,2022-02-20,Monthly,418.58
CUST_002751,Spain,Enterprise,2024-03-14,Annual,400.8
CUST_002752,France,Consumer,2025-05-01,Annual,346.02
CUST_002753,Italy,Consumer,2024-04-16,Monthly,143.14
CUST_002754,Spain,Consumer,2025-09-22,Monthly,430.77
CUST_002755,Italy,Enterprise,2021-11-21,Monthly,154.27
CUST_002756,Italy,SMB,2024-03-19,Annual,367.95
CUST_002757,Italy,Consumer,2021-06-18,Monthly,73.27
CUST_002758,France,Consumer,2023-10-14,Two-Year,282.69
CUST_002759,France,Consumer,2021-12-02,Annual,173.02
CUST_002760,Germany,Consumer,2024-04-16,Monthly,358.14
CUST_002761,France,SMB,2022-08-19,Annual,430.54
CUST_002762,Netherlands,Consumer,2021-08-23,Two-Year,27.45
CUST_002763,Spain,Consumer,2025-05-01,Annual,74.87
CUST_002764,Germany,SMB,2025-06-26,Monthly,464.25
CUST_002765,Spain,Consumer,2021-11-08,Monthly,134.85
CUST_002766,Netherlands,Consumer,2022-01-16,Annual,370.78
CUST_002767,Germany,Consumer,2021-03-11,Annual,410.02
CUST_002768,France,Consumer,2024-05-07,Two-Year,375.46
CUST_002769,Italy,SMB,2025-06-20,Monthly,35.41
CUST_002770,Netherlands,Consumer,2022-02-10,Annual,373.0
CUST_002771,Spain,Consumer,2023-04-05,Monthly,481.55
CUST_002772,Italy,Consumer,2024-07-12,Monthly,197.02
CUST_002773,Italy,SMB,2023-03-19,Monthly,360.92
CUST_002774,Spain,Consumer,2024-10-07,Monthly,152.71
CUST_002775,Italy,Consumer,2024-10-08,Annual,498.78
CUST_002776,Germany,Consumer,2024-09-15,Monthly,120.0
CUST_002777,France,Consumer,2024-07-29,Annual,166.67
CUST_002778,Germany,Consumer,2023-02-22,Annual,100.59
CUST_002779,Spain,Consumer,2022-12-20,Monthly,478.49
CUST_002780,Spain,SMB,2024-01-14,Annual,294.28
CUST_002781,Spain,Consumer,2021-07-15,Monthly,138.55
CUST_002782,Spain,SMB,2023-12-28,Monthly,84.56
CUST_002783,France,Consumer,2021-03-01,Two-Year,439.91
CUST_002784,Germany,Consumer,2024-08-08,Monthly,50.08
CUST_002785,Spain,Consumer,2024-01-11,Monthly,328.77
CUST_002786,France,Consumer,2023-07-01,Annual,312.86
CUST_002787,France,SMB,2022-07-08,Monthly,390.46
CUST_002788,Germany,SMB,2023-07-16,Monthly,347.29
CUST_002789,Netherlands,SMB,2024-03-06,Annual,421.51
CUST_002790,Germany,Consumer,2024-06-03,Annual,38.26
CUST_002791,Italy,SMB,2025-08-13,Annual,226.54
CUST_002792,Spain,Consumer,2021-11-07,Two-Year,58.86
CUST_002793,France,Consumer,2021-03-22,Monthly,214.5
CUST_002794,Netherlands,Consumer,2024-04-06,Monthly,289.2
CUST_002795,Italy,Consumer,2021-10-25,Monthly,305.01
CUST_002796,France,SMB,2021-09-28,Monthly,463.89
CUST_002797,France,Enterprise,2022-05-17,Two-Year,462.43
CUST_002798,Germany,Consumer,2024-08-16,Annual,168.7
CUST_002799,France,Consumer,2021-04-25,Monthly,355.55
CUST_002800,Italy,SMB,2022-12-12,Monthly,362.1
CUST_002801,Netherlands,Enterprise,2021-07-12,Monthly,479.43
CUST_002802,Germany,SMB,2025-03-14,Annual,60.29
CUST_002803,Spain,Consumer,2024-10-23,Monthly,316.23
CUST_002804,France,Consumer,2021-06-11,Two-Year,215.49
CUST_002805,Spain,SMB,2022-05-15,Monthly,186.72
CUST_002806,Spain,Consumer,2023-04-21,Monthly,316.4
CUST_002807,Germany,Enterprise,2023-04-15,Two-Year,154.18
CUST_002808,France,Enterprise,2021-11-02,Two-Year,37.22
CUST_002809,Spain,Enterprise,2023-05-03,Monthly,393.34
CUST_002810,Spain,Consumer,2025-05-06,Monthly,61.66
CUST_002811,Spain,SMB,2022-02-08,Two-Year,177.54
CUST_002812,Italy,SMB,2021-08-17,Annual,305.56
CUST_002813,France,Consumer,2022-12-06,Annual,319.39
CUST_002814,Spain,Consumer,2023-06-05,Annual,339.81
CUST_002815,Spain,Consumer,2022-06-05,Two-Year,497.36
CUST_002816,France,Consumer,2021-07-12,Annual,212.67
CUST_002817,Spain,Enterprise,2021-06-05,Monthly,86.0
CUST_002818,France,SMB,2024-12-27,Monthly,86.22
CUST_002819,Germany,Consumer,2021-08-29,Annual,264.92
CUST_002820,Netherlands,Consumer,2022-05-31,Monthly,204.19
CUST_002821,Spain,Consumer,2024-10-23,Monthly,458.32
CUST_002822,France,Consumer,2023-12-21,Annual,265.25
CUST_002823,Spain,Consumer,2021-02-15,Monthly,236.94
CUST_002824,Netherlands,SMB,2021-11-07,Two-Year,433.93
CUST_002825,Netherlands,SMB,2023-05-11,Monthly,402.13
CUST_002826,France,SMB,2022-10-05,Annual,362.66
CUST_002827,Germany,Enterprise,2025-12-11,Annual,273.13
CUST_002828,Spain,Consumer,2021-07-27,Monthly,132.64
CUST_002829,Italy,SMB,2021-02-18,Monthly,292.39
CUST_002830,France,Consumer,2023-10-03,Monthly,75.57
CUST_002831,Spain,Consumer,2025-10-18,Annual,277.67
CUST_002832,Germany,Consumer,2021-01-07,Annual,428.69
CUST_002833,Germany,Consumer,2025-02-22,Monthly,267.21
CUST_002834,Italy,Consumer,2025-12-19,Monthly,52.87
CUST_002835,France,Consumer,2023-01-31,Two-Year,35.03
CUST_002836,France,Consumer,2023-01-31,Monthly,433.03
CUST_002837,France,Enterprise,2025-12-18,Two-Year,127.66
CUST_002838,Spain,Consumer,2024-02-24,Monthly,272.34
CUST_002839,Germany,Consumer,2023-09-26,Monthly,392.86
CUST_002840,Spain,Enterprise,2022-06-08,Annual,141.54
CUST_002841,Italy,Consumer,2025-08-29,Monthly,373.97
CUST_002842,Germany,Consumer,2022-04-08,Two-Year,56.14
CUST_002843,Germany,Enterprise,2022-12-19,Annual,379.33
CUST_002844,Spain,Consumer,2025-03-26,Annual,50.72
CUST_002845,Spain,Consumer,2023-07-22,Annual,153.03
CUST_002846,France,Consumer,2024-10-16,Annual,143.22
CUST_002847,Spain,Consumer,2025-12-22,Annual,447.88
CUST_002848,Spain,SMB,2024-03-20,Annual,276.55
CUST_002849,Italy,Consumer,2021-10-24,Annual,424.68
CUST_002850,Germany,SMB,2024-10-05,Annual,299.49
CUST_002851,Germany,SMB,2024-01-01,Monthly,407.31
CUST_002852,Germany,Enterprise,2021-11-17,Monthly,284.64
CUST_002853,Italy,Consumer,2021-07-22,Monthly,235.96
CUST_002854,Germany,Consumer,2025-09-02,Monthly,335.83
CUST_002855,Italy,Enterprise,2021-07-13,Monthly,157.5
CUST_002856,Netherlands,SMB,2023-04-11,Monthly,460.99
CUST_002857,France,Consumer,2025-12-04,Monthly,455.91
CUST_002858,Germany,Consumer,2025-05-06,Annual,54.91
CUST_002859,France,SMB,2025-03-13,Annual,460.06
CUST_002860,Germany,Consumer,2024-09-06,Monthly,107.3
CUST_002861,Germany,Consumer,2023-05-22,Two-Year,347.01
CUST_002862,Germany,Enterprise,2022-06-07,Two-Year,415.09
CUST_002863,Germany,Consumer,2025-06-27,Two-Year,135.79
CUST_002864,Spain,Consumer,2023-11-06,Monthly,74.07
CUST_002865,Germany,SMB,2022-12-24,Monthly,382.97
CUST_002866,Spain,Enterprise,2025-11-01,Monthly,232.37
CUST_002867,Germany,Consumer,2022-11-07,Annual,253.61
CUST_002868,France,SMB,2021-03-09,Annual,385.69
CUST_002869,Netherlands,Consumer,2024-01-03,Annual,141.82
CUST_002870,Spain,Consumer,2023-02-18,Annual,66.63
CUST_002871,France,Enterprise,2024-02-12,Two-Year,479.72
CUST_002872,Germany,Consumer,2024-02-08,Annual,355.84
CUST_002873,Spain,Consumer,2024-02-25,Two-Year,333.02
CUST_002874,Spain,SMB,2022-09-13,Annual,179.81
CUST_002875,Spain,Consumer,2022-04-06,Monthly,497.94
CUST_002876,Spain,Consumer,2022-08-04,Annual,126.82
CUST_002877,Spain,SMB,2025-10-29,Monthly,105.49
CUST_002878,Germany,Consumer,2024-09-29,Monthly,172.78
CUST_002879,Germany,SMB,2022-12-18,Two-Year,374.7
CUST_002880,Spain,Consumer,2025-08-01,Monthly,133.76
CUST_002881,Spain,Consumer,2024-10-28,Monthly,170.13
CUST_002882,Spain,SMB,2023-09-09,Two-Year,274.22
CUST_002883,Germany,Consumer,2024-12-31,Monthly,331.97
CUST_002884,Germany,Enterprise,2025-09-28,Monthly,91.62
CUST_002885,Germany,Enterprise,2023-11-04,Monthly,334.23
CUST_002886,Spain,SMB,2021-07-04,Annual,202.91
CUST_002887,Spain,Consumer,2023-02-26,Monthly,186.15
CUST_002888,Netherlands,Consumer,2022-02-20,Monthly,57.93
CUST_002889,Spain,Enterprise,2024-07-01,Annual,487.5
CUST_002890,Spain,Consumer,2021-06-10,Monthly,352.7
CUST_002891,Spain,SMB,2023-05-05,Annual,67.94
CUST_002892,Netherlands,SMB,2023-03-07,Monthly,195.79
CUST_002893,France,Consumer,2022-12-06,Annual,58.43
CUST_002894,France,Consumer,2024-02-19,Annual,279.94
CUST_002895,Netherlands,SMB,2023-09-24,Monthly,356.07
CUST_002896,Spain,Consumer,2022-01-02,Monthly,47.15
CUST_002897,Netherlands,Consumer,2025-01-01,Monthly,462.64
CUST_002898,Spain,Consumer,2023-03-31,Monthly,199.58
CUST_002899,France,SMB,2021-10-14,Monthly,132.7
CUST_002900,Germany,Consumer,2024-06-03,Monthly,82.33
CUST_002901,Germany,Consumer,2022-12-19,Monthly,89.9
CUST_002902,Netherlands,SMB,2024-03-13,Monthly,427.9
CUST_002903,Spain,SMB,2024-10-10,Monthly,250.42
CUST_002904,Netherlands,Enterprise,2024-02-24,Annual,403.26
CUST_002905,Germany,Consumer,2025-09-15,Monthly,129.0
CUST_002906,France,Enterprise,2024-01-12,Annual,172.62
CUST_002907,Netherlands,SMB,2022-11-27,Annual,218.06
CUST_002908,Spain,SMB,2025-12-07,Monthly,238.17
CUST_002909,Netherlands,Consumer,2023-07-29,Monthly,66.89
CUST_002910,France,Consumer,2024-07-27,Monthly,41.6
CUST_002911,France,Consumer,2022-08-28,Annual,498.03
CUST_002912,Spain,Consumer,2025-07-16,Monthly,339.94
CUST_002913,Germany,Consumer,2025-09-13,Monthly,46.29
CUST_002914,France,Enterprise,2025-10-04,Two-Year,390.83
CUST_002915,Germany,Consumer,2022-12-10,Annual,193.33
CUST_002916,Spain,Enterprise,2025-04-19,Monthly,402.3
CUST_002917,Spain,Consumer,2024-05-12,Two-Year,475.9
CUST_002918,Italy,SMB,2021-06-23,Monthly,32.76
CUST_002919,Spain,Consumer,2025-08-02,Monthly,482.86
CUST_002920,France,SMB,2023-08-25,Monthly,99.57
CUST_002921,Netherlands,Consumer,2023-08-31,Two-Year,162.67
CUST_002922,Spain,Enterprise,2022-11-28,Monthly,320.93
CUST_002923,Spain,Consumer,2025-04-07,Annual,363.65
CUST_002924,France,Consumer,2021-06-27,Annual,101.71
CUST_002925,Spain,Enterprise,2022-12-04,Annual,85.68
CUST_002926,France,Consumer,2023-10-28,Monthly,157.54
CUST_002927,France,SMB,2021-12-24,Monthly,176.29
CUST_002928,France,Consumer,2022-01-24,Annual,172.75
CUST_002929,Germany,Consumer,2024-01-30,Monthly,102.23
CUST_002930,France,Consumer,2023-11-29,Annual,485.99
CUST_002931,France,Consumer,2025-02-02,Monthly,403.07
CUST_002932,Spain,Consumer,2025-02-01,Annual,490.41
CUST_002933,France,Consumer,2021-02-02,Annual,69.76
CUST_002934,Italy,SMB,2022-12-21,Annual,56.28
CUST_002935,France,Enterprise,2025-03-27,Monthly,277.27
CUST_002936,Germany,Consumer,2025-10-01,Monthly,314.94
CUST_002937,Germany,Consumer,2021-06-23,Monthly,324.88
CUST_002938,Spain,Consumer,2024-10-31,Monthly,64.76
CUST_002939,Spain,SMB,2022-03-01,Annual,425.02
CUST_002940,Spain,Consumer,2025-01-08,Monthly,255.06
CUST_002941,Netherlands,SMB,2023-03-26,Monthly,196.71
CUST_002942,Spain,Consumer,2021-07-25,Monthly,262.13
CUST_002943,Italy,SMB,2022-01-08,Monthly,39.42
CUST_002944,Spain,SMB,2025-09-16,Annual,123.24
CUST_002945,Spain,Consumer,2024-11-02,Annual,499.28
CUST_002946,Germany,Consumer,2021-03-05,Monthly,285.23
CUST_002947,Germany,Consumer,2025-09-28,Monthly,57.7
CUST_002948,Italy,Consumer,2025-03-21,Annual,160.56
CUST_002949,Netherlands,Consumer,2023-09-23,Annual,108.69
CUST_002950,Italy,SMB,2021-02-24,Annual,463.86
CUST_002951,Spain,Consumer,2023-03-06,Annual,406.98
CUST_002952,Italy,Consumer,2021-10-24,Annual,282.51
CUST_002953,Spain,Consumer,2022-10-30,Annual,476.86
CUST_002954,Netherlands,Consumer,2022-07-30,Two-Year,198.98
CUST_002955,Germany,Enterprise,2024-07-25,Annual,435.18
CUST_002956,Germany,Consumer,2024-09-09,Annual,244.42
CUST_002957,Spain,Consumer,2021-11-12,Annual,427.34
CUST_002958,Spain,Consumer,2025-07-01,Monthly,452.33
CUST_002959,Spain,Enterprise,2024-05-09,Monthly,242.22
CUST_002960,Netherlands,SMB,2024-05-02,Two-Year,105.44
CUST_002961,Italy,Consumer,2024-11-18,Annual,112.34
CUST_002962,Netherlands,SMB,2024-08-21,Monthly,158.65
CUST_002963,Spain,SMB,2024-12-11,Monthly,127.01
CUST_002964,France,SMB,2022-06-14,Monthly,206.36
CUST_002965,Spain,Consumer,2024-06-07,Monthly,263.21
CUST_002966,Germany,SMB,2025-11-17,Annual,61.81
CUST_002967,Germany,Consumer,2024-10-09,Annual,456.63
CUST_002968,Spain,Consumer,2023-01-15,Monthly,21.17
CUST_002969,France,Consumer,2024-02-29,Monthly,86.38
CUST_002970,Spain,Consumer,2025-07-25,Monthly,24.04
CUST_002971,Germany,Consumer,2024-04-11,Monthly,493.53
CUST_002972,France,Consumer,2024-11-23,Monthly,217.11
CUST_002973,Spain,SMB,2025-06-14,Annual,114.09
CUST_002974,Netherlands,SMB,2022-11-02,Monthly,76.96
CUST_002975,Germany,Consumer,2022-09-05,Two-Year,197.8
CUST_002976,Italy,Consumer,2022-09-19,Annual,488.43
CUST_002977,France,SMB,2022-11-05,Monthly,283.39
CUST_002978,France,Consumer,2024-05-25,Monthly,190.02
CUST_002979,France,Consumer,2023-06-07,Monthly,194.98
CUST_002980,Italy,SMB,2025-09-14,Monthly,76.32
CUST_002981,France,Consumer,2024-06-07,Two-Year,268.16
CUST_002982,Spain,Consumer,2024-05-12,Annual,223.61
CUST_002983,Spain,SMB,2025-10-01,Annual,369.85
CUST_002984,France,SMB,2025-04-15,Annual,112.13
CUST_002985,Spain,Consumer,2021-03-01,Two-Year,85.92
CUST_002986,Spain,SMB,2025-10-31,Two-Year,299.1
CUST_002987,Spain,Enterprise,2025-05-30,Monthly,376.16
CUST_002988,Germany,Consumer,2022-08-26,Monthly,258.8
CUST_002989,Spain,SMB,2022-03-07,Monthly,399.22
CUST_002990,France,Consumer,2023-09-11,Monthly,423.72
CUST_002991,Italy,Consumer,2025-12-30,Annual,459.98
CUST_002992,Italy,Consumer,2024-01-18,Monthly,201.53
CUST_002993,Germany,Consumer,2023-11-24,Annual,454.09
CUST_002994,Germany,Consumer,2022-02-01,Monthly,360.35
CUST_002995,France,SMB,2025-06-28,Annual,319.96
CUST_002996,Germany,Consumer,2024-12-27,Monthly,285.81
CUST_002997,France,Enterprise,2021-04-15,Monthly,29.47
CUST_002998,Spain,Consumer,2022-04-23,Annual,288.96
CUST_002999,Netherlands,SMB,2025-05-29,Monthly,393.92
CUST_003000,Spain,Consumer,2024-07-14,Annual,494.42
CUST_003001,Italy,Consumer,2023-01-07,Two-Year,227.9
CUST_003002,France,SMB,2023-08-15,Monthly,495.28
CUST_003003,Spain,SMB,2021-08-19,Monthly,102.12
CUST_003004,France,Consumer,2025-03-08,Monthly,479.94
CUST_003005,Spain,Consumer,2024-02-27,Monthly,303.03
CUST_003006,Italy,Consumer,2023-07-24,Two-Year,338.03
CUST_003007,France,Consumer,2024-01-23,Annual,295.37
CUST_003008,Spain,Consumer,2023-12-08,Monthly,491.77
CUST_003009,Spain,SMB,2023-03-04,Annual,41.26
CUST_003010,Italy,Consumer,2021-11-27,Two-Year,217.02
CUST_003011,Spain,Consumer,2023-05-28,Monthly,440.11
CUST_003012,Italy,SMB,2025-01-15,Monthly,100.2
CUST_003013,Italy,Enterprise,2021-04-08,Annual,293.41
CUST_003014,France,Consumer,2023-01-05,Annual,271.32
CUST_003015,Spain,Consumer,2025-02-07,Monthly,407.57
CUST_003016,France,Consumer,2023-11-25,Monthly,460.76
CUST_003017,Netherlands,SMB,2021-02-15,Monthly,144.24
CUST_003018,Spain,Consumer,2025-03-25,Annual,352.71
CUST_003019,Germany,Consumer,2021-04-08,Annual,282.89
CUST_003020,Spain,Consumer,2023-05-26,Monthly,338.14
CUST_003021,Germany,Enterprise,2021-07-28,Annual,116.18
CUST_003022,France,Consumer,2022-05-17,Monthly,150.88
CUST_003023,Germany,SMB,2022-12-20,Annual,283.93
CUST_003024,France,Consumer,2022-04-30,Annual,21.41
CUST_003025,Germany,Consumer,2025-05-18,Monthly,363.88
CUST_003026,Spain,Consumer,2023-11-01,Monthly,97.55
CUST_003027,Spain,Consumer,2022-10-22,Monthly,467.02
CUST_003028,Italy,Consumer,2022-06-16,Annual,433.09
CUST_003029,France,Consumer,2023-06-28,Annual,319.21
CUST_003030,Germany,Consumer,2022-09-11,Monthly,447.71
CUST_003031,Italy,Consumer,2025-01-12,Two-Year,493.88
CUST_003032,Spain,Consumer,2022-03-05,Annual,391.98
CUST_003033,Spain,Consumer,2024-06-13,Monthly,320.78
CUST_003034,Spain,Consumer,2023-03-26,Monthly,235.66
CUST_003035,Netherlands,Consumer,2022-04-27,Annual,410.51
CUST_003036,France,SMB,2023-05-02,Monthly,358.13
CUST_003037,France,Enterprise,2021-08-07,Two-Year,246.87
CUST_003038,Spain,SMB,2023-08-19,Annual,260.02
CUST_003039,Spain,Consumer,2024-08-02,Monthly,129.89
CUST_003040,France,Enterprise,2023-12-19,Monthly,398.52
CUST_003041,Germany,Enterprise,2021-01-28,Monthly,441.6
CUST_003042,Netherlands,Consumer,2023-12-10,Monthly,27.91
CUST_003043,Italy,Consumer,2021-02-16,Monthly,73.71
CUST_003044,Germany,SMB,2022-11-02,Annual,495.79
CUST_003045,France,Enterprise,2024-03-05,Annual,105.49
CUST_003046,Netherlands,SMB,2025-07-03,Two-Year,373.53
CUST_003047,Germany,SMB,2025-11-19,Monthly,250.8
CUST_003048,France,SMB,2023-07-24,Monthly,270.25
CUST_003049,Netherlands,Enterprise,2022-01-25,Annual,72.02
CUST_003050,Spain,Consumer,2025-02-28,Monthly,86.17
CUST_003051,Italy,Consumer,2022-10-12,Monthly,297.4
CUST_003052,Spain,SMB,2023-10-15,Two-Year,201.26
CUST_003053,France,Consumer,2021-12-28,Annual,402.78
CUST_003054,Italy,Consumer,2022-11-08,Two-Year,486.55
CUST_003055,France,Consumer,2023-05-26,Monthly,409.91
CUST_003056,Germany,Consumer,2024-09-10,Annual,214.84
CUST_003057,France,Consumer,2025-07-01,Monthly,251.45
CUST_003058,Spain,Consumer,2021-11-20,Monthly,95.21
CUST_003059,Spain,Consumer,2023-10-19,Monthly,353.93
CUST_003060,Spain,Consumer,2025-11-06,Annual,234.73
CUST_003061,France,Consumer,2021-01-31,Monthly,431.54
CUST_003062,Germany,Enterprise,2023-11-12,Annual,332.97
CUST_003063,Spain,Consumer,2024-11-02,Two-Year,101.86
CUST_003064,Italy,Enterprise,2021-07-10,Annual,217.27
CUST_003065,Germany,Consumer,2024-05-05,Monthly,344.94
CUST_003066,Germany,Consumer,2023-02-09,Annual,431.8
CUST_003067,Germany,SMB,2024-01-03,Monthly,188.39
CUST_003068,Spain,SMB,2024-07-25,Monthly,341.36
CUST_003069,France,Consumer,2021-09-21,Monthly,103.32
CUST_003070,Germany,SMB,2021-05-05,Annual,454.26
CUST_003071,Spain,SMB,2022-08-01,Annual,296.08
CUST_003072,Netherlands,Consumer,2022-04-23,Two-Year,388.93
CUST_003073,Italy,Consumer,2022-06-12,Monthly,210.49
CUST_003074,France,Consumer,2025-08-15,Monthly,471.46
CUST_003075,Italy,Consumer,2024-06-09,Monthly,365.65
CUST_003076,Netherlands,Enterprise,2022-10-13,Two-Year,93.76
CUST_003077,Germany,Consumer,2024-01-11,Annual,284.09
CUST_003078,France,SMB,2021-10-18,Two-Year,150.44
CUST_003079,France,SMB,2021-12-01,Monthly,420.01
CUST_003080,Spain,Enterprise,2021-06-29,Monthly,395.76
CUST_003081,Spain,Consumer,2023-02-18,Annual,257.38
CUST_003082,Spain,Consumer,2024-02-05,Monthly,164.92
CUST_003083,France,Consumer,2023-07-18,Monthly,429.29
CUST_003084,Italy,SMB,2023-10-17,Monthly,428.23
CUST_003085,Italy,Consumer,2021-10-25,Monthly,262.51
CUST_003086,Germany,SMB,2024-03-28,Monthly,364.28
CUST_003087,Spain,Consumer,2023-10-07,Two-Year,157.04
CUST_003088,Germany,Consumer,2025-10-16,Annual,187.45
CUST_003089,Germany,Enterprise,2022-03-28,Annual,473.15
CUST_003090,Netherlands,SMB,2021-04-20,Monthly,373.41
CUST_003091,Italy,Consumer,2023-04-12,Annual,54.62
CUST_003092,Netherlands,SMB,2021-12-27,Monthly,239.71
CUST_003093,Italy,Consumer,2021-11-16,Monthly,209.96
CUST_003094,Netherlands,SMB,2022-03-03,Monthly,130.87
CUST_003095,Germany,Consumer,2024-05-26,Monthly,497.57
CUST_003096,Spain,Consumer,2023-02-19,Two-Year,85.18
CUST_003097,Spain,Consumer,2025-05-16,Annual,170.85
CUST_003098,Germany,Consumer,2021-08-09,Monthly,427.38
CUST_003099,Spain,SMB,2025-08-29,Annual,83.49
CUST_003100,Spain,Consumer,2023-01-19,Monthly,200.55
CUST_003101,Netherlands,Consumer,2023-09-02,Monthly,324.41
CUST_003102,Spain,Consumer,2025-01-30,Annual,181.71
CUST_003103,Netherlands,Consumer,2023-06-17,Annual,216.23
CUST_003104,Italy,SMB,2021-10-26,Annual,284.05
CUST_003105,France,Consumer,2022-03-16,Monthly,477.29
CUST_003106,France,SMB,2025-08-01,Annual,438.04
CUST_003107,Germany,Enterprise,2021-05-08,Monthly,73.74
CUST_003108,France,Consumer,2025-07-22,Monthly,293.33
CUST_003109,Spain,SMB,2024-05-17,Monthly,333.58
CUST_003110,Netherlands,Consumer,2023-07-26,Monthly,176.37
CUST_003111,Germany,Consumer,2022-08-01,Monthly,146.81
CUST_003112,Spain,Consumer,2025-04-20,Monthly,306.91
CUST_003113,France,Consumer,2021-03-01,Annual,219.19
CUST_003114,France,Consumer,2024-07-23,Monthly,454.43
CUST_003115,Germany,Consumer,2022-01-19,Monthly,98.51
CUST_003116,France,SMB,2022-10-14,Two-Year,39.72
CUST_003117,Spain,Consumer,2021-04-27,Two-Year,451.82
CUST_003118,France,Enterprise,2023-10-23,Monthly,450.14
CUST_003119,Spain,Consumer,2021-09-27,Monthly,220.05
CUST_003120,Spain,SMB,2021-08-01,Monthly,381.87
CUST_003121,Spain,Consumer,2022-08-24,Two-Year,425.94
CUST_003122,Germany,Consumer,2023-06-25,Monthly,142.35
CUST_003123,Germany,Consumer,2025-09-22,Monthly,334.13
CUST_003124,Germany,Enterprise,2025-02-24,Annual,373.83
CUST_003125,Spain,Enterprise,2023-01-02,Annual,191.6
CUST_003126,Spain,Consumer,2023-12-05,Monthly,474.08
CUST_003127,Germany,SMB,2024-11-07,Monthly,484.23
CUST_003128,Spain,SMB,2022-11-29,Monthly,253.63
CUST_003129,France,Consumer,2024-11-03,Monthly,56.48
CUST_003130,Netherlands,Consumer,2024-04-26,Monthly,461.1
CUST_003131,Germany,SMB,2024-07-07,Annual,271.03
CUST_003132,Netherlands,SMB,2025-11-19,Annual,86.64
CUST_003133,Spain,Consumer,2022-11-19,Annual,371.41
CUST_003134,Spain,Consumer,2021-05-04,Annual,349.83
CUST_003135,France,Consumer,2023-09-07,Annual,87.13
CUST_003136,Italy,Enterprise,2022-08-27,Monthly,151.93
CUST_003137,Italy,Consumer,2021-04-18,Annual,434.85
CUST_003138,Spain,Consumer,2021-10-12,Monthly,485.4
CUST_003139,Italy,Consumer,2023-09-02,Monthly,214.52
CUST_003140,Germany,SMB,2025-10-14,Monthly,84.6
CUST_003141,Germany,SMB,2022-09-11,Annual,188.95
CUST_003142,Spain,Consumer,2023-09-24,Annual,263.66
CUST_003143,Netherlands,Consumer,2021-11-20,Monthly,164.2
CUST_003144,Spain,SMB,2021-08-25,Monthly,313.42
CUST_003145,Italy,Consumer,2024-11-29,Annual,23.8
CUST_003146,France,Consumer,2024-01-23,Monthly,411.91
CUST_003147,France,Enterprise,2021-12-13,Monthly,425.43
CUST_003148,France,Consumer,2023-07-03,Annual,396.08
CUST_003149,Italy,Consumer,2023-11-26,Annual,165.65
CUST_003150,Spain,Consumer,2021-04-19,Monthly,323.54
CUST_003151,Spain,SMB,2022-07-03,Monthly,195.3
CUST_003152,France,SMB,2025-04-28,Two-Year,206.85
CUST_003153,Germany,Consumer,2022-10-25,Monthly,360.37
CUST_003154,Spain,SMB,2024-07-18,Two-Year,424.9
CUST_003155,Spain,Enterprise,2024-01-11,Annual,418.88
CUST_003156,Germany,SMB,2021-01-10,Two-Year,130.92
CUST_003157,Spain,Consumer,2025-09-27,Monthly,335.85
CUST_003158,Spain,Consumer,2025-10-19,Monthly,148.19
CUST_003159,Netherlands,Enterprise,2024-05-05,Monthly,321.65
CUST_003160,Germany,Consumer,2021-10-18,Monthly,196.26
CUST_003161,Netherlands,Consumer,2025-03-23,Monthly,399.18
CUST_003162,Netherlands,Consumer,2021-01-01,Monthly,469.98
CUST_003163,Spain,SMB,2023-07-21,Monthly,159.19
CUST_003164,France,Consumer,2023-02-20,Annual,437.03
CUST_003165,France,Consumer,2024-06-27,Monthly,375.2
CUST_003166,France,SMB,2021-09-15,Monthly,291.69
CUST_003167,Spain,Consumer,2025-05-18,Monthly,271.99
CUST_003168,Spain,Consumer,2023-11-08,Annual,173.27
CUST_003169,Spain,Consumer,2022-04-21,Monthly,117.58
CUST_003170,France,Consumer,2022-07-23,Annual,60.03
CUST_003171,Netherlands,Enterprise,2024-06-07,Monthly,361.98
CUST_003172,France,Consumer,2021-12-05,Annual,126.77
CUST_003173,France,SMB,2022-06-26,Annual,257.79
CUST_003174,Netherlands,Consumer,2025-12-05,Annual,447.11
CUST_003175,France,Consumer,2025-05-26,Annual,342.13
CUST_003176,Spain,Consumer,2022-08-31,Two-Year,101.23
CUST_003177,Italy,Consumer,2023-10-12,Monthly,372.54
CUST_003178,Germany,Consumer,2023-01-28,Monthly,123.12
CUST_003179,Spain,Consumer,2022-01-02,Two-Year,394.36
CUST_003180,Germany,Enterprise,2022-06-22,Annual,57.3
CUST_003181,Netherlands,Consumer,2021-07-17,Annual,88.02
CUST_003182,Spain,Enterprise,2025-03-09,Monthly,468.41
CUST_003183,Germany,Consumer,2022-03-26,Monthly,154.54
CUST_003184,Spain,Consumer,2021-12-26,Two-Year,92.31
CUST_003185,Spain,Consumer,2024-03-10,Annual,123.16
CUST_003186,Spain,Consumer,2021-08-22,Monthly,193.33
CUST_003187,France,Consumer,2025-10-13,Monthly,422.06
CUST_003188,Italy,Consumer,2025-05-29,Annual,93.21
CUST_003189,Spain,Consumer,2023-01-24,Annual,27.56
CUST_003190,Spain,SMB,2021-12-01,Two-Year,435.2
CUST_003191,Spain,Consumer,2021-09-13,Monthly,163.84
CUST_003192,Spain,Enterprise,2025-04-16,Monthly,56.92
CUST_003193,France,Consumer,2023-03-17,Monthly,33.33
CUST_003194,France,Consumer,2023-11-22,Monthly,451.8
CUST_003195,France,Consumer,2021-08-15,Monthly,271.11
CUST_003196,Germany,Consumer,2025-02-12,Monthly,313.04
CUST_003197,France,Enterprise,2023-08-04,Monthly,315.71
CUST_003198,Spain,SMB,2021-05-09,Monthly,270.65
CUST_003199,Spain,Consumer,2021-05-19,Annual,389.25
CUST_003200,Netherlands,Consumer,2025-10-26,Monthly,454.92
CUST_003201,Italy,SMB,2021-04-14,Monthly,327.72
CUST_003202,Netherlands,Consumer,2022-07-02,Annual,425.06
CUST_003203,Netherlands,Consumer,2021-01-24,Monthly,24.62
CUST_003204,France,Consumer,2021-04-18,Annual,250.49
CUST_003205,Netherlands,Consumer,2025-01-23,Annual,309.94
CUST_003206,Germany,Consumer,2024-10-28,Annual,116.59
CUST_003207,Spain,Consumer,2022-08-28,Monthly,96.94
CUST_003208,Spain,Enterprise,2021-11-22,Annual,85.4
CUST_003209,Spain,Consumer,2022-03-31,Two-Year,156.71
CUST_003210,Spain,Enterprise,2022-10-04,Annual,415.24
CUST_003211,Germany,SMB,2024-11-19,Monthly,33.27
CUST_003212,France,Consumer,2023-12-22,Annual,309.17
CUST_003213,Italy,Consumer,2023-03-22,Annual,52.71
CUST_003214,France,Consumer,2021-05-06,Monthly,304.73
CUST_003215,Spain,SMB,2021-07-30,Monthly,141.06
CUST_003216,France,Consumer,2022-01-04,Annual,95.52
CUST_003217,Germany,Enterprise,2022-01-23,Monthly,243.6
CUST_003218,Spain,Consumer,2023-06-13,Two-Year,130.93
CUST_003219,Spain,SMB,2025-04-25,Two-Year,201.57
CUST_003220,Germany,Consumer,2023-02-10,Monthly,323.86
CUST_003221,Spain,Consumer,2022-08-24,Monthly,469.39
CUST_003222,Italy,SMB,2023-10-16,Two-Year,316.55
CUST_003223,Italy,SMB,2021-05-19,Monthly,263.39
CUST_003224,France,Consumer,2024-08-23,Annual,287.36
CUST_003225,Spain,Consumer,2021-04-12,Monthly,246.6
CUST_003226,Italy,Consumer,2022-10-07,Monthly,290.15
CUST_003227,France,SMB,2025-10-07,Monthly,293.69
CUST_003228,Spain,Consumer,2023-01-09,Monthly,256.25
CUST_003229,France,Consumer,2024-09-27,Two-Year,398.42
CUST_003230,Germany,SMB,2022-05-13,Monthly,207.56
CUST_003231,Germany,Consumer,2025-04-06,Monthly,72.1
CUST_003232,Spain,Consumer,2022-09-13,Annual,328.67
CUST_003233,Germany,SMB,2022-02-20,Two-Year,402.13
CUST_003234,Spain,SMB,2021-04-04,Monthly,394.41
CUST_003235,Spain,SMB,2022-07-14,Annual,141.02
CUST_003236,Spain,Consumer,2023-11-26,Monthly,330.57
CUST_003237,Netherlands,Consumer,2021-04-26,Annual,499.32
CUST_003238,Spain,SMB,2021-11-12,Annual,70.19
CUST_003239,Germany,Consumer,2022-09-26,Two-Year,270.92
CUST_003240,Germany,Consumer,2024-07-31,Annual,166.59
CUST_003241,Italy,Consumer,2023-12-27,Two-Year,399.79
CUST_003242,France,Consumer,2021-03-19,Monthly,175.87
CUST_003243,Netherlands,Enterprise,2021-03-08,Annual,372.12
CUST_003244,Spain,Consumer,2021-04-20,Annual,97.02
CUST_003245,Spain,Consumer,2022-08-27,Monthly,52.14
CUST_003246,France,Enterprise,2022-06-04,Two-Year,69.97
CUST_003247,Germany,Enterprise,2021-08-02,Annual,144.94
CUST_003248,Italy,Consumer,2023-03-12,Two-Year,427.77
CUST_003249,Italy,Enterprise,2023-12-16,Monthly,92.21
CUST_003250,Germany,Consumer,2024-06-20,Annual,36.03
CUST_003251,Netherlands,SMB,2025-12-23,Monthly,429.66
CUST_003252,France,Consumer,2024-06-17,Two-Year,199.94
CUST_003253,Spain,Consumer,2025-12-06,Monthly,302.59
CUST_003254,Germany,Consumer,2025-11-13,Annual,60.22
CUST_003255,Spain,SMB,2025-03-27,Monthly,455.53
CUST_003256,Italy,Consumer,2022-10-05,Annual,262.13
CUST_003257,Spain,Consumer,2021-03-21,Monthly,62.99
CUST_003258,Germany,SMB,2021-04-19,Two-Year,324.23
CUST_003259,France,Consumer,2025-05-09,Two-Year,195.47
CUST_003260,Spain,Enterprise,2025-04-22,Monthly,189.64
CUST_003261,Spain,Consumer,2022-07-20,Annual,215.94
CUST_003262,France,Consumer,2024-08-27,Annual,263.9
CUST_003263,Spain,Consumer,2023-04-10,Monthly,317.28
CUST_003264,Germany,Consumer,2021-05-05,Monthly,90.28
CUST_003265,Germany,Consumer,2024-04-09,Monthly,382.1
CUST_003266,Spain,Consumer,2021-06-02,Monthly,33.03
CUST_003267,Spain,SMB,2021-08-27,Annual,355.6
CUST_003268,Italy,Consumer,2023-05-21,Annual,107.98
CUST_003269,Netherlands,Consumer,2021-05-09,Monthly,234.48
CUST_003270,Spain,SMB,2022-09-16,Two-Year,289.54
CUST_003271,Netherlands,Consumer,2024-10-06,Monthly,330.74
CUST_003272,France,SMB,2023-12-25,Two-Year,399.7
CUST_003273,France,Enterprise,2021-04-12,Annual,267.77
CUST_003274,France,Consumer,2022-02-05,Annual,442.46
CUST_003275,France,SMB,2025-12-20,Annual,478.42
CUST_003276,Italy,Enterprise,2025-10-18,Monthly,488.5
CUST_003277,Germany,Consumer,2025-08-06,Two-Year,173.39
CUST_003278,Germany,Enterprise,2023-07-25,Annual,35.44
CUST_003279,Germany,Consumer,2023-02-26,Annual,363.58
CUST_003280,Spain,Consumer,2024-10-02,Monthly,140.91
CUST_003281,France,Consumer,2025-10-14,Annual,388.49
CUST_003282,Spain,Consumer,2021-08-18,Monthly,22.4
CUST_003283,Spain,Enterprise,2025-06-23,Annual,393.05
CUST_003284,Spain,Consumer,2024-02-01,Annual,53.67
CUST_003285,Spain,Enterprise,2021-09-15,Monthly,442.09
CUST_003286,France,SMB,2025-04-29,Monthly,332.63
CUST_003287,France,Enterprise,2021-02-28,Monthly,97.62
CUST_003288,Germany,Enterprise,2021-02-11,Monthly,263.75
CUST_003289,Spain,Consumer,2022-11-03,Monthly,262.5
CUST_003290,Germany,Enterprise,2023-09-14,Monthly,441.94
CUST_003291,Germany,SMB,2023-02-20,Monthly,275.52
CUST_003292,France,Consumer,2022-03-27,Annual,284.23
CUST_003293,France,SMB,2024-04-15,Annual,173.12
CUST_003294,Germany,Consumer,2023-05-24,Monthly,369.68
CUST_003295,Germany,Consumer,2021-08-07,Monthly,44.14
CUST_003296,Netherlands,Consumer,2025-01-30,Annual,484.62
CUST_003297,Italy,Consumer,2022-07-19,Monthly,311.0
CUST_003298,Germany,Consumer,2024-06-14,Monthly,425.92
CUST_003299,Germany,Consumer,2022-10-03,Monthly,394.91
CUST_003300,Spain,SMB,2024-10-09,Two-Year,124.71
CUST_003301,Netherlands,SMB,2022-05-31,Monthly,158.76
CUST_003302,Germany,Enterprise,2022-01-22,Two-Year,153.45
CUST_003303,Spain,Enterprise,2021-05-16,Monthly,128.25
CUST_003304,Netherlands,Enterprise,2025-03-01,Monthly,27.64
CUST_003305,France,SMB,2024-08-10,Monthly,416.94
CUST_003306,Spain,Consumer,2024-01-27,Annual,278.17
CUST_003307,Spain,Enterprise,2024-01-15,Annual,303.77
CUST_003308,Spain,Consumer,2021-05-07,Annual,256.02
CUST_003309,France,Consumer,2023-01-23,Two-Year,79.69
CUST_003310,Spain,Consumer,2025-04-25,Annual,229.33
CUST_003311,Netherlands,Consumer,2022-06-13,Monthly,160.94
CUST_003312,Netherlands,SMB,2021-04-12,Annual,448.19
CUST_003313,Germany,Consumer,2025-03-13,Monthly,356.58
CUST_003314,France,SMB,2021-02-22,Annual,98.08
CUST_003315,Spain,Consumer,2024-06-11,Two-Year,356.92
CUST_003316,Spain,Consumer,2025-03-03,Monthly,283.22
CUST_003317,France,Consumer,2024-09-22,Monthly,59.21
CUST_003318,Spain,Consumer,2021-01-24,Annual,53.38
CUST_003319,Spain,SMB,2025-06-25,Monthly,90.77
CUST_003320,Germany,Consumer,2021-06-11,Monthly,409.04
CUST_003321,Spain,Consumer,2025-04-05,Annual,418.38
CUST_003322,Germany,Consumer,2021-01-31,Monthly,311.93
CUST_003323,France,SMB,2023-06-16,Monthly,27.5
CUST_003324,Italy,Enterprise,2025-05-27,Annual,172.22
CUST_003325,France,SMB,2022-04-26,Monthly,212.44
CUST_003326,Italy,Consumer,2021-03-23,Monthly,156.5
CUST_003327,Germany,Enterprise,2021-06-11,Two-Year,298.94
CUST_003328,Italy,Consumer,2022-11-12,Monthly,49.86
CUST_003329,Germany,Consumer,2022-10-21,Monthly,29.59
CUST_003330,Spain,Consumer,2022-02-01,Two-Year,302.18
CUST_003331,Netherlands,Consumer,2023-04-15,Monthly,146.97
CUST_003332,Spain,Consumer,2022-09-16,Two-Year,349.53
CUST_003333,Spain,Consumer,2023-12-15,Annual,393.24
CUST_003334,Spain,Consumer,2022-06-15,Annual,313.31
CUST_003335,Germany,Consumer,2022-07-29,Monthly,495.05
CUST_003336,Germany,Consumer,2025-06-10,Monthly,328.6
CUST_003337,Germany,Consumer,2024-12-03,Annual,390.92
CUST_003338,Italy,Enterprise,2024-11-04,Monthly,327.69
CUST_003339,Spain,SMB,2022-11-25,Annual,406.61
CUST_003340,Germany,Consumer,2025-06-05,Annual,207.49
CUST_003341,Germany,Consumer,2022-09-15,Annual,228.49
CUST_003342,Italy,Consumer,2024-08-07,Monthly,180.89
CUST_003343,Spain,Consumer,2024-10-03,Annual,296.71
CUST_003344,Spain,Consumer,2022-08-27,Annual,199.83
CUST_003345,Germany,Consumer,2024-01-29,Monthly,494.17
CUST_003346,France,SMB,2021-12-06,Two-Year,309.44
CUST_003347,Italy,SMB,2022-12-03,Monthly,181.14
CUST_003348,France,SMB,2023-08-26,Two-Year,263.92
CUST_003349,Italy,SMB,2024-04-30,Monthly,394.69
CUST_003350,Germany,SMB,2022-10-14,Monthly,406.94
CUST_003351,Spain,SMB,2024-07-23,Annual,325.81
CUST_003352,Spain,Enterprise,2024-03-20,Monthly,21.12
CUST_003353,Spain,SMB,2025-04-27,Monthly,436.93
CUST_003354,Germany,SMB,2021-03-13,Monthly,456.7
CUST_003355,Germany,SMB,2023-07-27,Annual,438.39
CUST_003356,Germany,Consumer,2024-07-25,Monthly,342.14
CUST_003357,France,Consumer,2023-02-10,Annual,33.01
CUST_003358,Germany,Consumer,2022-07-01,Annual,476.37
CUST_003359,France,Consumer,2023-11-29,Annual,52.55
CUST_003360,France,Consumer,2023-04-25,Monthly,91.75
CUST_003361,Germany,Consumer,2023-02-24,Monthly,321.39
CUST_003362,Germany,Consumer,2025-11-22,Two-Year,241.67
CUST_003363,France,Consumer,2023-02-12,Annual,382.28
CUST_003364,France,Enterprise,2022-01-29,Two-Year,323.91
CUST_003365,Germany,Consumer,2021-01-31,Annual,22.01
CUST_003366,Germany,Consumer,2021-08-03,Annual,328.55
CUST_003367,France,Consumer,2023-09-08,Two-Year,431.95
CUST_003368,France,Consumer,2022-01-19,Monthly,429.03
CUST_003369,Spain,SMB,2021-07-20,Two-Year,95.56
CUST_003370,Germany,SMB,2022-10-04,Monthly,186.73
CUST_003371,Italy,Consumer,2022-03-16,Monthly,77.37
CUST_003372,Spain,Consumer,2023-09-07,Monthly,380.71
CUST_003373,Italy,Consumer,2021-04-13,Monthly,321.23
CUST_003374,Spain,SMB,2025-11-25,Monthly,252.53
CUST_003375,Germany,Enterprise,2025-07-22,Annual,163.88
CUST_003376,Germany,Enterprise,2025-05-08,Annual,397.81
CUST_003377,Spain,Consumer,2021-11-10,Two-Year,399.89
CUST_003378,Netherlands,SMB,2024-07-29,Monthly,255.77
CUST_003379,Germany,SMB,2021-01-25,Monthly,79.72
CUST_003380,Netherlands,Enterprise,2024-08-08,Annual,243.37
CUST_003381,Spain,Consumer,2024-12-27,Annual,450.11
CUST_003382,Italy,Consumer,2022-06-03,Annual,300.36
CUST_003383,Netherlands,Consumer,2023-04-27,Monthly,381.92
CUST_003384,France,Consumer,2025-08-22,Monthly,161.44
CUST_003385,Spain,SMB,2021-12-28,Two-Year,184.72
CUST_003386,France,Consumer,2023-09-13,Monthly,76.22
CUST_003387,Germany,Consumer,2022-07-09,Annual,184.55
CUST_003388,Netherlands,SMB,2021-10-24,Monthly,101.41
CUST_003389,Germany,Consumer,2024-05-29,Monthly,278.71
CUST_003390,Spain,Enterprise,2025-10-02,Annual,209.03
CUST_003391,Spain,SMB,2023-10-30,Monthly,421.16
CUST_003392,France,Enterprise,2023-07-14,Monthly,203.71
CUST_003393,Netherlands,SMB,2023-09-02,Annual,121.92
CUST_003394,Spain,Consumer,2021-10-11,Monthly,60.43
CUST_003395,France,Consumer,2022-01-03,Monthly,141.23
CUST_003396,Netherlands,Enterprise,2024-09-04,Annual,354.73
CUST_003397,Spain,Consumer,2023-12-06,Monthly,320.59
CUST_003398,Spain,Consumer,2022-03-03,Annual,317.57
CUST_003399,France,SMB,2021-02-05,Monthly,431.92
CUST_003400,France,Consumer,2021-12-09,Monthly,141.35
CUST_003401,Spain,Consumer,2023-07-12,Monthly,245.98
CUST_003402,Italy,Consumer,2022-05-04,Two-Year,100.73
CUST_003403,Germany,Consumer,2024-08-27,Monthly,125.02
CUST_003404,Netherlands,SMB,2023-11-22,Two-Year,198.04
CUST_003405,Italy,Consumer,2021-09-27,Monthly,359.4
CUST_003406,Italy,Consumer,2022-06-19,Monthly,420.18
CUST_003407,Germany,Consumer,2021-03-07,Annual,167.46
CUST_003408,Spain,SMB,2021-03-16,Monthly,210.93
CUST_003409,Germany,Consumer,2024-10-05,Annual,446.08
CUST_003410,Spain,Consumer,2022-12-09,Two-Year,394.52
CUST_003411,France,SMB,2025-05-29,Annual,351.36
CUST_003412,Spain,Consumer,2022-03-04,Annual,215.43
CUST_003413,Germany,SMB,2022-08-11,Annual,183.71
CUST_003414,Spain,Consumer,2023-07-23,Monthly,367.25
CUST_003415,Spain,Consumer,2022-05-28,Annual,64.8
CUST_003416,Spain,Consumer,2023-04-20,Monthly,280.86
CUST_003417,France,Enterprise,2021-08-12,Monthly,49.19
CUST_003418,Italy,Consumer,2021-05-23,Annual,319.2
CUST_003419,Spain,Consumer,2025-04-21,Monthly,292.84
CUST_003420,Italy,Consumer,2022-03-24,Annual,48.7
CUST_003421,Italy,Consumer,2021-07-06,Monthly,221.54
CUST_003422,Germany,SMB,2022-05-29,Monthly,112.38
CUST_003423,France,Enterprise,2023-02-06,Annual,403.1
CUST_003424,Germany,Consumer,2023-06-05,Annual,458.38
CUST_003425,Spain,Consumer,2024-10-30,Two-Year,171.05
CUST_003426,Germany,Consumer,2025-02-10,Monthly,34.07
CUST_003427,Spain,Enterprise,2022-06-18,Monthly,450.87
CUST_003428,Italy,Consumer,2022-02-04,Monthly,425.37
CUST_003429,Netherlands,Consumer,2021-08-15,Monthly,402.49
CUST_003430,Italy,Enterprise,2021-10-16,Monthly,191.06
CUST_003431,France,Enterprise,2021-02-22,Annual,58.26
CUST_003432,France,Consumer,2021-01-02,Monthly,487.94
CUST_003433,Netherlands,Consumer,2023-02-03,Two-Year,256.84
CUST_003434,Spain,SMB,2024-01-13,Annual,191.17
CUST_003435,Spain,SMB,2025-02-04,Annual,393.06
CUST_003436,France,Consumer,2022-08-18,Monthly,341.94
CUST_003437,Germany,Consumer,2022-06-12,Monthly,40.1
CUST_003438,Germany,Consumer,2024-05-08,Monthly,480.03
CUST_003439,Spain,Consumer,2024-03-08,Annual,286.91
CUST_003440,France,Consumer,2024-06-14,Annual,110.35
CUST_003441,Spain,SMB,2021-11-07,Monthly,27.67
CUST_003442,Spain,Consumer,2021-03-23,Monthly,285.07
CUST_003443,Spain,Consumer,2023-09-23,Two-Year,305.14
CUST_003444,Germany,SMB,2023-02-04,Monthly,67.82
CUST_003445,Italy,Consumer,2022-04-17,Monthly,281.57
CUST_003446,Germany,Consumer,2025-11-03,Monthly,227.23
CUST_003447,France,Enterprise,2021-10-18,Monthly,230.06
CUST_003448,Italy,Consumer,2022-05-18,Monthly,488.13
CUST_003449,Germany,Enterprise,2024-10-01,Annual,162.03
CUST_003450,Italy,Consumer,2023-08-25,Annual,444.4
CUST_003451,France,Consumer,2022-02-27,Annual,185.37
CUST_003452,France,SMB,2023-09-10,Monthly,106.16
CUST_003453,Spain,Consumer,2023-02-05,Monthly,93.09
CUST_003454,Spain,Consumer,2022-04-21,Annual,471.51
CUST_003455,Netherlands,Consumer,2024-05-10,Monthly,31.18
CUST_003456,Italy,Consumer,2024-11-23,Monthly,125.2
CUST_003457,Netherlands,Consumer,2021-05-06,Monthly,183.43
CUST_003458,Netherlands,SMB,2021-01-07,Annual,335.26
CUST_003459,Spain,Consumer,2025-07-08,Monthly,200.38
CUST_003460,Italy,Consumer,2022-02-19,Two-Year,29.8
CUST_003461,Germany,Consumer,2021-06-07,Monthly,268.14
CUST_003462,Italy,Consumer,2023-12-18,Two-Year,444.54
CUST_003463,Spain,Consumer,2022-08-13,Monthly,445.55
CUST_003464,Spain,Consumer,2025-08-02,Annual,495.97
CUST_003465,Italy,SMB,2025-10-20,Monthly,184.35
CUST_003466,Italy,Consumer,2021-01-18,Annual,78.78
CUST_003467,France,Consumer,2021-12-16,Monthly,53.38
CUST_003468,Germany,SMB,2024-01-03,Two-Year,436.2
CUST_003469,Germany,Consumer,2022-09-06,Annual,379.14
CUST_003470,Netherlands,Consumer,2021-01-07,Annual,321.24
CUST_003471,Germany,SMB,2023-04-25,Monthly,258.44
CUST_003472,Germany,SMB,2024-02-12,Monthly,239.52
CUST_003473,France,Consumer,2025-12-13,Two-Year,257.1
CUST_003474,Germany,Consumer,2023-01-22,Two-Year,194.65
CUST_003475,France,Consumer,2024-12-12,Monthly,247.85
CUST_003476,Germany,Consumer,2023-03-05,Monthly,120.96
CUST_003477,Italy,Consumer,2024-05-11,Monthly,76.53
CUST_003478,Netherlands,SMB,2025-11-02,Monthly,121.42
CUST_003479,Netherlands,SMB,2025-01-23,Monthly,486.06
CUST_003480,France,Enterprise,2024-05-30,Annual,495.53
CUST_003481,Germany,Consumer,2025-02-19,Monthly,380.73
CUST_003482,France,Consumer,2021-12-25,Two-Year,421.85
CUST_003483,Italy,Consumer,2024-12-24,Two-Year,69.71
CUST_003484,France,Consumer,2025-12-27,Monthly,79.05
CUST_003485,France,Consumer,2025-11-12,Monthly,64.47
CUST_003486,France,Enterprise,2022-04-14,Annual,50.33
CUST_003487,France,Consumer,2023-02-20,Monthly,378.72
CUST_003488,France,Consumer,2024-06-06,Annual,47.07
CUST_003489,Spain,Consumer,2021-05-15,Annual,475.54
CUST_003490,Germany,Enterprise,2024-05-27,Monthly,333.94
CUST_003491,France,Consumer,2022-05-19,Two-Year,102.02
CUST_003492,Spain,SMB,2025-04-01,Monthly,412.41
CUST_003493,Italy,SMB,2024-01-26,Monthly,415.37
CUST_003494,France,Consumer,2022-12-30,Two-Year,290.67
CUST_003495,Spain,SMB,2021-04-02,Monthly,63.67
CUST_003496,Italy,Consumer,2024-06-24,Monthly,212.37
CUST_003497,France,Consumer,2023-09-07,Monthly,283.3
CUST_003498,Italy,Consumer,2024-02-17,Monthly,377.02
CUST_003499,Germany,Consumer,2021-02-02,Monthly,163.28
CUST_003500,Italy,SMB,2023-03-08,Annual,439.12
CUST_003501,Germany,SMB,2024-10-12,Monthly,140.35
CUST_003502,France,Consumer,2025-07-31,Annual,499.14
CUST_003503,Spain,Consumer,2022-10-04,Monthly,75.23
CUST_003504,France,Consumer,2022-04-06,Monthly,419.82
CUST_003505,France,Consumer,2024-07-13,Two-Year,83.46
CUST_003506,France,SMB,2022-02-14,Annual,384.47
CUST_003507,Germany,Consumer,2025-06-10,Annual,433.9
CUST_003508,Italy,SMB,2024-02-26,Monthly,170.2
CUST_003509,France,Consumer,2025-08-17,Monthly,68.64
CUST_003510,Spain,SMB,2021-12-14,Annual,499.96
CUST_003511,Netherlands,Consumer,2021-06-03,Two-Year,486.11
CUST_003512,France,Consumer,2025-02-24,Annual,383.27
CUST_003513,Netherlands,SMB,2022-06-12,Monthly,205.52
CUST_003514,Netherlands,Consumer,2022-09-13,Monthly,84.51
CUST_003515,Netherlands,Consumer,2022-05-05,Monthly,220.66
CUST_003516,Italy,Enterprise,2023-02-08,Monthly,365.76
CUST_003517,France,Consumer,2025-06-30,Monthly,93.13
CUST_003518,Spain,Consumer,2024-05-30,Monthly,28.06
CUST_003519,Germany,Consumer,2021-05-12,Monthly,453.94
CUST_003520,Italy,Consumer,2025-06-05,Annual,356.0
CUST_003521,Germany,SMB,2023-03-17,Annual,353.04
CUST_003522,Italy,SMB,2024-06-13,Annual,474.65
CUST_003523,Spain,Consumer,2022-10-30,Monthly,269.94
CUST_003524,Germany,Consumer,2021-06-22,Annual,172.68
CUST_003525,Germany,Consumer,2023-02-06,Two-Year,456.52
CUST_003526,Germany,Consumer,2022-09-10,Monthly,493.19
CUST_003527,Spain,SMB,2021-02-02,Two-Year,29.82
CUST_003528,Spain,Consumer,2024-10-01,Monthly,178.72
CUST_003529,Italy,SMB,2025-04-23,Annual,193.95
CUST_003530,Germany,Consumer,2025-07-16,Monthly,73.39
CUST_003531,Spain,SMB,2022-03-22,Annual,126.36
CUST_003532,Spain,Consumer,2024-03-03,Two-Year,31.74
CUST_003533,Germany,Consumer,2023-08-30,Monthly,354.28
CUST_003534,Spain,Enterprise,2023-12-25,Annual,71.31
CUST_003535,France,Consumer,2024-12-28,Two-Year,446.06
CUST_003536,Italy,Consumer,2022-11-24,Annual,300.31
CUST_003537,Spain,SMB,2022-05-17,Monthly,190.96
CUST_003538,France,Enterprise,2023-05-23,Monthly,408.27
CUST_003539,Spain,Consumer,2024-04-30,Two-Year,332.32
CUST_003540,Germany,Enterprise,2023-03-01,Annual,381.45
CUST_003541,Italy,Consumer,2022-07-09,Two-Year,441.33
CUST_003542,Germany,Enterprise,2021-04-11,Monthly,407.68
CUST_003543,Italy,Consumer,2023-11-13,Annual,393.99
CUST_003544,Spain,Consumer,2021-02-09,Annual,370.32
CUST_003545,Germany,Consumer,2023-05-10,Two-Year,201.19
CUST_003546,Germany,SMB,2024-02-02,Annual,332.88
CUST_003547,Germany,Enterprise,2023-04-23,Monthly,291.54
CUST_003548,Netherlands,Consumer,2023-07-20,Annual,482.45
CUST_003549,Spain,Consumer,2022-05-22,Annual,260.45
CUST_003550,Italy,Consumer,2022-03-24,Monthly,126.47
CUST_003551,Italy,Consumer,2025-03-23,Monthly,239.71
CUST_003552,France,SMB,2025-06-19,Two-Year,219.03
CUST_003553,Germany,Consumer,2021-10-20,Monthly,244.89
CUST_003554,Germany,Enterprise,2022-01-13,Monthly,298.89
CUST_003555,Spain,Enterprise,2022-10-15,Annual,475.05
CUST_003556,Italy,Consumer,2024-07-03,Two-Year,154.92
CUST_003557,Germany,Consumer,2021-04-23,Annual,485.18
CUST_003558,Netherlands,Enterprise,2024-12-10,Monthly,394.2
CUST_003559,France,Enterprise,2021-01-13,Monthly,107.8
CUST_003560,Germany,SMB,2025-03-15,Monthly,154.61
CUST_003561,France,Consumer,2021-03-16,Monthly,456.48
CUST_003562,Germany,Consumer,2025-03-13,Annual,404.64
CUST_003563,Netherlands,SMB,2025-09-20,Monthly,88.81
CUST_003564,Spain,Consumer,2024-12-21,Monthly,300.59
CUST_003565,Netherlands,SMB,2025-12-03,Two-Year,152.96
CUST_003566,Italy,SMB,2023-04-16,Monthly,322.28
CUST_003567,Italy,Consumer,2024-03-17,Monthly,103.32
CUST_003568,Germany,Consumer,2024-02-14,Monthly,188.92
CUST_003569,Italy,Consumer,2021-01-22,Monthly,206.49
CUST_003570,Germany,Enterprise,2025-04-16,Monthly,278.1
CUST_003571,Italy,Consumer,2024-07-11,Two-Year,134.87
CUST_003572,Spain,Consumer,2023-02-07,Annual,369.32
CUST_003573,Germany,Enterprise,2022-01-28,Annual,408.45
CUST_003574,Germany,SMB,2024-05-09,Annual,327.2
CUST_003575,Germany,Consumer,2025-11-28,Monthly,453.48
CUST_003576,Germany,SMB,2021-10-19,Annual,399.44
CUST_003577,Italy,Consumer,2025-08-08,Monthly,41.13
CUST_003578,Spain,Enterprise,2023-10-29,Monthly,60.67
CUST_003579,France,Enterprise,2024-12-11,Monthly,336.78
CUST_003580,Spain,Consumer,2021-09-15,Annual,366.5
CUST_003581,Italy,Consumer,2021-07-10,Monthly,484.59
CUST_003582,Italy,Consumer,2024-04-20,Monthly,21.6
CUST_003583,Germany,SMB,2022-06-02,Monthly,133.74
CUST_003584,France,SMB,2022-11-20,Monthly,419.24
CUST_003585,Netherlands,Consumer,2024-02-11,Monthly,447.94
CUST_003586,Italy,Enterprise,2022-02-21,Annual,242.93
CUST_003587,Germany,Consumer,2022-09-16,Monthly,252.2
CUST_003588,Germany,SMB,2022-10-21,Annual,429.74
CUST_003589,Italy,SMB,2022-10-07,Monthly,240.78
CUST_003590,Spain,Consumer,2024-07-04,Monthly,397.97
CUST_003591,Italy,Consumer,2021-10-05,Annual,475.39
CUST_003592,Germany,SMB,2025-07-17,Annual,145.69
CUST_003593,Italy,SMB,2024-07-31,Monthly,151.71
CUST_003594,Spain,Consumer,2021-01-21,Annual,470.53
CUST_003595,Spain,SMB,2023-10-30,Annual,223.66
CUST_003596,Netherlands,Consumer,2021-11-03,Monthly,27.55
CUST_003597,Italy,Consumer,2021-10-06,Annual,261.2
CUST_003598,Italy,SMB,2024-07-12,Monthly,316.04
CUST_003599,Netherlands,Consumer,2022-04-01,Annual,137.47
CUST_003600,Germany,SMB,2023-11-05,Monthly,369.16
CUST_003601,Spain,SMB,2022-06-04,Two-Year,131.81
CUST_003602,Spain,Consumer,2022-08-06,Annual,77.43
CUST_003603,Germany,Consumer,2024-05-09,Annual,139.7
CUST_003604,Spain,Consumer,2024-04-05,Monthly,276.28
CUST_003605,Netherlands,Consumer,2021-02-09,Annual,430.78
CUST_003606,Spain,SMB,2025-05-03,Monthly,274.08
CUST_003607,Spain,Consumer,2023-12-08,Monthly,427.51
CUST_003608,Spain,Enterprise,2022-04-17,Monthly,50.81
CUST_003609,Spain,Consumer,2021-07-25,Annual,198.84
CUST_003610,Spain,Consumer,2023-06-06,Annual,228.89
CUST_003611,France,Enterprise,2024-06-24,Two-Year,404.83
CUST_003612,Germany,Consumer,2021-02-07,Monthly,313.11
CUST_003613,France,SMB,2022-06-14,Two-Year,396.82
CUST_003614,Italy,SMB,2025-09-24,Annual,182.51
CUST_003615,France,Enterprise,2021-07-03,Two-Year,468.34
CUST_003616,France,Consumer,2025-01-03,Annual,410.56
CUST_003617,Germany,Consumer,2022-03-12,Monthly,459.43
CUST_003618,Spain,Enterprise,2023-07-12,Two-Year,146.14
CUST_003619,Germany,Consumer,2024-10-25,Annual,23.15
CUST_003620,Netherlands,SMB,2025-12-17,Annual,315.43
CUST_003621,France,SMB,2024-01-07,Monthly,256.44
CUST_003622,Spain,Consumer,2022-02-07,Monthly,393.9
CUST_003623,Germany,SMB,2021-05-30,Monthly,66.8
CUST_003624,Italy,Enterprise,2024-09-20,Annual,305.81
CUST_003625,France,Consumer,2023-11-23,Monthly,115.47
CUST_003626,France,SMB,2024-11-06,Two-Year,267.01
CUST_003627,Italy,SMB,2025-12-08,Monthly,95.99
CUST_003628,France,Consumer,2025-02-26,Monthly,457.92
CUST_003629,France,Enterprise,2023-07-05,Monthly,107.97
CUST_003630,Spain,Consumer,2024-06-04,Monthly,296.04
CUST_003631,Spain,Consumer,2024-02-16,Monthly,22.69
CUST_003632,Netherlands,Enterprise,2021-12-15,Annual,95.09
CUST_003633,France,Enterprise,2022-07-19,Two-Year,259.68
CUST_003634,Germany,Consumer,2021-06-16,Monthly,39.66
CUST_003635,France,SMB,2022-11-04,Monthly,280.54
CUST_003636,Spain,Consumer,2021-11-26,Annual,108.48
CUST_003637,Italy,Consumer,2025-06-26,Monthly,368.74
CUST_003638,Spain,Consumer,2025-04-17,Annual,436.78
CUST_003639,Italy,Enterprise,2024-08-21,Annual,384.1
CUST_003640,Germany,Consumer,2023-01-05,Two-Year,50.43
CUST_003641,Spain,Consumer,2021-01-14,Monthly,258.25
CUST_003642,Spain,SMB,2023-09-25,Two-Year,73.36
CUST_003643,Italy,Consumer,2021-02-15,Two-Year,216.35
CUST_003644,Spain,Consumer,2021-02-16,Monthly,422.98
CUST_003645,Spain,Consumer,2021-10-10,Monthly,39.76
CUST_003646,Italy,SMB,2023-06-17,Monthly,140.79
CUST_003647,Germany,SMB,2024-09-29,Monthly,416.75
CUST_003648,Germany,SMB,2023-01-18,Two-Year,214.85
CUST_003649,Spain,Consumer,2024-11-16,Monthly,132.97
CUST_003650,Italy,Consumer,2023-09-04,Monthly,475.72
CUST_003651,Spain,SMB,2025-06-20,Monthly,94.75
CUST_003652,Spain,Consumer,2022-11-17,Annual,398.53
CUST_003653,Germany,Consumer,2022-07-03,Two-Year,105.48
CUST_003654,Spain,Consumer,2021-05-18,Annual,482.27
CUST_003655,Germany,Consumer,2022-02-04,Annual,397.31
CUST_003656,Spain,Consumer,2021-03-22,Monthly,152.69
CUST_003657,Spain,Enterprise,2021-11-14,Annual,492.13
CUST_003658,Germany,Consumer,2025-10-01,Monthly,74.94
CUST_003659,Italy,SMB,2023-09-22,Monthly,432.61
CUST_003660,Spain,Consumer,2024-01-08,Annual,355.73
CUST_003661,Spain,SMB,2022-12-04,Two-Year,103.46
CUST_003662,Netherlands,Consumer,2024-03-20,Annual,282.26
CUST_003663,Italy,Enterprise,2023-10-24,Annual,25.72
CUST_003664,France,Consumer,2025-07-30,Monthly,295.1
CUST_003665,Spain,SMB,2024-12-23,Monthly,299.46
CUST_003666,Germany,Consumer,2023-10-03,Annual,216.09
CUST_003667,Spain,Consumer,2024-11-28,Annual,415.72
CUST_003668,Spain,Enterprise,2024-01-29,Annual,466.76
CUST_003669,Germany,SMB,2025-12-22,Annual,276.21
CUST_003670,France,SMB,2023-08-14,Monthly,343.5
CUST_003671,Germany,Enterprise,2025-04-04,Monthly,90.01
CUST_003672,France,Enterprise,2021-11-18,Monthly,499.09
CUST_003673,Spain,Consumer,2021-11-04,Annual,431.8
CUST_003674,Germany,Consumer,2022-07-23,Two-Year,475.53
CUST_003675,Italy,Consumer,2025-02-12,Annual,393.47
CUST_003676,Italy,Enterprise,2025-06-03,Annual,175.0
CUST_003677,Germany,Consumer,2023-01-03,Annual,126.41
CUST_003678,France,Consumer,2023-03-22,Monthly,265.3
CUST_003679,Spain,Consumer,2023-06-13,Monthly,59.65
CUST_003680,Spain,Consumer,2022-01-08,Monthly,284.87
CUST_003681,France,Consumer,2023-09-08,Two-Year,197.56
CUST_003682,Spain,Consumer,2025-02-21,Monthly,369.41
CUST_003683,Germany,Consumer,2024-10-03,Annual,320.33
CUST_003684,Germany,SMB,2021-06-09,Monthly,138.33
CUST_003685,Spain,Consumer,2022-10-08,Annual,372.05
CUST_003686,Spain,Consumer,2024-03-13,Monthly,169.33
CUST_003687,Germany,Consumer,2023-12-20,Two-Year,139.32
CUST_003688,Netherlands,Consumer,2024-07-02,Monthly,220.91
CUST_003689,France,Consumer,2024-09-26,Two-Year,95.77
CUST_003690,Germany,Consumer,2022-07-09,Annual,176.08
CUST_003691,Spain,Consumer,2023-05-08,Monthly,144.73
CUST_003692,France,SMB,2021-11-01,Annual,30.43
CUST_003693,Spain,Consumer,2024-08-02,Annual,164.42
CUST_003694,Germany,Consumer,2023-03-30,Monthly,244.08
CUST_003695,Italy,Consumer,2022-09-29,Annual,418.27
CUST_003696,Germany,Consumer,2024-10-10,Annual,106.63
CUST_003697,Spain,Consumer,2025-09-09,Annual,177.15
CUST_003698,Spain,Consumer,2025-06-08,Annual,34.1
CUST_003699,Spain,Consumer,2021-09-04,Annual,56.05
CUST_003700,Germany,Consumer,2025-01-28,Monthly,190.94
CUST_003701,Italy,Enterprise,2023-11-02,Monthly,259.97
CUST_003702,Spain,Consumer,2021-07-20,Monthly,379.17
CUST_003703,France,Consumer,2022-12-10,Annual,386.33
CUST_003704,France,Consumer,2022-02-11,Monthly,458.71
CUST_003705,Spain,Consumer,2022-04-17,Monthly,455.74
CUST_003706,Spain,SMB,2024-02-01,Annual,68.72
CUST_003707,Germany,Consumer,2023-01-07,Monthly,73.79
CUST_003708,France,Consumer,2024-07-20,Monthly,258.46
CUST_003709,Germany,Enterprise,2025-01-12,Annual,302.95
CUST_003710,France,Consumer,2021-01-16,Annual,306.99
CUST_003711,Italy,Consumer,2025-02-14,Annual,253.41
CUST_003712,Italy,SMB,2021-09-18,Monthly,490.98
CUST_003713,Netherlands,Enterprise,2021-01-11,Annual,264.3
CUST_003714,Italy,Consumer,2021-06-21,Two-Year,468.95
CUST_003715,Italy,SMB,2021-04-03,Monthly,494.33
CUST_003716,Italy,Consumer,2022-09-15,Monthly,233.13
CUST_003717,France,SMB,2025-03-14,Monthly,84.21
CUST_003718,Italy,Consumer,2024-05-28,Two-Year,176.44
CUST_003719,Netherlands,SMB,2023-03-19,Monthly,192.1
CUST_003720,Germany,Consumer,2025-09-19,Monthly,446.4
CUST_003721,France,Consumer,2023-06-09,Annual,481.61
CUST_003722,Germany,Consumer,2021-06-13,Two-Year,101.43
CUST_003723,Italy,SMB,2021-02-06,Monthly,29.64
CUST_003724,Germany,SMB,2023-07-14,Annual,418.72
CUST_003725,Italy,SMB,2022-02-15,Two-Year,288.15
CUST_003726,Italy,Enterprise,2022-11-12,Monthly,380.56
CUST_003727,Netherlands,Consumer,2022-07-20,Annual,179.2
CUST_003728,Spain,SMB,2022-12-29,Monthly,96.09
CUST_003729,France,Consumer,2025-10-24,Monthly,147.04
CUST_003730,Italy,Enterprise,2021-05-05,Monthly,43.27
CUST_003731,Netherlands,SMB,2021-07-19,Monthly,205.21
CUST_003732,Netherlands,Consumer,2022-06-11,Monthly,67.63
CUST_003733,France,Consumer,2024-09-18,Annual,242.61
CUST_003734,France,SMB,2022-04-06,Monthly,403.63
CUST_003735,Spain,SMB,2022-03-31,Monthly,42.86
CUST_003736,Netherlands,SMB,2024-08-04,Annual,450.42
CUST_003737,Spain,Consumer,2024-01-04,Two-Year,79.11
CUST_003738,France,Consumer,2024-03-18,Monthly,334.87
CUST_003739,Italy,Enterprise,2024-04-19,Monthly,135.46
CUST_003740,Germany,SMB,2024-03-07,Monthly,425.56
CUST_003741,Spain,Consumer,2023-10-12,Two-Year,24.97
CUST_003742,Spain,Consumer,2023-08-07,Annual,222.27
CUST_003743,Italy,SMB,2024-11-01,Monthly,481.71
CUST_003744,Germany,SMB,2022-09-17,Monthly,74.19
CUST_003745,Spain,Consumer,2022-08-12,Annual,385.11
CUST_003746,France,Enterprise,2022-03-22,Annual,368.78
CUST_003747,Spain,Enterprise,2025-02-25,Monthly,173.2
CUST_003748,Italy,Consumer,2021-01-21,Monthly,49.02
CUST_003749,Germany,Consumer,2022-01-18,Monthly,419.89
CUST_003750,Spain,Consumer,2021-09-28,Annual,454.34
CUST_003751,Spain,SMB,2022-11-14,Two-Year,81.36
CUST_003752,Germany,Consumer,2022-02-06,Monthly,426.96
CUST_003753,Germany,Enterprise,2023-07-12,Two-Year,419.95
CUST_003754,Italy,Consumer,2025-11-17,Monthly,296.97
CUST_003755,Germany,Consumer,2023-02-20,Annual,396.1
CUST_003756,Germany,Enterprise,2025-11-08,Two-Year,38.95
CUST_003757,Spain,Enterprise,2022-07-19,Annual,258.16
CUST_003758,Spain,Consumer,2024-11-02,Monthly,484.16
CUST_003759,Netherlands,Consumer,2021-09-10,Monthly,392.1
CUST_003760,Spain,Consumer,2024-01-20,Annual,148.7
CUST_003761,Netherlands,Consumer,2024-10-04,Annual,319.29
CUST_003762,Germany,Consumer,2024-05-06,Monthly,122.02
CUST_003763,Spain,Consumer,2025-09-09,Annual,126.62
CUST_003764,Spain,Consumer,2024-01-02,Monthly,110.89
CUST_003765,Spain,SMB,2023-12-07,Monthly,111.19
CUST_003766,Italy,SMB,2024-03-27,Annual,259.66
CUST_003767,Germany,SMB,2022-10-08,Monthly,168.7
CUST_003768,Germany,Consumer,2022-02-05,Monthly,393.42
CUST_003769,France,Consumer,2025-07-12,Monthly,449.17
CUST_003770,France,Consumer,2025-11-19,Two-Year,254.04
CUST_003771,Netherlands,Enterprise,2025-08-28,Monthly,111.83
CUST_003772,Netherlands,Consumer,2024-10-13,Monthly,499.04
CUST_003773,France,SMB,2022-02-13,Monthly,42.58
CUST_003774,Italy,Consumer,2022-03-04,Monthly,283.83
CUST_003775,Italy,Enterprise,2022-07-20,Monthly,125.43
CUST_003776,Germany,Consumer,2023-07-27,Monthly,470.08
CUST_003777,France,Consumer,2022-03-07,Monthly,175.98
CUST_003778,Spain,SMB,2024-12-12,Annual,479.86
CUST_003779,Italy,Consumer,2021-06-04,Monthly,486.94
CUST_003780,Netherlands,Consumer,2025-07-22,Monthly,472.63
CUST_003781,Spain,Consumer,2023-04-07,Annual,400.51
CUST_003782,Italy,Enterprise,2022-12-02,Monthly,375.78
CUST_003783,Netherlands,SMB,2023-04-03,Monthly,477.33
CUST_003784,Spain,Consumer,2023-06-03,Two-Year,127.36
CUST_003785,Germany,SMB,2023-10-05,Annual,408.75
CUST_003786,Netherlands,SMB,2022-07-20,Annual,74.47
CUST_003787,Netherlands,Consumer,2022-07-10,Annual,193.7
CUST_003788,Spain,Consumer,2022-11-19,Two-Year,212.88
CUST_003789,Germany,Consumer,2021-10-12,Monthly,497.76
CUST_003790,France,SMB,2022-02-20,Monthly,174.07
CUST_003791,Spain,Consumer,2023-02-04,Annual,286.27
CUST_003792,Germany,Enterprise,2021-02-24,Monthly,324.08
CUST_003793,Spain,Consumer,2023-02-06,Annual,345.36
CUST_003794,Spain,SMB,2023-01-31,Monthly,77.67
CUST_003795,France,Consumer,2021-01-05,Monthly,288.38
CUST_003796,France,SMB,2023-05-10,Annual,324.67
CUST_003797,France,Consumer,2024-04-23,Annual,453.61
CUST_003798,Italy,Consumer,2024-11-25,Annual,479.5
CUST_003799,Germany,Consumer,2022-12-09,Monthly,132.81
CUST_003800,Spain,SMB,2023-08-13,Monthly,121.05
CUST_003801,Spain,Consumer,2021-05-24,Annual,348.2
CUST_003802,Spain,SMB,2022-08-20,Monthly,254.95
CUST_003803,Germany,Consumer,2024-04-26,Annual,376.91
CUST_003804,Spain,Consumer,2023-04-26,Annual,427.27
CUST_003805,Spain,Consumer,2025-10-09,Monthly,25.13
CUST_003806,Spain,Consumer,2024-12-24,Monthly,441.79
CUST_003807,France,Consumer,2025-07-15,Annual,147.41
CUST_003808,France,Consumer,2023-05-29,Monthly,485.31
CUST_003809,Netherlands,SMB,2021-05-20,Monthly,226.53
CUST_003810,Italy,Enterprise,2023-10-11,Two-Year,429.17
CUST_003811,France,Consumer,2025-09-24,Monthly,115.97
CUST_003812,Spain,SMB,2021-11-12,Annual,272.08
CUST_003813,France,SMB,2025-10-20,Monthly,50.38
CUST_003814,Spain,SMB,2021-01-14,Monthly,372.72
CUST_003815,Germany,Consumer,2024-01-27,Annual,472.21
CUST_003816,Germany,Enterprise,2025-08-25,Monthly,424.7
CUST_003817,Germany,Consumer,2022-01-21,Annual,346.57
CUST_003818,Spain,SMB,2022-05-05,Monthly,77.09
CUST_003819,France,Consumer,2025-01-14,Annual,492.3
CUST_003820,Italy,SMB,2022-09-27,Annual,185.1
CUST_003821,Italy,Enterprise,2024-04-11,Annual,323.73
CUST_003822,France,Enterprise,2021-07-29,Monthly,151.03
CUST_003823,Germany,Consumer,2024-05-12,Monthly,417.11
CUST_003824,Spain,SMB,2023-07-26,Monthly,201.64
CUST_003825,France,Consumer,2023-07-04,Two-Year,207.53
CUST_003826,Germany,SMB,2024-09-07,Annual,22.15
CUST_003827,Spain,Consumer,2023-03-29,Annual,296.16
CUST_003828,Germany,SMB,2024-06-06,Monthly,140.35
CUST_003829,Netherlands,Consumer,2023-02-17,Monthly,462.49
CUST_003830,France,Consumer,2025-04-12,Monthly,395.91
CUST_003831,Germany,Consumer,2023-10-13,Monthly,476.99
CUST_003832,France,Consumer,2022-06-08,Monthly,207.08
CUST_003833,Germany,Consumer,2025-05-24,Monthly,337.63
CUST_003834,Germany,SMB,2022-07-29,Monthly,236.86
CUST_003835,Spain,SMB,2025-09-17,Annual,456.48
CUST_003836,Germany,SMB,2025-10-30,Monthly,175.65
CUST_003837,France,SMB,2023-10-16,Monthly,177.69
CUST_003838,Spain,Consumer,2023-04-14,Annual,195.65
CUST_003839,Italy,Consumer,2022-05-01,Annual,258.94
CUST_003840,Spain,Consumer,2025-03-04,Monthly,446.11
CUST_003841,France,Consumer,2022-05-06,Annual,119.58
CUST_003842,France,Consumer,2024-01-22,Monthly,332.63
CUST_003843,France,SMB,2025-01-08,Annual,166.86
CUST_003844,France,SMB,2021-11-27,Two-Year,59.68
CUST_003845,Netherlands,SMB,2021-11-12,Monthly,477.76
CUST_003846,Germany,Consumer,2025-10-15,Annual,397.17
CUST_003847,France,SMB,2025-12-09,Monthly,476.97
CUST_003848,France,Consumer,2022-08-16,Monthly,212.13
CUST_003849,Spain,Enterprise,2022-03-01,Monthly,383.35
CUST_003850,Spain,Consumer,2024-03-17,Monthly,332.55
CUST_003851,Germany,Consumer,2023-12-02,Monthly,317.13
CUST_003852,Spain,Consumer,2022-04-10,Monthly,39.33
CUST_003853,Germany,Consumer,2022-01-29,Monthly,54.43
CUST_003854,Germany,Consumer,2023-11-18,Monthly,113.73
CUST_003855,France,Consumer,2022-05-17,Monthly,379.83
CUST_003856,Spain,Consumer,2023-09-16,Monthly,403.2
CUST_003857,Italy,Enterprise,2024-06-09,Monthly,330.67
CUST_003858,Germany,Consumer,2022-04-22,Monthly,112.19
CUST_003859,France,Consumer,2023-11-10,Annual,393.26
CUST_003860,Spain,Enterprise,2025-12-11,Two-Year,74.46
CUST_003861,Germany,Consumer,2023-09-09,Monthly,449.13
CUST_003862,Spain,SMB,2021-09-14,Monthly,204.69
CUST_003863,France,Consumer,2024-09-04,Two-Year,369.0
CUST_003864,Germany,Consumer,2023-03-20,Annual,101.36
CUST_003865,Netherlands,Consumer,2024-08-01,Two-Year,170.86
CUST_003866,Germany,Consumer,2021-02-27,Annual,257.73
CUST_003867,France,SMB,2024-07-23,Annual,258.25
CUST_003868,Spain,SMB,2024-05-31,Monthly,66.66
CUST_003869,France,Consumer,2021-01-07,Monthly,283.19
CUST_003870,Germany,Enterprise,2023-04-24,Annual,56.06
CUST_003871,Germany,Consumer,2023-05-09,Annual,463.37
CUST_003872,Spain,Consumer,2023-10-20,Annual,222.45
CUST_003873,Spain,Enterprise,2024-01-31,Two-Year,230.76
CUST_003874,Spain,Enterprise,2024-06-29,Monthly,296.96
CUST_003875,Netherlands,Consumer,2025-07-27,Monthly,395.2
CUST_003876,Germany,Consumer,2024-10-27,Two-Year,53.38
CUST_003877,Spain,Consumer,2022-07-22,Annual,357.43
CUST_003878,Netherlands,Consumer,2025-10-30,Annual,457.05
CUST_003879,Spain,SMB,2023-05-24,Annual,230.81
CUST_003880,Germany,Consumer,2025-04-27,Two-Year,26.37
CUST_003881,France,SMB,2023-06-06,Monthly,138.74
CUST_003882,Netherlands,Consumer,2022-08-15,Monthly,471.7
CUST_003883,France,Consumer,2024-08-12,Monthly,76.65
CUST_003884,Germany,Consumer,2024-08-20,Monthly,26.53
CUST_003885,Netherlands,Consumer,2021-08-09,Annual,469.21
CUST_003886,Spain,Consumer,2021-05-19,Monthly,434.25
CUST_003887,Netherlands,Enterprise,2024-10-15,Annual,240.99
CUST_003888,Italy,Enterprise,2021-09-06,Monthly,22.59
CUST_003889,Netherlands,SMB,2023-04-19,Annual,300.21
CUST_003890,Spain,Consumer,2023-04-20,Monthly,412.05
CUST_003891,Spain,Enterprise,2023-03-14,Annual,157.31
CUST_003892,France,Enterprise,2023-04-20,Monthly,102.91
CUST_003893,Germany,Enterprise,2025-10-02,Monthly,454.24
CUST_003894,Germany,Consumer,2023-07-13,Monthly,388.6
CUST_003895,Netherlands,Consumer,2025-05-04,Annual,235.08
CUST_003896,France,SMB,2023-05-18,Annual,454.41
CUST_003897,Germany,Consumer,2023-05-12,Two-Year,311.91
CUST_003898,Germany,Consumer,2024-03-17,Two-Year,473.16
CUST_003899,Spain,Consumer,2022-03-04,Monthly,69.52
CUST_003900,Spain,Consumer,2025-10-09,Monthly,229.48
CUST_003901,Spain,Consumer,2025-08-29,Monthly,346.02
CUST_003902,Italy,SMB,2021-11-12,Monthly,215.79
CUST_003903,France,SMB,2021-09-26,Monthly,187.89
CUST_003904,Germany,Consumer,2022-10-15,Two-Year,353.8
CUST_003905,Germany,Consumer,2021-12-14,Two-Year,310.73
CUST_003906,France,Enterprise,2021-05-16,Monthly,155.62
CUST_003907,Italy,Consumer,2025-01-15,Annual,233.12
CUST_003908,Italy,Consumer,2022-01-01,Annual,359.31
CUST_003909,Germany,Consumer,2022-11-04,Monthly,320.91
CUST_003910,Italy,Consumer,2025-12-08,Two-Year,237.45
CUST_003911,Germany,SMB,2022-12-30,Two-Year,144.8
CUST_003912,Germany,Consumer,2021-03-14,Two-Year,75.0
CUST_003913,Italy,Enterprise,2022-03-21,Annual,423.28
CUST_003914,Germany,Consumer,2022-01-26,Monthly,413.75
CUST_003915,Germany,Enterprise,2023-10-13,Monthly,314.39
CUST_003916,Germany,SMB,2023-02-18,Two-Year,294.24
CUST_003917,Germany,Consumer,2021-05-21,Monthly,85.44
CUST_003918,Germany,Consumer,2022-06-19,Monthly,234.43
CUST_003919,France,Consumer,2023-05-06,Monthly,252.26
CUST_003920,Germany,Enterprise,2023-09-23,Monthly,241.48
CUST_003921,Spain,SMB,2023-02-02,Monthly,136.2
CUST_003922,Italy,Consumer,2025-12-14,Annual,79.43
CUST_003923,Germany,Consumer,2023-06-17,Annual,467.06
CUST_003924,Netherlands,Enterprise,2024-07-09,Monthly,287.05
CUST_003925,Spain,SMB,2023-11-10,Monthly,434.03
CUST_003926,France,Consumer,2023-01-12,Annual,342.55
CUST_003927,Germany,Consumer,2021-02-21,Annual,413.75
CUST_003928,Italy,Consumer,2024-06-01,Two-Year,123.68
CUST_003929,Spain,SMB,2025-04-19,Annual,70.9
CUST_003930,Netherlands,Consumer,2025-05-12,Monthly,314.66
CUST_003931,Germany,SMB,2024-12-19,Annual,283.69
CUST_003932,France,Consumer,2022-02-23,Annual,66.3
CUST_003933,Germany,Consumer,2023-04-05,Annual,313.42
CUST_003934,Spain,Consumer,2024-08-02,Annual,107.31
CUST_003935,Germany,SMB,2024-08-28,Monthly,71.92
CUST_003936,Spain,Consumer,2024-01-27,Monthly,492.91
CUST_003937,Germany,Enterprise,2021-03-31,Annual,286.74
CUST_003938,France,Consumer,2024-09-01,Monthly,178.29
CUST_003939,Germany,SMB,2023-10-30,Annual,67.07
CUST_003940,Spain,Enterprise,2021-06-03,Monthly,460.03
CUST_003941,Spain,SMB,2023-09-12,Annual,472.44
CUST_003942,Spain,Consumer,2024-08-31,Annual,143.34
CUST_003943,Spain,SMB,2025-09-05,Monthly,228.81
CUST_003944,France,Consumer,2024-12-09,Monthly,329.86
CUST_003945,Spain,Consumer,2022-04-24,Annual,73.36
CUST_003946,Italy,SMB,2024-06-08,Monthly,277.74
CUST_003947,Spain,SMB,2024-05-17,Monthly,124.95
CUST_003948,Spain,Consumer,2021-12-27,Annual,128.13
CUST_003949,Italy,Enterprise,2025-02-24,Monthly,309.47
CUST_003950,Spain,Consumer,2021-10-22,Annual,168.84
CUST_003951,Germany,Enterprise,2024-10-01,Monthly,284.17
CUST_003952,Netherlands,SMB,2024-09-10,Monthly,145.91
CUST_003953,Netherlands,Enterprise,2025-10-22,Monthly,254.09
CUST_003954,France,SMB,2024-03-28,Two-Year,467.47
CUST_003955,Spain,Enterprise,2021-05-12,Annual,252.67
CUST_003956,France,SMB,2025-12-02,Monthly,260.65
CUST_003957,Netherlands,Consumer,2022-12-02,Monthly,256.56
CUST_003958,Netherlands,Consumer,2023-04-11,Annual,431.15
CUST_003959,Spain,SMB,2025-05-04,Annual,347.23
CUST_003960,Germany,Consumer,2022-02-23,Monthly,34.7
CUST_003961,Germany,Enterprise,2024-04-24,Monthly,76.62
CUST_003962,Spain,Consumer,2024-11-06,Monthly,297.39
CUST_003963,France,Enterprise,2023-08-26,Annual,384.89
CUST_003964,Spain,Consumer,2024-09-28,Annual,76.16
CUST_003965,Germany,SMB,2024-07-26,Annual,261.34
CUST_003966,Spain,Enterprise,2023-08-13,Annual,328.4
CUST_003967,Germany,Consumer,2021-06-17,Monthly,212.39
CUST_003968,Spain,SMB,2024-09-24,Annual,352.88
CUST_003969,Germany,Consumer,2024-12-12,Annual,184.46
CUST_003970,Spain,SMB,2022-07-22,Monthly,319.05
CUST_003971,Netherlands,SMB,2025-02-03,Two-Year,387.54
CUST_003972,Spain,Consumer,2022-01-29,Monthly,478.79
CUST_003973,Germany,Consumer,2021-11-09,Annual,326.67
CUST_003974,Spain,Consumer,2021-08-19,Annual,188.76
CUST_003975,Spain,Consumer,2023-10-06,Two-Year,366.2
CUST_003976,Spain,SMB,2022-06-15,Monthly,406.15
CUST_003977,Spain,Consumer,2024-06-22,Two-Year,219.03
CUST_003978,Spain,Enterprise,2024-04-10,Monthly,194.03
CUST_003979,Germany,Enterprise,2023-02-19,Monthly,93.18
CUST_003980,France,Enterprise,2022-04-17,Two-Year,344.91
CUST_003981,Spain,Consumer,2025-07-30,Monthly,233.54
CUST_003982,Germany,Consumer,2025-06-02,Annual,83.8
CUST_003983,France,SMB,2022-09-26,Monthly,289.5
CUST_003984,Spain,SMB,2022-04-02,Two-Year,495.14
CUST_003985,Germany,Enterprise,2025-01-08,Annual,44.64
CUST_003986,Spain,Consumer,2024-06-03,Monthly,267.45
CUST_003987,Spain,Consumer,2023-04-14,Annual,469.2
CUST_003988,Germany,Enterprise,2023-08-22,Monthly,480.38
CUST_003989,Netherlands,SMB,2024-08-17,Annual,184.03
CUST_003990,Netherlands,Consumer,2022-01-22,Annual,102.37
CUST_003991,Netherlands,SMB,2025-12-25,Annual,221.95
CUST_003992,Germany,Consumer,2023-10-13,Annual,172.89
CUST_003993,Spain,Consumer,2021-08-20,Annual,251.64
CUST_003994,Germany,Consumer,2025-10-10,Annual,306.06
CUST_003995,Spain,Consumer,2025-12-25,Two-Year,388.76
CUST_003996,Spain,Consumer,2025-09-21,Monthly,324.4
CUST_003997,Spain,Consumer,2024-06-29,Monthly,448.19
CUST_003998,Germany,Consumer,2022-06-17,Annual,373.14
CUST_003999,Germany,Consumer,2023-08-27,Monthly,268.95
CUST_004000,Spain,Consumer,2023-09-07,Monthly,77.26
CUST_004001,France,Consumer,2023-07-19,Annual,405.8
CUST_004002,Germany,SMB,2021-10-03,Annual,362.8
CUST_004003,Italy,SMB,2022-07-22,Monthly,181.36
CUST_004004,Spain,Consumer,2023-05-07,Monthly,131.34
CUST_004005,Germany,Consumer,2023-08-24,Monthly,335.88
CUST_004006,Spain,SMB,2022-08-11,Monthly,60.43
CUST_004007,Germany,Enterprise,2024-08-26,Monthly,397.88
CUST_004008,Spain,Enterprise,2025-08-25,Annual,128.9
CUST_004009,Spain,Enterprise,2023-05-03,Monthly,304.87
CUST_004010,France,SMB,2024-03-01,Annual,165.71
CUST_004011,Spain,Enterprise,2021-12-18,Two-Year,249.08
CUST_004012,Spain,Consumer,2021-12-04,Monthly,404.3
CUST_004013,Netherlands,SMB,2021-05-14,Two-Year,157.77
CUST_004014,Spain,Enterprise,2025-12-18,Monthly,35.88
CUST_004015,France,SMB,2022-07-05,Annual,57.15
CUST_004016,Germany,Consumer,2024-06-21,Two-Year,55.75
CUST_004017,Spain,Consumer,2024-02-14,Annual,240.33
CUST_004018,Germany,Consumer,2021-09-03,Monthly,59.97
CUST_004019,Spain,Consumer,2021-11-01,Monthly,218.08
CUST_004020,France,SMB,2024-12-30,Monthly,354.97
CUST_004021,Spain,SMB,2024-12-23,Two-Year,442.34
CUST_004022,Spain,Consumer,2023-10-16,Monthly,126.29
CUST_004023,Germany,SMB,2022-09-21,Annual,440.8
CUST_004024,Netherlands,Consumer,2023-01-01,Monthly,489.48
CUST_004025,Italy,Consumer,2024-12-15,Monthly,320.34
CUST_004026,Netherlands,Consumer,2021-12-25,Monthly,373.87
CUST_004027,France,Consumer,2021-06-10,Monthly,251.86
CUST_004028,France,SMB,2022-05-23,Annual,55.93
CUST_004029,Germany,SMB,2021-12-13,Monthly,480.77
CUST_004030,Netherlands,SMB,2021-11-02,Monthly,473.73
CUST_004031,Germany,Consumer,2023-04-27,Annual,174.93
CUST_004032,Germany,SMB,2025-01-06,Monthly,113.96
CUST_004033,France,Consumer,2024-06-16,Annual,51.43
CUST_004034,Germany,Consumer,2022-05-14,Annual,258.95
CUST_004035,Spain,Consumer,2023-02-14,Annual,463.89
CUST_004036,Germany,SMB,2023-05-09,Monthly,39.65
CUST_004037,Germany,Enterprise,2022-12-12,Monthly,313.54
CUST_004038,Italy,Consumer,2025-11-03,Annual,421.07
CUST_004039,Germany,SMB,2025-10-01,Two-Year,202.26
CUST_004040,Italy,Consumer,2025-12-22,Monthly,313.75
CUST_004041,Germany,Consumer,2023-02-05,Monthly,233.03
CUST_004042,Italy,SMB,2024-12-15,Monthly,51.39
CUST_004043,Spain,SMB,2024-09-05,Annual,262.14
CUST_004044,Netherlands,Enterprise,2024-12-29,Monthly,62.75
CUST_004045,Germany,SMB,2021-10-22,Two-Year,348.79
CUST_004046,Spain,Consumer,2025-09-22,Monthly,168.85
CUST_004047,Spain,Enterprise,2025-09-10,Two-Year,405.2
CUST_004048,Spain,Enterprise,2024-12-25,Monthly,301.78
CUST_004049,Germany,Consumer,2023-11-12,Monthly,468.81
CUST_004050,France,Consumer,2023-04-04,Monthly,374.12
CUST_004051,Netherlands,Consumer,2022-03-30,Monthly,367.93
CUST_004052,France,SMB,2021-04-21,Two-Year,166.21
CUST_004053,Germany,Enterprise,2025-10-22,Monthly,232.12
CUST_004054,Germany,SMB,2022-01-16,Monthly,377.87
CUST_004055,Italy,Consumer,2022-09-16,Two-Year,366.56
CUST_004056,Italy,Consumer,2023-03-23,Monthly,352.3
CUST_004057,Spain,Consumer,2024-05-20,Monthly,23.82
CUST_004058,Netherlands,Consumer,2022-04-30,Monthly,28.31
CUST_004059,Germany,Consumer,2022-01-29,Monthly,52.38
CUST_004060,Italy,Consumer,2022-08-25,Two-Year,35.16
CUST_004061,Netherlands,Consumer,2022-08-26,Monthly,390.97
CUST_004062,France,Consumer,2021-04-18,Annual,282.51
CUST_004063,Spain,SMB,2022-12-16,Monthly,262.35
CUST_004064,France,Consumer,2023-10-06,Monthly,61.09
CUST_004065,Spain,Consumer,2023-03-28,Annual,391.82
CUST_004066,Italy,Consumer,2022-10-04,Annual,64.57
CUST_004067,Spain,Enterprise,2025-08-02,Annual,126.47
CUST_004068,France,SMB,2022-04-18,Monthly,413.08
CUST_004069,Netherlands,SMB,2025-03-20,Monthly,352.44
CUST_004070,Spain,SMB,2024-01-20,Annual,64.45
CUST_004071,Germany,SMB,2024-04-05,Annual,55.47
CUST_004072,France,SMB,2022-05-21,Monthly,215.12
CUST_004073,Germany,Consumer,2025-10-31,Monthly,309.63
CUST_004074,Spain,Consumer,2023-05-20,Annual,138.45
CUST_004075,Spain,Consumer,2023-07-15,Monthly,300.88
CUST_004076,Germany,Consumer,2022-03-26,Annual,192.51
CUST_004077,France,Consumer,2023-05-24,Annual,302.54
CUST_004078,France,Consumer,2024-05-27,Monthly,368.25
CUST_004079,Spain,Consumer,2025-09-07,Monthly,424.72
CUST_004080,Germany,Consumer,2025-04-09,Annual,114.01
CUST_004081,Germany,Consumer,2021-10-13,Annual,60.86
CUST_004082,Spain,Consumer,2021-05-30,Two-Year,76.82
CUST_004083,France,Consumer,2025-10-06,Annual,99.38
CUST_004084,Germany,Consumer,2025-02-06,Monthly,175.69
CUST_004085,Germany,SMB,2021-10-04,Monthly,33.75
CUST_004086,Netherlands,Consumer,2025-04-05,Annual,419.62
CUST_004087,Germany,Consumer,2024-10-22,Monthly,427.55
CUST_004088,France,Consumer,2025-10-28,Annual,362.31
CUST_004089,Spain,Consumer,2021-10-21,Monthly,191.11
CUST_004090,Spain,Consumer,2025-02-20,Monthly,359.24
CUST_004091,Spain,Consumer,2022-10-29,Monthly,295.81
CUST_004092,Italy,Consumer,2023-10-06,Two-Year,337.93
CUST_004093,Italy,Enterprise,2022-04-18,Annual,62.18
CUST_004094,Spain,SMB,2021-05-09,Annual,439.86
CUST_004095,Spain,Consumer,2024-06-26,Monthly,187.37
CUST_004096,Germany,Consumer,2021-05-16,Two-Year,149.23
CUST_004097,France,SMB,2023-04-30,Two-Year,207.59
CUST_004098,France,Consumer,2021-12-26,Monthly,138.7
CUST_004099,France,Enterprise,2025-08-07,Annual,497.2
CUST_004100,Netherlands,Consumer,2023-03-28,Two-Year,330.18
CUST_004101,Spain,Consumer,2021-12-06,Monthly,450.28
CUST_004102,France,Consumer,2025-10-11,Monthly,476.49
CUST_004103,France,Enterprise,2024-06-10,Annual,299.0
CUST_004104,Germany,Enterprise,2021-11-17,Monthly,404.25
CUST_004105,Netherlands,Enterprise,2022-10-10,Annual,454.54
CUST_004106,Spain,Consumer,2023-09-11,Annual,92.0
CUST_004107,France,SMB,2024-11-20,Monthly,149.2
CUST_004108,France,Consumer,2025-12-28,Monthly,212.77
CUST_004109,Netherlands,Consumer,2025-03-16,Annual,318.96
CUST_004110,Germany,SMB,2021-01-26,Monthly,388.78
CUST_004111,Germany,Enterprise,2023-05-20,Monthly,185.6
CUST_004112,Italy,Consumer,2021-03-27,Monthly,424.49
CUST_004113,Italy,Consumer,2022-07-06,Annual,334.09
CUST_004114,Germany,Consumer,2022-05-08,Monthly,198.57
CUST_004115,Italy,Consumer,2022-05-01,Monthly,346.74
CUST_004116,Spain,Consumer,2022-02-16,Annual,428.98
CUST_004117,France,Enterprise,2023-01-01,Monthly,181.26
CUST_004118,Italy,Consumer,2023-06-30,Annual,205.75
CUST_004119,Germany,SMB,2025-10-10,Monthly,352.08
CUST_004120,Germany,Consumer,2023-02-07,Annual,226.31
CUST_004121,Netherlands,Consumer,2021-02-13,Monthly,105.28
CUST_004122,Italy,Consumer,2023-12-02,Monthly,430.0
CUST_004123,Italy,Consumer,2022-07-03,Monthly,116.74
CUST_004124,Germany,Consumer,2021-09-26,Two-Year,138.24
CUST_004125,Netherlands,SMB,2024-05-09,Annual,436.55
CUST_004126,Spain,Enterprise,2024-06-06,Monthly,328.14
CUST_004127,Germany,Consumer,2022-09-30,Monthly,227.17
CUST_004128,Germany,Consumer,2022-01-28,Monthly,203.27
CUST_004129,Italy,Enterprise,2023-06-14,Monthly,107.95
CUST_004130,Netherlands,Consumer,2023-04-06,Monthly,52.6
CUST_004131,France,Enterprise,2025-11-06,Two-Year,456.52
CUST_004132,France,Enterprise,2021-03-02,Monthly,41.47
CUST_004133,Germany,SMB,2021-11-24,Two-Year,49.61
CUST_004134,Germany,Consumer,2024-12-27,Monthly,381.01
CUST_004135,Germany,SMB,2025-09-28,Annual,449.0
CUST_004136,Spain,Consumer,2024-02-20,Monthly,360.66
CUST_004137,Germany,Consumer,2022-08-01,Monthly,136.2
CUST_004138,Italy,Enterprise,2022-01-17,Annual,149.91
CUST_004139,France,Consumer,2025-03-22,Monthly,481.46
CUST_004140,Italy,SMB,2024-01-04,Two-Year,356.04
CUST_004141,Germany,Consumer,2023-01-16,Annual,417.35
CUST_004142,Germany,Consumer,2023-03-09,Two-Year,234.26
CUST_004143,Spain,SMB,2021-09-29,Annual,392.73
CUST_004144,Germany,SMB,2025-02-17,Monthly,490.77
CUST_004145,Germany,Consumer,2021-03-30,Monthly,191.23
CUST_004146,Spain,SMB,2025-12-02,Annual,173.85
CUST_004147,Spain,Consumer,2021-11-03,Monthly,40.61
CUST_004148,France,Enterprise,2021-08-16,Annual,373.77
CUST_004149,Germany,SMB,2021-05-13,Monthly,135.52
CUST_004150,Germany,SMB,2023-06-14,Annual,141.88
CUST_004151,Spain,Consumer,2021-04-13,Monthly,323.36
CUST_004152,Germany,Consumer,2022-04-17,Monthly,374.64
CUST_004153,Germany,Enterprise,2024-12-29,Two-Year,215.59
CUST_004154,Germany,Consumer,2024-09-30,Annual,473.38
CUST_004155,France,Consumer,2022-09-18,Monthly,97.62
CUST_004156,Spain,SMB,2021-03-04,Monthly,273.13
CUST_004157,Netherlands,SMB,2021-10-16,Annual,316.32
CUST_004158,Spain,Enterprise,2023-09-22,Monthly,316.34
CUST_004159,Germany,SMB,2023-05-03,Annual,335.29
CUST_004160,Spain,Enterprise,2025-04-15,Annual,324.26
CUST_004161,Germany,Consumer,2023-06-02,Monthly,400.02
CUST_004162,Spain,SMB,2022-12-12,Monthly,410.76
CUST_004163,Italy,SMB,2024-02-17,Monthly,489.18
CUST_004164,Germany,SMB,2025-03-10,Monthly,471.06
CUST_004165,France,Consumer,2025-02-01,Annual,269.57
CUST_004166,Spain,Consumer,2021-09-26,Monthly,358.85
CUST_004167,Spain,Consumer,2023-02-04,Two-Year,213.17
CUST_004168,Germany,SMB,2025-08-04,Annual,332.31
CUST_004169,Germany,Consumer,2025-01-15,Monthly,23.57
CUST_004170,Germany,SMB,2024-12-16,Annual,196.44
CUST_004171,Netherlands,SMB,2021-07-30,Monthly,458.98
CUST_004172,France,Consumer,2022-12-16,Monthly,344.0
CUST_004173,Netherlands,SMB,2025-02-28,Annual,28.29
CUST_004174,Spain,Consumer,2021-08-27,Monthly,270.89
CUST_004175,Italy,Consumer,2024-08-03,Monthly,195.63
CUST_004176,France,Consumer,2023-08-09,Monthly,408.21
CUST_004177,France,Consumer,2024-08-23,Monthly,75.13
CUST_004178,Netherlands,SMB,2024-05-09,Annual,309.95
CUST_004179,France,Consumer,2021-06-23,Two-Year,361.79
CUST_004180,Italy,Consumer,2021-08-24,Annual,305.82
CUST_004181,France,Consumer,2022-09-07,Two-Year,151.73
CUST_004182,Spain,SMB,2025-08-31,Annual,400.73
CUST_004183,France,Consumer,2025-09-07,Monthly,400.93
CUST_004184,Germany,Consumer,2024-10-24,Two-Year,193.25
CUST_004185,Netherlands,Enterprise,2022-03-14,Monthly,148.0
CUST_004186,Italy,Consumer,2025-10-04,Monthly,338.67
CUST_004187,Spain,Consumer,2024-08-02,Two-Year,196.55
CUST_004188,Spain,Consumer,2022-07-01,Annual,185.77
CUST_004189,Spain,SMB,2024-07-22,Two-Year,236.27
CUST_004190,Germany,SMB,2023-03-03,Monthly,239.88
CUST_004191,Spain,Consumer,2023-05-24,Annual,418.22
CUST_004192,France,SMB,2022-03-15,Monthly,477.35
CUST_004193,France,SMB,2024-03-20,Monthly,362.46
CUST_004194,Italy,Enterprise,2022-05-15,Two-Year,62.35
CUST_004195,Spain,Enterprise,2025-08-13,Monthly,182.14
CUST_004196,Germany,SMB,2021-09-23,Annual,111.01
CUST_004197,Spain,Consumer,2022-04-05,Two-Year,338.37
CUST_004198,Italy,Consumer,2021-08-17,Two-Year,307.11
CUST_004199,Spain,Enterprise,2022-03-16,Monthly,491.58
CUST_004200,Spain,Consumer,2024-05-09,Monthly,234.89
CUST_004201,Spain,Consumer,2025-09-23,Two-Year,70.62
CUST_004202,Italy,Enterprise,2021-10-14,Annual,307.23
CUST_004203,Spain,Enterprise,2022-02-11,Monthly,196.13
CUST_004204,France,SMB,2021-09-01,Monthly,105.43
CUST_004205,France,Enterprise,2025-01-15,Monthly,198.07
CUST_004206,Italy,Consumer,2023-09-04,Two-Year,134.33
CUST_004207,Spain,SMB,2022-10-27,Monthly,114.66
CUST_004208,Spain,Enterprise,2024-07-09,Annual,252.15
CUST_004209,Germany,Consumer,2021-06-04,Monthly,408.81
CUST_004210,Spain,Consumer,2024-11-21,Monthly,445.12
CUST_004211,France,SMB,2021-06-23,Annual,144.95
CUST_004212,Germany,Consumer,2023-11-26,Two-Year,235.24
CUST_004213,Germany,Consumer,2021-02-27,Monthly,424.59
CUST_004214,Spain,Consumer,2022-01-04,Monthly,494.57
CUST_004215,France,Consumer,2024-02-15,Annual,427.97
CUST_004216,Spain,Consumer,2023-11-13,Monthly,257.14
CUST_004217,France,Enterprise,2023-03-29,Monthly,437.67
CUST_004218,Spain,SMB,2024-02-17,Annual,359.18
CUST_004219,Netherlands,SMB,2025-03-08,Monthly,74.49
CUST_004220,France,Consumer,2022-04-17,Annual,60.39
CUST_004221,Spain,Consumer,2025-11-11,Monthly,469.41
CUST_004222,Spain,Consumer,2021-09-21,Annual,463.73
CUST_004223,Germany,Enterprise,2025-11-22,Annual,240.02
CUST_004224,Spain,Enterprise,2025-08-18,Annual,337.68
CUST_004225,Spain,Consumer,2023-02-21,Annual,166.3
CUST_004226,Italy,Enterprise,2021-06-25,Annual,356.67
CUST_004227,France,Consumer,2023-01-13,Monthly,234.17
CUST_004228,Spain,Consumer,2022-05-22,Monthly,187.27
CUST_004229,France,SMB,2023-11-25,Monthly,231.49
CUST_004230,Spain,Consumer,2022-02-27,Annual,238.67
CUST_004231,Netherlands,Enterprise,2021-05-04,Monthly,472.52
CUST_004232,Spain,Consumer,2025-06-17,Monthly,444.79
CUST_004233,France,SMB,2025-05-01,Annual,113.33
CUST_004234,Italy,Consumer,2023-07-06,Annual,153.66
CUST_004235,Spain,Consumer,2025-04-04,Monthly,163.7
CUST_004236,Spain,Consumer,2025-10-13,Monthly,25.55
CUST_004237,Germany,Enterprise,2025-08-08,Annual,274.61
CUST_004238,Italy,Consumer,2025-02-21,Two-Year,251.69
CUST_004239,Germany,SMB,2021-03-22,Annual,79.81
CUST_004240,France,Consumer,2024-10-10,Monthly,495.31
CUST_004241,Italy,Consumer,2025-08-05,Annual,385.42
CUST_004242,Italy,Consumer,2021-11-19,Monthly,107.88
CUST_004243,Germany,SMB,2021-05-02,Monthly,358.56
CUST_004244,Germany,Consumer,2022-09-21,Monthly,183.5
CUST_004245,France,Consumer,2025-02-12,Monthly,323.77
CUST_004246,Spain,SMB,2025-02-06,Annual,245.84
CUST_004247,Italy,Consumer,2023-12-03,Annual,86.65
CUST_004248,Spain,Consumer,2025-12-01,Annual,240.84
CUST_004249,Spain,Consumer,2021-10-26,Annual,481.61
CUST_004250,Italy,Consumer,2025-05-23,Monthly,379.1
CUST_004251,Germany,SMB,2025-05-09,Annual,320.76
CUST_004252,Spain,Consumer,2025-09-28,Annual,424.89
CUST_004253,Spain,SMB,2022-06-18,Annual,417.79
CUST_004254,Germany,Consumer,2024-03-18,Monthly,446.34
CUST_004255,Italy,Enterprise,2022-05-19,Annual,72.25
CUST_004256,Spain,Enterprise,2023-06-01,Annual,82.14
CUST_004257,Spain,Consumer,2025-10-20,Monthly,403.47
CUST_004258,Germany,Consumer,2023-07-29,Two-Year,497.76
CUST_004259,Netherlands,Consumer,2024-11-05,Monthly,290.02
CUST_004260,Spain,SMB,2023-04-18,Monthly,482.85
CUST_004261,Netherlands,Consumer,2021-01-01,Annual,338.15
CUST_004262,Italy,SMB,2021-10-10,Annual,60.95
CUST_004263,Spain,Consumer,2024-05-12,Annual,464.6
CUST_004264,Italy,Consumer,2022-07-13,Monthly,422.82
CUST_004265,France,SMB,2022-07-24,Two-Year,277.21
CUST_004266,Germany,SMB,2021-06-15,Monthly,377.08
CUST_004267,Germany,SMB,2025-02-08,Monthly,188.75
CUST_004268,Italy,SMB,2021-06-11,Annual,315.57
CUST_004269,Italy,SMB,2023-09-09,Monthly,218.35
CUST_004270,Italy,Consumer,2022-07-24,Annual,273.02
CUST_004271,Netherlands,Enterprise,2025-07-14,Two-Year,325.55
CUST_004272,Germany,SMB,2024-05-01,Monthly,45.86
CUST_004273,Italy,Enterprise,2021-05-05,Monthly,66.09
CUST_004274,Italy,Enterprise,2024-01-26,Monthly,59.56
CUST_004275,Spain,Consumer,2021-10-30,Annual,305.57
CUST_004276,Spain,SMB,2023-10-19,Annual,218.2
CUST_004277,Germany,SMB,2022-03-21,Two-Year,260.03
CUST_004278,Italy,Consumer,2024-09-29,Annual,260.14
CUST_004279,Spain,SMB,2023-05-15,Two-Year,39.43
CUST_004280,France,Consumer,2023-02-11,Monthly,402.11
CUST_004281,Spain,Consumer,2025-05-23,Monthly,356.33
CUST_004282,Germany,Consumer,2023-03-19,Monthly,350.19
CUST_004283,France,SMB,2022-03-06,Annual,36.44
CUST_004284,Spain,SMB,2023-08-04,Monthly,332.82
CUST_004285,Italy,Consumer,2025-01-18,Monthly,260.22
CUST_004286,Spain,Consumer,2021-05-02,Monthly,385.07
CUST_004287,Netherlands,Consumer,2022-05-31,Monthly,66.5
CUST_004288,Spain,Consumer,2023-11-29,Annual,378.42
CUST_004289,Netherlands,Consumer,2022-03-17,Two-Year,481.61
CUST_004290,France,Consumer,2024-10-01,Monthly,428.47
CUST_004291,Spain,Enterprise,2021-04-14,Annual,449.2
CUST_004292,Spain,Consumer,2022-04-27,Monthly,56.38
CUST_004293,Spain,Consumer,2023-12-10,Monthly,274.23
CUST_004294,France,Enterprise,2025-04-10,Monthly,138.4
CUST_004295,Italy,Consumer,2022-10-08,Annual,281.56
CUST_004296,Germany,Enterprise,2022-05-02,Annual,359.16
CUST_004297,Germany,Consumer,2025-08-21,Annual,378.48
CUST_004298,France,Consumer,2023-07-27,Annual,495.97
CUST_004299,Germany,Consumer,2022-01-05,Monthly,479.66
CUST_004300,France,Consumer,2025-05-16,Annual,138.63
CUST_004301,Germany,Enterprise,2021-02-22,Annual,459.5
CUST_004302,France,SMB,2024-09-09,Monthly,444.33
CUST_004303,Netherlands,SMB,2025-07-13,Monthly,367.25
CUST_004304,Germany,Consumer,2023-11-19,Monthly,143.68
CUST_004305,Spain,Enterprise,2025-07-29,Monthly,110.36
CUST_004306,Spain,Consumer,2024-02-12,Monthly,229.09
CUST_004307,France,Consumer,2023-12-28,Monthly,38.75
CUST_004308,Germany,Enterprise,2021-07-18,Two-Year,156.28
CUST_004309,Netherlands,Consumer,2021-11-22,Two-Year,55.22
CUST_004310,France,Consumer,2024-06-30,Annual,271.76
CUST_004311,Germany,Consumer,2024-05-29,Annual,315.94
CUST_004312,Italy,Consumer,2024-01-23,Two-Year,73.43
CUST_004313,Spain,SMB,2022-01-17,Monthly,439.49
CUST_004314,Italy,Consumer,2021-06-04,Annual,66.46
CUST_004315,Spain,Enterprise,2021-06-05,Annual,210.18
CUST_004316,France,Consumer,2021-08-15,Two-Year,260.47
CUST_004317,Netherlands,SMB,2022-02-03,Annual,299.42
CUST_004318,Italy,SMB,2025-11-09,Monthly,173.17
CUST_004319,Italy,SMB,2024-11-25,Annual,362.28
CUST_004320,Germany,Consumer,2021-11-22,Monthly,183.85
CUST_004321,Italy,Consumer,2022-07-15,Monthly,141.29
CUST_004322,France,SMB,2025-06-24,Annual,237.52
CUST_004323,France,Enterprise,2023-04-01,Annual,74.45
CUST_004324,Spain,Consumer,2022-05-19,Monthly,483.76
CUST_004325,Spain,Consumer,2022-08-23,Monthly,284.05
CUST_004326,France,SMB,2022-12-25,Annual,89.15
CUST_004327,Spain,Consumer,2023-09-19,Monthly,402.11
CUST_004328,France,Consumer,2023-10-12,Annual,365.78
CUST_004329,Italy,Enterprise,2023-08-31,Monthly,226.64
CUST_004330,Netherlands,Consumer,2024-02-17,Annual,492.18
CUST_004331,Spain,Consumer,2022-06-27,Monthly,260.3
CUST_004332,Netherlands,SMB,2023-06-28,Two-Year,122.12
CUST_004333,Spain,Consumer,2025-02-23,Two-Year,399.8
CUST_004334,Germany,Consumer,2022-09-29,Monthly,465.8
CUST_004335,Italy,Consumer,2025-11-30,Annual,145.94
CUST_004336,Spain,Consumer,2023-06-30,Annual,23.23
CUST_004337,Spain,Consumer,2022-11-18,Monthly,312.45
CUST_004338,Spain,SMB,2024-07-03,Annual,371.73
CUST_004339,Germany,Consumer,2022-12-16,Two-Year,145.21
CUST_004340,Italy,Consumer,2022-12-25,Annual,482.55
CUST_004341,Spain,SMB,2022-11-16,Two-Year,100.47
CUST_004342,Spain,Consumer,2023-09-23,Monthly,404.56
CUST_004343,France,Consumer,2021-03-18,Two-Year,440.63
CUST_004344,Spain,Consumer,2022-11-24,Two-Year,102.02
CUST_004345,France,Consumer,2024-11-03,Monthly,260.65
CUST_004346,Netherlands,Consumer,2022-08-26,Monthly,33.46
CUST_004347,Italy,Consumer,2023-09-12,Annual,328.11
CUST_004348,Italy,Enterprise,2022-06-30,Two-Year,282.31
CUST_004349,Germany,Enterprise,2025-09-16,Monthly,393.57
CUST_004350,Italy,Enterprise,2022-02-13,Monthly,260.61
CUST_004351,Spain,Consumer,2024-11-20,Annual,189.86
CUST_004352,Spain,SMB,2024-10-21,Monthly,85.6
CUST_004353,France,Consumer,2023-01-12,Annual,44.52
CUST_004354,Spain,Consumer,2025-12-02,Annual,273.84
CUST_004355,Italy,Enterprise,2025-12-07,Two-Year,461.06
CUST_004356,France,SMB,2021-02-22,Monthly,387.68
CUST_004357,Netherlands,Consumer,2023-11-05,Two-Year,208.7
CUST_004358,Germany,Enterprise,2021-12-25,Annual,492.19
CUST_004359,Germany,Consumer,2025-12-29,Two-Year,108.32
CUST_004360,France,Consumer,2025-10-27,Monthly,498.86
CUST_004361,Spain,Consumer,2023-02-12,Annual,130.47
CUST_004362,Germany,Consumer,2022-09-17,Annual,100.74
CUST_004363,France,Enterprise,2025-02-04,Annual,432.0
CUST_004364,Netherlands,Consumer,2022-12-12,Monthly,245.05
CUST_004365,France,Consumer,2024-08-27,Monthly,448.09
CUST_004366,Spain,SMB,2024-04-25,Monthly,379.06
CUST_004367,Germany,Enterprise,2022-06-03,Monthly,95.23
CUST_004368,France,Enterprise,2022-10-07,Annual,78.52
CUST_004369,Spain,Enterprise,2025-08-31,Two-Year,234.45
CUST_004370,Germany,Enterprise,2023-06-19,Annual,289.54
CUST_004371,Spain,SMB,2023-02-02,Monthly,223.14
CUST_004372,Spain,Consumer,2025-07-03,Monthly,121.75
CUST_004373,Germany,Enterprise,2023-11-11,Monthly,124.41
CUST_004374,Spain,Consumer,2023-10-29,Monthly,264.76
CUST_004375,France,Consumer,2022-12-11,Annual,26.86
CUST_004376,Spain,Consumer,2024-05-02,Monthly,230.7
CUST_004377,France,Consumer,2021-03-22,Monthly,35.95
CUST_004378,Spain,SMB,2022-02-01,Annual,439.1
CUST_004379,Italy,Enterprise,2025-02-06,Monthly,317.65
CUST_004380,Spain,Consumer,2022-04-23,Monthly,96.89
CUST_004381,Germany,Consumer,2025-12-03,Annual,388.91
CUST_004382,Germany,Consumer,2025-06-16,Monthly,256.46
CUST_004383,Spain,SMB,2022-11-28,Annual,265.14
CUST_004384,Germany,Consumer,2025-08-03,Monthly,142.94
CUST_004385,Italy,Consumer,2024-07-29,Annual,209.0
CUST_004386,Netherlands,SMB,2025-01-13,Monthly,441.51
CUST_004387,Germany,Consumer,2023-05-09,Monthly,90.66
CUST_004388,Spain,Consumer,2021-08-11,Annual,319.38
CUST_004389,France,Consumer,2023-09-26,Monthly,124.11
CUST_004390,France,Consumer,2025-02-03,Monthly,233.51
CUST_004391,Spain,SMB,2021-06-15,Monthly,275.85
CUST_004392,Italy,Consumer,2021-02-05,Monthly,78.46
CUST_004393,Germany,Consumer,2025-02-07,Monthly,57.68
CUST_004394,France,Enterprise,2023-12-26,Two-Year,252.35
CUST_004395,Germany,SMB,2023-08-11,Monthly,216.48
CUST_004396,Germany,Consumer,2024-05-18,Annual,462.08
CUST_004397,Spain,SMB,2024-06-03,Monthly,355.04
CUST_004398,Italy,Consumer,2023-02-18,Monthly,450.47
CUST_004399,Spain,Consumer,2024-01-21,Annual,465.59
CUST_004400,Italy,SMB,2023-05-26,Annual,29.15
CUST_004401,Italy,Consumer,2022-01-13,Two-Year,442.33
CUST_004402,France,Consumer,2024-09-16,Monthly,480.07
CUST_004403,Spain,Enterprise,2022-11-18,Monthly,237.27
CUST_004404,Spain,SMB,2025-06-23,Annual,325.27
CUST_004405,Germany,Enterprise,2022-12-27,Monthly,186.07
CUST_004406,France,Enterprise,2021-12-12,Monthly,67.36
CUST_004407,Netherlands,Consumer,2025-02-21,Monthly,146.05
CUST_004408,Germany,SMB,2021-09-10,Monthly,58.66
CUST_004409,Italy,Consumer,2025-12-08,Annual,253.66
CUST_004410,Spain,SMB,2024-02-25,Two-Year,333.72
CUST_004411,Germany,Consumer,2023-05-30,Annual,22.51
CUST_004412,Spain,Consumer,2022-02-26,Monthly,129.85
CUST_004413,France,Consumer,2022-01-04,Annual,55.41
CUST_004414,Spain,SMB,2021-12-21,Annual,483.56
CUST_004415,Spain,Consumer,2025-03-02,Annual,405.49
CUST_004416,Italy,Consumer,2022-01-07,Annual,34.87
CUST_004417,Germany,Enterprise,2021-03-07,Two-Year,410.71
CUST_004418,Spain,SMB,2021-12-26,Monthly,417.09
CUST_004419,Spain,Consumer,2024-01-20,Annual,406.52
CUST_004420,Germany,Consumer,2023-05-22,Annual,441.64
CUST_004421,Germany,Enterprise,2022-11-13,Two-Year,244.84
CUST_004422,Spain,Consumer,2025-10-27,Two-Year,134.92
CUST_004423,France,Consumer,2022-09-20,Monthly,437.82
CUST_004424,Spain,Enterprise,2025-02-21,Annual,420.63
CUST_004425,France,Consumer,2021-08-15,Monthly,151.86
CUST_004426,Germany,Consumer,2023-09-20,Annual,298.75
CUST_004427,Spain,Consumer,2021-08-28,Monthly,287.33
CUST_004428,Spain,Consumer,2021-05-29,Monthly,254.01
CUST_004429,Spain,Consumer,2024-05-26,Two-Year,312.13
CUST_004430,Spain,SMB,2024-05-13,Annual,60.31
CUST_004431,Germany,Consumer,2023-11-15,Monthly,238.23
CUST_004432,Netherlands,SMB,2023-04-04,Monthly,154.34
CUST_004433,Italy,SMB,2022-05-10,Monthly,21.14
CUST_004434,Germany,Enterprise,2024-11-22,Monthly,269.2
CUST_004435,France,Consumer,2021-12-12,Monthly,195.06
CUST_004436,France,SMB,2023-06-21,Two-Year,226.99
CUST_004437,Italy,Consumer,2025-09-18,Monthly,73.45
CUST_004438,Spain,SMB,2024-05-05,Monthly,262.7
CUST_004439,Spain,Consumer,2025-03-23,Annual,149.66
CUST_004440,Germany,SMB,2022-01-01,Monthly,20.28
CUST_004441,Spain,Consumer,2021-02-16,Monthly,394.41
CUST_004442,Germany,SMB,2025-03-02,Monthly,321.36
CUST_004443,Italy,Consumer,2023-10-25,Monthly,273.4
CUST_004444,Netherlands,Consumer,2024-11-24,Annual,318.59
CUST_004445,Spain,SMB,2025-03-19,Annual,175.36
CUST_004446,Germany,Consumer,2022-11-14,Monthly,79.06
CUST_004447,Germany,SMB,2021-07-21,Annual,191.32
CUST_004448,Germany,SMB,2025-10-26,Two-Year,398.66
CUST_004449,France,SMB,2022-07-11,Annual,311.97
CUST_004450,Spain,SMB,2021-10-20,Two-Year,399.8
CUST_004451,Italy,SMB,2023-11-09,Two-Year,453.1
CUST_004452,Netherlands,Enterprise,2021-02-06,Annual,139.84
CUST_004453,France,Consumer,2021-04-20,Monthly,458.93
CUST_004454,France,Consumer,2024-10-25,Monthly,338.05
CUST_004455,Germany,SMB,2021-06-11,Annual,289.17
CUST_004456,Germany,Consumer,2024-01-02,Annual,261.54
CUST_004457,Spain,Consumer,2023-04-08,Annual,244.99
CUST_004458,France,Consumer,2021-07-22,Annual,55.47
CUST_004459,Spain,Consumer,2025-09-18,Annual,46.23
CUST_004460,Italy,Consumer,2021-10-19,Annual,178.87
CUST_004461,Germany,SMB,2024-04-03,Annual,117.71
CUST_004462,Germany,SMB,2021-08-27,Monthly,61.57
CUST_004463,Germany,SMB,2023-12-14,Monthly,31.73
CUST_004464,Netherlands,Consumer,2021-11-01,Monthly,489.63
CUST_004465,Spain,SMB,2025-06-11,Monthly,121.81
CUST_004466,Spain,SMB,2023-04-23,Annual,492.65
CUST_004467,Spain,Consumer,2021-01-17,Monthly,281.36
CUST_004468,France,Consumer,2021-04-04,Two-Year,112.08
CUST_004469,Netherlands,Consumer,2023-09-19,Monthly,89.74
CUST_004470,Spain,Enterprise,2023-08-07,Annual,116.39
CUST_004471,Netherlands,Consumer,2022-08-27,Monthly,194.61
CUST_004472,Spain,Consumer,2024-01-11,Annual,118.4
CUST_004473,France,Consumer,2024-12-26,Monthly,417.45
CUST_004474,Spain,Consumer,2024-08-21,Annual,196.18
CUST_004475,Germany,Consumer,2024-09-30,Annual,272.93
CUST_004476,France,SMB,2025-09-24,Annual,260.59
CUST_004477,Germany,Consumer,2022-01-12,Annual,336.58
CUST_004478,Spain,SMB,2021-05-31,Annual,498.75
CUST_004479,Italy,Consumer,2021-08-10,Annual,232.91
CUST_004480,Netherlands,Consumer,2021-03-06,Monthly,174.87
CUST_004481,Germany,SMB,2022-06-20,Two-Year,487.56
CUST_004482,France,SMB,2021-09-12,Monthly,498.86
CUST_004483,Italy,Enterprise,2025-08-10,Monthly,394.85
CUST_004484,Spain,Consumer,2022-09-08,Monthly,402.88
CUST_004485,Italy,Consumer,2022-02-03,Monthly,215.52
CUST_004486,Spain,SMB,2023-08-18,Monthly,278.67
CUST_004487,Italy,Consumer,2023-02-26,Annual,188.87
CUST_004488,Spain,SMB,2021-01-08,Annual,317.05
CUST_004489,Spain,Consumer,2025-10-19,Two-Year,416.36
CUST_004490,Germany,Consumer,2024-06-18,Monthly,199.55
CUST_004491,Germany,SMB,2025-02-15,Annual,276.89
CUST_004492,Italy,SMB,2025-10-14,Monthly,391.99
CUST_004493,Netherlands,Enterprise,2025-06-06,Monthly,120.25
CUST_004494,Spain,Enterprise,2022-04-02,Monthly,312.98
CUST_004495,Spain,Consumer,2024-10-25,Annual,392.36
CUST_004496,Germany,SMB,2021-01-17,Annual,45.03
CUST_004497,Germany,Enterprise,2022-10-22,Monthly,141.78
CUST_004498,Germany,Consumer,2024-10-07,Monthly,32.12
CUST_004499,Italy,Consumer,2024-07-01,Monthly,23.08
CUST_004500,Italy,Enterprise,2024-11-07,Monthly,249.26
CUST_004501,Spain,Consumer,2024-10-14,Annual,356.32
CUST_004502,Germany,Enterprise,2021-03-21,Annual,203.86
CUST_004503,France,Consumer,2023-12-02,Annual,318.12
CUST_004504,Germany,Enterprise,2024-02-02,Two-Year,111.91
CUST_004505,Spain,SMB,2021-10-11,Monthly,421.48
CUST_004506,Germany,SMB,2022-03-20,Two-Year,194.04
CUST_004507,Germany,SMB,2023-06-10,Annual,359.46
CUST_004508,Spain,Consumer,2024-03-01,Monthly,82.37
CUST_004509,Italy,SMB,2025-04-02,Annual,412.69
CUST_004510,Germany,Enterprise,2024-08-19,Monthly,268.67
CUST_004511,France,Enterprise,2025-11-17,Annual,485.73
CUST_004512,Germany,Enterprise,2022-02-11,Annual,214.58
CUST_004513,Italy,SMB,2022-12-18,Two-Year,439.04
CUST_004514,Spain,SMB,2022-04-22,Annual,217.81
CUST_004515,Spain,Consumer,2025-06-15,Annual,71.79
CUST_004516,Germany,SMB,2024-01-22,Monthly,350.06
CUST_004517,Germany,SMB,2023-07-17,Two-Year,107.82
CUST_004518,Spain,Consumer,2023-11-30,Annual,403.93
CUST_004519,Italy,Consumer,2022-08-20,Annual,180.73
CUST_004520,Spain,SMB,2025-06-07,Two-Year,383.08
CUST_004521,Spain,Consumer,2024-01-28,Monthly,251.09
CUST_004522,Germany,Consumer,2023-07-21,Monthly,277.76
CUST_004523,Italy,Consumer,2024-07-10,Annual,372.62
CUST_004524,Italy,SMB,2024-12-31,Two-Year,339.23
CUST_004525,France,Enterprise,2022-12-23,Annual,338.82
CUST_004526,France,SMB,2024-08-29,Monthly,336.29
CUST_004527,France,Enterprise,2024-12-28,Monthly,300.93
CUST_004528,France,Enterprise,2024-04-30,Annual,407.45
CUST_004529,Spain,Consumer,2021-08-02,Monthly,164.01
CUST_004530,France,Consumer,2021-12-17,Two-Year,107.15
CUST_004531,Italy,Consumer,2021-02-26,Annual,372.88
CUST_004532,Germany,Consumer,2022-05-20,Monthly,279.12
CUST_004533,France,Consumer,2021-10-28,Monthly,452.29
CUST_004534,Germany,Consumer,2023-11-01,Two-Year,483.24
CUST_004535,Germany,Enterprise,2025-07-19,Annual,436.22
CUST_004536,Spain,SMB,2021-05-01,Monthly,282.83
CUST_004537,France,Consumer,2022-06-04,Annual,381.98
CUST_004538,Italy,Enterprise,2021-03-24,Monthly,180.48
CUST_004539,Spain,Enterprise,2021-06-02,Monthly,27.09
CUST_004540,Germany,SMB,2021-04-01,Annual,394.63
CUST_004541,Spain,SMB,2024-01-13,Monthly,395.12
CUST_004542,Spain,Enterprise,2025-08-10,Monthly,23.86
CUST_004543,Netherlands,SMB,2024-08-16,Monthly,434.53
CUST_004544,Germany,Enterprise,2024-06-11,Monthly,443.09
CUST_004545,Germany,Consumer,2021-10-14,Annual,173.91
CUST_004546,Spain,Consumer,2025-03-08,Annual,28.28
CUST_004547,Netherlands,Consumer,2023-11-24,Monthly,440.49
CUST_004548,Spain,Consumer,2025-10-26,Monthly,53.85
CUST_004549,France,Consumer,2022-12-15,Annual,131.46
CUST_004550,Spain,Consumer,2024-07-03,Two-Year,280.44
CUST_004551,Spain,Consumer,2023-05-28,Monthly,411.94
CUST_004552,France,Consumer,2023-07-30,Monthly,395.27
CUST_004553,Spain,Consumer,2021-07-13,Two-Year,346.96
CUST_004554,France,SMB,2023-05-25,Monthly,417.76
CUST_004555,Spain,SMB,2021-11-02,Two-Year,349.01
CUST_004556,France,SMB,2024-09-24,Annual,326.09
CUST_004557,Italy,Consumer,2024-07-18,Monthly,100.5
CUST_004558,France,SMB,2025-05-04,Monthly,231.16
CUST_004559,Spain,Consumer,2023-04-22,Two-Year,236.66
CUST_004560,France,Consumer,2025-02-23,Monthly,28.88
CUST_004561,Netherlands,Consumer,2025-06-14,Annual,214.65
CUST_004562,Spain,Enterprise,2023-06-20,Monthly,129.0
CUST_004563,Spain,Enterprise,2025-09-25,Annual,63.04
CUST_004564,Italy,SMB,2024-11-13,Annual,282.23
CUST_004565,Spain,SMB,2022-06-14,Annual,133.77
CUST_004566,France,Consumer,2023-05-21,Monthly,111.38
CUST_004567,Italy,SMB,2021-07-04,Annual,397.66
CUST_004568,Spain,Consumer,2022-12-03,Annual,408.84
CUST_004569,France,Consumer,2022-10-21,Monthly,337.21
CUST_004570,France,Enterprise,2022-06-28,Annual,111.04
CUST_004571,Germany,Enterprise,2022-10-12,Annual,323.69
CUST_004572,Italy,Consumer,2021-04-10,Monthly,362.39
CUST_004573,Spain,Consumer,2023-04-08,Two-Year,131.99
CUST_004574,Germany,Consumer,2022-01-03,Monthly,83.81
CUST_004575,Italy,Consumer,2022-02-23,Monthly,228.09
CUST_004576,Spain,Consumer,2024-08-25,Monthly,223.67
CUST_004577,Italy,SMB,2025-06-10,Monthly,93.59
CUST_004578,Spain,Consumer,2021-11-10,Monthly,112.02
CUST_004579,Germany,Consumer,2023-10-22,Monthly,259.82
CUST_004580,Spain,Consumer,2025-07-04,Annual,273.16
CUST_004581,France,SMB,2024-01-16,Annual,278.17
CUST_004582,Italy,Consumer,2021-05-24,Monthly,491.38
CUST_004583,Italy,Consumer,2024-11-16,Annual,39.01
CUST_004584,Netherlands,SMB,2021-04-04,Annual,397.42
CUST_004585,France,SMB,2024-02-01,Annual,188.87
CUST_004586,Italy,Consumer,2023-05-29,Two-Year,381.4
CUST_004587,Germany,SMB,2023-08-22,Monthly,373.01
CUST_004588,Netherlands,Consumer,2022-02-11,Monthly,317.53
CUST_004589,France,SMB,2025-06-07,Monthly,322.95
CUST_004590,Italy,Consumer,2021-07-07,Monthly,338.53
CUST_004591,Spain,Enterprise,2025-09-09,Monthly,378.85
CUST_004592,Germany,Enterprise,2021-04-20,Monthly,83.18
CUST_004593,France,SMB,2022-07-09,Annual,193.2
CUST_004594,Spain,Enterprise,2023-08-21,Two-Year,424.16
CUST_004595,Spain,Consumer,2023-08-01,Annual,282.98
CUST_004596,Netherlands,SMB,2022-04-19,Annual,85.73
CUST_004597,Germany,Consumer,2022-06-11,Annual,481.59
CUST_004598,Spain,Consumer,2023-10-12,Annual,494.16
CUST_004599,Germany,Consumer,2021-02-09,Monthly,266.09
CUST_004600,Germany,SMB,2021-09-28,Monthly,275.93
CUST_004601,France,SMB,2022-12-24,Monthly,160.17
CUST_004602,Netherlands,Enterprise,2021-02-14,Monthly,267.76
CUST_004603,Netherlands,Consumer,2021-06-07,Annual,485.02
CUST_004604,France,Enterprise,2021-02-19,Monthly,142.19
CUST_004605,France,Enterprise,2025-02-01,Monthly,166.22
CUST_004606,Germany,SMB,2021-07-25,Monthly,450.8
CUST_004607,Italy,Consumer,2021-12-03,Annual,204.51
CUST_004608,Spain,Consumer,2024-12-24,Monthly,486.81
CUST_004609,Spain,SMB,2023-03-01,Monthly,187.8
CUST_004610,Netherlands,Enterprise,2023-03-30,Monthly,22.22
CUST_004611,Italy,Consumer,2024-04-13,Monthly,477.79
CUST_004612,Germany,Consumer,2024-02-14,Annual,133.75
CUST_004613,France,Consumer,2023-01-25,Monthly,353.18
CUST_004614,Germany,Consumer,2025-05-17,Monthly,42.74
CUST_004615,Germany,SMB,2022-02-20,Two-Year,379.16
CUST_004616,Spain,Consumer,2022-01-24,Monthly,125.63
CUST_004617,Spain,Consumer,2023-07-29,Annual,404.12
CUST_004618,Germany,SMB,2025-05-11,Annual,483.97
CUST_004619,Germany,Consumer,2025-06-26,Monthly,41.71
CUST_004620,Germany,Consumer,2024-09-23,Monthly,196.64
CUST_004621,Spain,SMB,2021-01-07,Monthly,363.57
CUST_004622,Netherlands,Consumer,2024-08-24,Monthly,498.29
CUST_004623,France,Enterprise,2021-10-27,Monthly,194.26
CUST_004624,Italy,SMB,2025-05-09,Annual,497.59
CUST_004625,Spain,Enterprise,2021-07-27,Monthly,451.61
CUST_004626,France,Consumer,2021-08-18,Monthly,365.27
CUST_004627,Italy,SMB,2023-07-31,Annual,203.31
CUST_004628,Germany,Consumer,2023-09-14,Monthly,277.72
CUST_004629,Spain,SMB,2022-09-12,Annual,365.77
CUST_004630,Spain,Consumer,2023-06-02,Monthly,349.15
CUST_004631,Spain,Consumer,2024-07-28,Annual,158.43
CUST_004632,Germany,Consumer,2024-04-27,Annual,287.46
CUST_004633,Germany,SMB,2024-07-24,Annual,420.81
CUST_004634,Spain,SMB,2022-03-11,Annual,248.04
CUST_004635,France,Consumer,2023-10-19,Monthly,291.8
CUST_004636,Spain,SMB,2021-08-21,Monthly,177.22
CUST_004637,Germany,SMB,2022-03-20,Monthly,96.85
CUST_004638,France,Consumer,2025-11-13,Monthly,51.67
CUST_004639,Spain,Consumer,2021-03-20,Two-Year,214.91
CUST_004640,Spain,Enterprise,2023-05-01,Monthly,323.25
CUST_004641,Spain,SMB,2023-06-19,Monthly,384.81
CUST_004642,Spain,SMB,2022-02-28,Two-Year,60.35
CUST_004643,Germany,SMB,2021-04-02,Monthly,172.87
CUST_004644,Spain,SMB,2021-08-23,Annual,407.79
CUST_004645,Spain,Consumer,2024-08-27,Monthly,73.88
CUST_004646,Netherlands,Enterprise,2023-12-20,Two-Year,496.77
CUST_004647,Netherlands,Consumer,2023-10-16,Monthly,323.69
CUST_004648,Spain,SMB,2021-09-27,Annual,471.21
CUST_004649,Germany,Enterprise,2023-09-22,Annual,370.53
CUST_004650,Germany,SMB,2021-12-01,Two-Year,482.66
CUST_004651,Italy,Consumer,2022-07-25,Two-Year,339.36
CUST_004652,Italy,Consumer,2025-10-05,Annual,148.68
CUST_004653,Spain,Consumer,2023-03-28,Monthly,404.13
CUST_004654,Spain,SMB,2021-02-23,Monthly,128.51
CUST_004655,Germany,Consumer,2023-12-22,Two-Year,291.2
CUST_004656,Italy,Consumer,2021-12-08,Annual,199.06
CUST_004657,Italy,Enterprise,2021-01-10,Two-Year,403.57
CUST_004658,Spain,Consumer,2024-05-10,Annual,384.56
CUST_004659,France,Consumer,2024-03-02,Monthly,434.67
CUST_004660,Spain,Consumer,2022-02-01,Monthly,138.53
CUST_004661,France,SMB,2024-09-15,Monthly,498.83
CUST_004662,Netherlands,Consumer,2021-11-29,Annual,406.58
CUST_004663,Germany,SMB,2023-07-06,Monthly,205.62
CUST_004664,Spain,Consumer,2023-10-14,Monthly,81.28
CUST_004665,France,Consumer,2021-07-25,Annual,187.72
CUST_004666,Germany,Consumer,2024-06-24,Monthly,70.97
CUST_004667,Italy,Consumer,2023-07-09,Monthly,315.38
CUST_004668,Germany,SMB,2023-02-26,Monthly,74.2
CUST_004669,Italy,Consumer,2024-09-08,Annual,226.65
CUST_004670,Spain,Consumer,2024-11-27,Monthly,340.43
CUST_004671,Spain,Consumer,2023-06-20,Annual,237.47
CUST_004672,Germany,Consumer,2025-01-28,Annual,443.19
CUST_004673,Spain,Consumer,2021-04-07,Annual,135.68
CUST_004674,Spain,Consumer,2024-02-12,Two-Year,271.47
CUST_004675,France,Enterprise,2022-05-24,Monthly,458.33
CUST_004676,Spain,Consumer,2023-11-22,Monthly,189.54
CUST_004677,Spain,Consumer,2024-02-15,Monthly,246.9
CUST_004678,Spain,SMB,2025-01-30,Annual,467.77
CUST_004679,Spain,Consumer,2023-10-16,Monthly,259.67
CUST_004680,Italy,SMB,2021-01-28,Two-Year,434.84
CUST_004681,Netherlands,Enterprise,2025-11-22,Annual,471.42
CUST_004682,Spain,SMB,2023-07-22,Annual,142.93
CUST_004683,Italy,Enterprise,2021-08-12,Monthly,397.2
CUST_004684,France,SMB,2021-08-24,Annual,333.8
CUST_004685,Netherlands,Consumer,2021-02-27,Monthly,493.63
CUST_004686,Germany,Enterprise,2022-02-09,Annual,301.07
CUST_004687,Spain,Consumer,2022-05-04,Annual,400.53
CUST_004688,Germany,Consumer,2025-09-29,Monthly,185.93
CUST_004689,Italy,SMB,2025-01-24,Two-Year,311.07
CUST_004690,France,Enterprise,2021-01-07,Annual,393.72
CUST_004691,Germany,Enterprise,2022-09-08,Annual,484.12
CUST_004692,Spain,Consumer,2022-07-15,Monthly,140.88
CUST_004693,France,SMB,2023-04-02,Monthly,57.87
CUST_004694,Italy,Consumer,2021-10-09,Monthly,488.63
CUST_004695,Germany,SMB,2022-05-05,Annual,309.27
CUST_004696,France,SMB,2023-11-08,Monthly,28.28
CUST_004697,Germany,Consumer,2023-08-07,Two-Year,269.59
CUST_004698,Germany,SMB,2025-03-22,Two-Year,469.3
CUST_004699,Germany,Consumer,2025-08-17,Monthly,492.52
CUST_004700,Italy,Consumer,2022-12-15,Annual,176.34
CUST_004701,Netherlands,Enterprise,2025-01-28,Monthly,395.32
CUST_004702,Germany,SMB,2025-03-09,Monthly,240.18
CUST_004703,Germany,Consumer,2022-09-24,Monthly,211.04
CUST_004704,Germany,Consumer,2023-03-15,Annual,383.93
CUST_004705,Spain,Consumer,2024-02-20,Two-Year,149.58
CUST_004706,Spain,Consumer,2025-07-18,Monthly,224.66
CUST_004707,Spain,Consumer,2024-11-14,Monthly,138.34
CUST_004708,Germany,Consumer,2025-03-27,Monthly,88.47
CUST_004709,Spain,Consumer,2024-12-19,Annual,202.06
CUST_004710,Germany,SMB,2021-11-23,Monthly,480.43
CUST_004711,Italy,Consumer,2022-01-26,Annual,221.06
CUST_004712,Spain,SMB,2025-06-05,Two-Year,347.95
CUST_004713,France,Enterprise,2023-03-30,Monthly,156.83
CUST_004714,Netherlands,Consumer,2021-12-18,Two-Year,435.37
CUST_004715,France,SMB,2022-06-29,Annual,319.95
CUST_004716,Spain,Consumer,2023-06-15,Annual,476.22
CUST_004717,Germany,Consumer,2023-10-12,Annual,176.46
CUST_004718,France,SMB,2021-12-24,Monthly,278.26
CUST_004719,Germany,Consumer,2022-04-05,Annual,111.7
CUST_004720,Spain,Consumer,2022-12-07,Monthly,85.22
CUST_004721,Germany,Enterprise,2022-01-26,Annual,300.97
CUST_004722,Germany,Consumer,2025-12-05,Monthly,405.64
CUST_004723,Spain,SMB,2021-02-06,Monthly,115.9
CUST_004724,France,SMB,2024-10-29,Monthly,357.4
CUST_004725,Spain,Consumer,2022-06-20,Monthly,342.35
CUST_004726,Germany,SMB,2023-10-09,Monthly,251.62
CUST_004727,Italy,Consumer,2022-07-17,Monthly,388.12
CUST_004728,Spain,Consumer,2025-09-05,Two-Year,305.08
CUST_004729,France,Enterprise,2025-11-12,Annual,474.32
CUST_004730,Germany,Consumer,2022-10-19,Monthly,386.58
CUST_004731,Germany,SMB,2021-02-22,Annual,445.56
CUST_004732,Netherlands,Consumer,2021-11-13,Annual,193.46
CUST_004733,Germany,Consumer,2024-07-31,Monthly,409.28
CUST_004734,Spain,SMB,2025-02-22,Annual,496.17
CUST_004735,Netherlands,SMB,2021-03-15,Monthly,98.46
CUST_004736,France,Consumer,2021-01-23,Annual,265.37
CUST_004737,France,SMB,2023-06-17,Annual,433.92
CUST_004738,Spain,Consumer,2025-01-09,Monthly,210.38
CUST_004739,Spain,Consumer,2024-11-01,Annual,263.95
CUST_004740,France,SMB,2021-02-09,Monthly,378.86
CUST_004741,Spain,SMB,2025-12-10,Annual,415.85
CUST_004742,Spain,Consumer,2022-06-04,Monthly,115.77
CUST_004743,Italy,SMB,2022-02-23,Annual,207.73
CUST_004744,Spain,Consumer,2022-10-12,Annual,209.36
CUST_004745,Spain,Enterprise,2024-10-13,Monthly,93.36
CUST_004746,Spain,SMB,2022-08-05,Annual,63.75
CUST_004747,Germany,Consumer,2024-03-27,Monthly,377.45
CUST_004748,France,Consumer,2022-03-21,Annual,428.96
CUST_004749,Italy,Enterprise,2021-08-04,Annual,476.92
CUST_004750,Spain,Enterprise,2021-07-17,Monthly,479.02
CUST_004751,Spain,Consumer,2023-03-13,Monthly,497.45
CUST_004752,Germany,Consumer,2021-01-06,Monthly,59.84
CUST_004753,Germany,Consumer,2023-10-18,Annual,210.46
CUST_004754,Germany,Enterprise,2024-11-15,Annual,59.43
CUST_004755,Netherlands,Enterprise,2023-10-26,Monthly,345.39
CUST_004756,Germany,SMB,2023-04-15,Monthly,486.75
CUST_004757,Germany,Consumer,2021-11-07,Two-Year,37.61
CUST_004758,Netherlands,Enterprise,2021-10-23,Monthly,272.64
CUST_004759,Spain,Consumer,2021-08-01,Monthly,275.97
CUST_004760,Netherlands,Consumer,2021-05-31,Annual,98.37
CUST_004761,Germany,Consumer,2023-10-25,Monthly,420.06
CUST_004762,Germany,Consumer,2022-05-24,Two-Year,209.47
CUST_004763,Netherlands,Consumer,2024-04-23,Monthly,221.82
CUST_004764,Germany,Consumer,2022-10-10,Annual,481.74
CUST_004765,Germany,Consumer,2022-08-12,Monthly,138.74
CUST_004766,Spain,SMB,2023-04-23,Monthly,205.02
CUST_004767,France,Consumer,2022-10-25,Monthly,389.67
CUST_004768,France,Consumer,2021-07-04,Two-Year,250.39
CUST_004769,Spain,Consumer,2021-02-16,Annual,309.64
CUST_004770,France,Consumer,2025-11-25,Monthly,249.35
CUST_004771,France,Consumer,2021-07-16,Two-Year,156.0
CUST_004772,Germany,SMB,2022-05-06,Monthly,98.11
CUST_004773,Spain,Consumer,2023-01-11,Monthly,428.06
CUST_004774,Germany,Consumer,2023-03-17,Monthly,152.1
CUST_004775,Spain,SMB,2024-09-30,Annual,498.74
CUST_004776,Spain,Consumer,2024-07-18,Monthly,24.83
CUST_004777,Germany,SMB,2024-01-13,Monthly,443.33
CUST_004778,Spain,Consumer,2022-07-21,Two-Year,474.74
CUST_004779,Spain,Enterprise,2025-10-07,Annual,48.18
CUST_004780,France,Consumer,2021-05-31,Monthly,321.24
CUST_004781,Germany,Consumer,2022-07-21,Annual,395.69
CUST_004782,Netherlands,SMB,2022-11-19,Monthly,315.37
CUST_004783,Netherlands,Consumer,2022-10-01,Monthly,442.46
CUST_004784,France,SMB,2023-10-07,Monthly,83.59
CUST_004785,Netherlands,Consumer,2021-04-04,Annual,475.4
CUST_004786,Italy,Consumer,2025-03-18,Annual,284.24
CUST_004787,Germany,Enterprise,2021-10-20,Monthly,185.3
CUST_004788,France,Enterprise,2022-11-03,Monthly,272.09
CUST_004789,Spain,Consumer,2023-11-27,Monthly,182.87
CUST_004790,France,Consumer,2025-06-13,Annual,238.61
CUST_004791,Germany,SMB,2023-10-16,Annual,95.1
CUST_004792,Spain,SMB,2023-09-25,Annual,425.43
CUST_004793,Spain,Enterprise,2022-03-27,Two-Year,207.02
CUST_004794,Netherlands,SMB,2024-08-03,Annual,244.17
CUST_004795,Germany,Consumer,2023-10-20,Two-Year,456.6
CUST_004796,Spain,SMB,2021-02-25,Annual,455.36
CUST_004797,Spain,Consumer,2023-02-06,Monthly,398.28
CUST_004798,Germany,Consumer,2025-06-24,Annual,34.41
CUST_004799,Italy,SMB,2025-04-16,Monthly,455.06
CUST_004800,Italy,SMB,2022-01-25,Monthly,110.59
CUST_004801,Germany,Consumer,2024-09-14,Monthly,230.38
CUST_004802,Spain,SMB,2022-08-19,Monthly,453.44
CUST_004803,Spain,Consumer,2024-10-22,Annual,65.62
CUST_004804,Germany,Consumer,2023-08-15,Monthly,83.89
CUST_004805,Italy,SMB,2022-08-09,Monthly,296.51
CUST_004806,France,SMB,2025-10-19,Two-Year,244.5
CUST_004807,Germany,Consumer,2022-03-18,Annual,207.04
CUST_004808,France,Consumer,2022-09-24,Monthly,408.64
CUST_004809,Germany,Consumer,2025-08-31,Monthly,449.45
CUST_004810,France,Consumer,2022-02-07,Monthly,495.89
CUST_004811,Germany,Enterprise,2021-12-27,Two-Year,79.02
CUST_004812,France,Consumer,2025-10-21,Monthly,344.6
CUST_004813,Germany,Enterprise,2023-06-02,Two-Year,438.24
CUST_004814,Netherlands,Consumer,2025-01-16,Monthly,135.45
CUST_004815,Germany,Consumer,2021-06-12,Annual,250.42
CUST_004816,Spain,Consumer,2024-04-26,Monthly,23.44
CUST_004817,Spain,SMB,2021-07-09,Monthly,84.61
CUST_004818,Germany,Enterprise,2023-01-18,Monthly,80.27
CUST_004819,Germany,Consumer,2022-01-06,Monthly,359.63
CUST_004820,France,Consumer,2023-02-07,Two-Year,318.68
CUST_004821,France,Consumer,2022-12-17,Annual,38.57
CUST_004822,Spain,Consumer,2025-10-02,Monthly,305.93
CUST_004823,France,Consumer,2024-04-24,Annual,52.71
CUST_004824,France,Enterprise,2021-05-06,Monthly,117.06
CUST_004825,Germany,Consumer,2023-06-09,Two-Year,452.65
CUST_004826,Germany,SMB,2024-10-15,Monthly,234.69
CUST_004827,Spain,SMB,2023-06-19,Monthly,395.05
CUST_004828,Germany,Consumer,2024-01-03,Monthly,170.87
CUST_004829,Italy,Consumer,2023-07-26,Monthly,73.17
CUST_004830,Netherlands,Enterprise,2025-11-04,Two-Year,446.33
CUST_004831,France,Consumer,2024-04-14,Monthly,98.64
CUST_004832,Spain,Consumer,2023-10-17,Monthly,187.83
CUST_004833,France,Enterprise,2025-09-17,Annual,356.59
CUST_004834,France,Consumer,2022-05-28,Monthly,304.07
CUST_004835,Germany,Enterprise,2024-10-09,Monthly,465.44
CUST_004836,Italy,Consumer,2024-11-25,Annual,494.08
CUST_004837,Spain,Consumer,2022-11-07,Monthly,90.38
CUST_004838,Spain,Consumer,2025-12-05,Annual,128.76
CUST_004839,Spain,Consumer,2022-06-24,Annual,326.8
CUST_004840,Spain,Consumer,2025-07-16,Monthly,90.43
CUST_004841,Italy,Consumer,2021-02-04,Monthly,280.27
CUST_004842,Germany,Consumer,2022-06-23,Monthly,198.96
CUST_004843,Spain,Consumer,2022-07-12,Annual,446.3
CUST_004844,Germany,SMB,2022-09-25,Annual,460.69
CUST_004845,Germany,Consumer,2023-03-09,Annual,144.24
CUST_004846,Germany,Consumer,2024-10-10,Monthly,65.92
CUST_004847,Spain,Consumer,2023-02-25,Annual,495.72
CUST_004848,France,Consumer,2023-12-29,Monthly,91.95
CUST_004849,Spain,Consumer,2021-07-29,Two-Year,103.25
CUST_004850,Italy,Consumer,2021-01-22,Monthly,141.04
CUST_004851,Spain,Consumer,2022-12-22,Annual,183.61
CUST_004852,France,SMB,2021-09-17,Monthly,90.93
CUST_004853,Italy,SMB,2021-07-19,Monthly,174.67
CUST_004854,Spain,Consumer,2021-06-06,Monthly,30.57
CUST_004855,Spain,Enterprise,2022-05-14,Two-Year,404.47
CUST_004856,Netherlands,SMB,2021-11-23,Annual,146.5
CUST_004857,Germany,SMB,2021-09-22,Annual,412.54
CUST_004858,France,Consumer,2022-07-11,Monthly,330.52
CUST_004859,Spain,Consumer,2022-04-10,Annual,250.66
CUST_004860,Spain,Consumer,2025-11-02,Monthly,486.7
CUST_004861,Germany,Consumer,2024-03-13,Annual,205.6
CUST_004862,Italy,SMB,2024-05-20,Monthly,105.63
CUST_004863,Spain,Consumer,2024-06-07,Annual,297.17
CUST_004864,Italy,Consumer,2021-04-10,Annual,87.27
CUST_004865,France,Consumer,2023-06-21,Monthly,152.87
CUST_004866,Spain,Consumer,2024-01-15,Annual,455.71
CUST_004867,Spain,Consumer,2025-09-11,Monthly,448.24
CUST_004868,Spain,Consumer,2023-03-09,Monthly,243.55
CUST_004869,Germany,Consumer,2022-05-16,Monthly,249.57
CUST_004870,France,Consumer,2024-10-08,Monthly,292.06
CUST_004871,Germany,Consumer,2021-12-04,Monthly,60.41
CUST_004872,Spain,Enterprise,2025-06-03,Annual,141.51
CUST_004873,France,Enterprise,2022-10-14,Annual,298.39
CUST_004874,France,Consumer,2021-04-30,Monthly,174.16
CUST_004875,Germany,Consumer,2022-10-06,Two-Year,122.43
CUST_004876,France,SMB,2025-11-25,Two-Year,330.73
CUST_004877,Spain,Enterprise,2023-03-02,Monthly,291.89
CUST_004878,France,Consumer,2021-04-16,Monthly,176.99
CUST_004879,Germany,Consumer,2022-11-12,Two-Year,469.95
CUST_004880,Germany,SMB,2024-08-30,Monthly,393.29
CUST_004881,Spain,Consumer,2021-04-10,Monthly,306.15
CUST_004882,France,SMB,2025-07-08,Two-Year,120.54
CUST_004883,France,Consumer,2024-10-06,Annual,331.09
CUST_004884,Germany,Consumer,2024-10-04,Annual,350.11
CUST_004885,Italy,SMB,2024-10-06,Two-Year,299.01
CUST_004886,Italy,SMB,2021-10-03,Monthly,326.22
CUST_004887,Spain,Consumer,2025-01-03,Annual,97.87
CUST_004888,France,SMB,2022-01-15,Annual,180.8
CUST_004889,Germany,Enterprise,2021-10-08,Monthly,447.56
CUST_004890,Netherlands,Consumer,2021-03-17,Monthly,85.81
CUST_004891,Spain,Enterprise,2021-09-19,Monthly,303.05
CUST_004892,Spain,Consumer,2021-08-28,Annual,450.87
CUST_004893,Germany,Consumer,2025-06-03,Annual,26.79
CUST_004894,Spain,SMB,2021-04-22,Two-Year,484.22
CUST_004895,France,Consumer,2024-03-27,Monthly,444.0
CUST_004896,Germany,Enterprise,2021-04-08,Annual,363.23
CUST_004897,Spain,Consumer,2025-10-22,Monthly,360.38
CUST_004898,Germany,Consumer,2023-10-24,Two-Year,436.51
CUST_004899,Italy,Consumer,2023-07-29,Annual,102.08
CUST_004900,Italy,SMB,2021-05-21,Annual,355.97
CUST_004901,Germany,SMB,2025-05-05,Monthly,184.85
CUST_004902,Spain,Consumer,2023-02-16,Monthly,440.31
CUST_004903,Spain,Consumer,2021-09-13,Monthly,276.0
CUST_004904,Italy,Consumer,2024-07-19,Annual,387.59
CUST_004905,France,Consumer,2025-09-20,Monthly,100.17
CUST_004906,France,SMB,2021-01-28,Annual,136.18
CUST_004907,Italy,SMB,2022-01-04,Monthly,422.32
CUST_004908,Spain,Consumer,2024-03-12,Annual,209.71
CUST_004909,France,Consumer,2021-04-24,Monthly,273.36
CUST_004910,Spain,SMB,2024-10-14,Monthly,368.26
CUST_004911,Spain,Consumer,2024-01-20,Annual,101.45
CUST_004912,Germany,Consumer,2023-09-07,Monthly,165.21
CUST_004913,Germany,SMB,2022-08-22,Monthly,176.31
CUST_004914,Netherlands,Consumer,2023-05-19,Annual,460.01
CUST_004915,Germany,Consumer,2021-05-31,Monthly,86.04
CUST_004916,Italy,Consumer,2024-08-27,Annual,198.23
CUST_004917,France,SMB,2024-01-27,Annual,480.47
CUST_004918,France,Consumer,2023-08-26,Monthly,420.74
CUST_004919,Netherlands,SMB,2024-12-01,Monthly,341.82
CUST_004920,Germany,Consumer,2023-07-19,Monthly,283.49
CUST_004921,Germany,Consumer,2023-01-07,Monthly,422.59
CUST_004922,Spain,SMB,2025-01-04,Monthly,474.27
CUST_004923,Spain,Consumer,2025-09-04,Annual,463.55
CUST_004924,Italy,Consumer,2025-03-10,Monthly,326.78
CUST_004925,Germany,Consumer,2023-07-23,Two-Year,369.38
CUST_004926,Germany,SMB,2022-11-04,Annual,392.15
CUST_004927,Spain,Consumer,2021-08-27,Monthly,408.49
CUST_004928,Germany,SMB,2023-01-29,Annual,371.87
CUST_004929,France,Consumer,2025-02-27,Monthly,106.38
CUST_004930,Spain,Consumer,2025-01-02,Monthly,384.6
CUST_004931,Italy,Consumer,2021-08-23,Two-Year,207.38
CUST_004932,France,Consumer,2023-09-22,Monthly,115.9
CUST_004933,Italy,SMB,2024-05-06,Monthly,69.22
CUST_004934,Spain,Consumer,2024-06-08,Two-Year,135.35
CUST_004935,France,Enterprise,2025-05-18,Two-Year,263.72
CUST_004936,Spain,Consumer,2021-05-18,Annual,138.5
CUST_004937,Germany,Consumer,2023-04-29,Annual,339.64
CUST_004938,France,Consumer,2021-06-24,Annual,482.91
CUST_004939,France,SMB,2024-08-16,Annual,41.14
CUST_004940,Spain,Consumer,2023-08-30,Monthly,82.71
CUST_004941,Italy,Consumer,2023-03-01,Annual,138.7
CUST_004942,Spain,Enterprise,2025-02-04,Annual,406.09
CUST_004943,France,SMB,2025-03-26,Monthly,150.21
CUST_004944,Netherlands,Consumer,2022-08-02,Monthly,111.93
CUST_004945,Germany,SMB,2025-01-29,Monthly,93.38
CUST_004946,Italy,Consumer,2025-10-21,Monthly,91.96
CUST_004947,France,Consumer,2021-04-05,Monthly,365.51
CUST_004948,Italy,Consumer,2024-10-20,Monthly,359.9
CUST_004949,France,SMB,2021-07-31,Two-Year,169.34
CUST_004950,France,Consumer,2024-11-28,Monthly,235.73
CUST_004951,Spain,SMB,2024-05-26,Monthly,321.53
CUST_004952,France,SMB,2025-03-03,Annual,488.03
CUST_004953,Spain,Consumer,2023-11-15,Monthly,376.71
CUST_004954,Netherlands,Consumer,2022-04-10,Annual,405.45
CUST_004955,Spain,SMB,2024-06-24,Annual,489.31
CUST_004956,Spain,Consumer,2022-08-27,Annual,202.93
CUST_004957,Italy,Consumer,2021-02-26,Monthly,53.17
CUST_004958,Spain,Consumer,2021-08-05,Monthly,378.51
CUST_004959,Germany,Enterprise,2025-05-09,Annual,78.13
CUST_004960,France,Consumer,2022-11-26,Monthly,230.53
CUST_004961,Spain,Consumer,2021-09-20,Monthly,374.42
CUST_004962,Spain,Consumer,2021-03-07,Monthly,288.01
CUST_004963,Germany,Consumer,2021-03-17,Annual,196.23
CUST_004964,Spain,Enterprise,2024-10-04,Annual,266.89
CUST_004965,Spain,Consumer,2021-08-27,Annual,137.71
CUST_004966,Spain,SMB,2025-01-05,Annual,55.59
CUST_004967,Germany,SMB,2023-10-19,Monthly,217.99
CUST_004968,Germany,Consumer,2022-01-26,Two-Year,47.99
CUST_004969,Spain,SMB,2025-07-03,Annual,490.24
CUST_004970,France,Enterprise,2023-06-14,Monthly,234.87
CUST_004971,France,SMB,2022-12-21,Monthly,443.54
CUST_004972,Spain,SMB,2024-05-12,Monthly,476.86
CUST_004973,Germany,Consumer,2024-04-16,Two-Year,235.7
CUST_004974,Italy,SMB,2024-09-17,Monthly,221.77
CUST_004975,France,Consumer,2024-01-28,Monthly,448.84
CUST_004976,Germany,SMB,2025-11-06,Two-Year,36.65
CUST_004977,Germany,Consumer,2023-01-30,Annual,253.86
CUST_004978,Spain,Consumer,2022-01-02,Monthly,148.94
CUST_004979,Italy,Enterprise,2021-08-20,Annual,381.32
CUST_004980,Netherlands,SMB,2022-03-27,Annual,421.63
CUST_004981,Netherlands,Consumer,2024-11-12,Monthly,317.6
CUST_004982,Spain,SMB,2025-04-09,Annual,215.33
CUST_004983,Germany,Enterprise,2022-06-17,Annual,286.4
CUST_004984,Spain,SMB,2021-06-27,Annual,295.59
CUST_004985,Germany,Enterprise,2024-08-08,Two-Year,324.86
CUST_004986,Germany,SMB,2024-12-06,Annual,462.65
CUST_004987,France,Enterprise,2021-04-11,Annual,139.58
CUST_004988,Spain,Consumer,2021-09-01,Annual,116.75
CUST_004989,Netherlands,Consumer,2022-09-05,Monthly,111.31
CUST_004990,Spain,SMB,2023-04-29,Monthly,354.68
CUST_004991,Spain,Enterprise,2021-07-21,Two-Year,454.35
CUST_004992,Italy,Consumer,2023-12-18,Annual,176.86
CUST_004993,France,Consumer,2023-06-26,Monthly,221.92
CUST_004994,Germany,Consumer,2024-11-03,Monthly,484.73
CUST_004995,France,SMB,2025-10-07,Monthly,89.73
CUST_004996,Spain,Enterprise,2021-07-29,Monthly,442.19
CUST_004997,Spain,Consumer,2023-04-06,Monthly,480.46
CUST_004998,Germany,Consumer,2025-02-13,Annual,403.76
CUST_004999,Germany,Consumer,2021-01-17,Monthly,181.47
CUST_005000,France,Enterprise,2025-04-03,Annual,333.72
CUST_005001,Spain,Consumer,2022-12-26,Two-Year,159.88
CUST_005002,France,Consumer,2024-12-19,Two-Year,78.0
CUST_005003,Italy,Consumer,2024-01-03,Annual,71.54
CUST_005004,Spain,SMB,2025-09-08,Monthly,24.48
CUST_005005,Spain,Consumer,2021-10-02,Annual,489.61
CUST_005006,Germany,Consumer,2025-05-12,Annual,334.44
CUST_005007,Italy,Consumer,2023-11-01,Monthly,174.19
CUST_005008,France,Enterprise,2024-11-03,Two-Year,297.96
CUST_005009,France,Consumer,2024-11-12,Annual,317.16
CUST_005010,Germany,Consumer,2023-11-24,Annual,107.81
CUST_005011,Spain,Consumer,2023-04-07,Monthly,158.66
CUST_005012,Germany,Consumer,2025-01-16,Monthly,282.69
CUST_005013,Spain,SMB,2023-07-13,Two-Year,423.1
CUST_005014,France,SMB,2025-11-16,Monthly,82.2
CUST_005015,Spain,Consumer,2024-05-02,Monthly,432.0
CUST_005016,Spain,Enterprise,2024-03-09,Annual,312.31
CUST_005017,Germany,Consumer,2023-11-30,Annual,255.04
CUST_005018,Germany,Enterprise,2022-03-19,Monthly,89.09
CUST_005019,France,Consumer,2024-09-29,Monthly,283.95
CUST_005020,Germany,Consumer,2022-03-29,Annual,189.74
CUST_005021,Netherlands,Enterprise,2024-01-29,Two-Year,110.7
CUST_005022,Italy,Enterprise,2024-12-24,Monthly,442.39
CUST_005023,Italy,SMB,2023-04-04,Annual,241.07
CUST_005024,France,SMB,2025-12-12,Monthly,58.28
CUST_005025,France,SMB,2021-10-26,Annual,165.03
CUST_005026,France,SMB,2022-01-20,Annual,107.12
CUST_005027,Germany,Consumer,2022-07-08,Annual,470.84
CUST_005028,Germany,Consumer,2025-11-07,Annual,136.67
CUST_005029,France,SMB,2023-09-03,Monthly,263.07
CUST_005030,Spain,Consumer,2022-05-05,Monthly,377.85
CUST_005031,Spain,Enterprise,2025-10-30,Annual,96.09
CUST_005032,Italy,Consumer,2023-01-24,Monthly,229.99
CUST_005033,Spain,Consumer,2022-05-02,Annual,333.58
CUST_005034,Germany,Consumer,2025-07-17,Monthly,443.34
CUST_005035,France,SMB,2021-10-10,Monthly,333.97
CUST_005036,Spain,Consumer,2025-10-23,Annual,58.44
CUST_005037,Italy,Enterprise,2021-03-25,Monthly,174.35
CUST_005038,Spain,Consumer,2023-11-02,Two-Year,188.45
CUST_005039,Italy,Consumer,2023-11-30,Monthly,206.37
CUST_005040,Italy,SMB,2025-10-01,Monthly,471.98
CUST_005041,Spain,Consumer,2025-08-25,Monthly,37.14
CUST_005042,Spain,SMB,2025-03-19,Monthly,165.04
CUST_005043,Germany,Consumer,2025-07-31,Annual,256.38
CUST_005044,Germany,Consumer,2025-05-02,Monthly,61.47
CUST_005045,Spain,Consumer,2023-07-26,Monthly,252.1
CUST_005046,Netherlands,Enterprise,2025-05-05,Two-Year,71.42
CUST_005047,Spain,Consumer,2024-11-09,Monthly,422.14
CUST_005048,Italy,Consumer,2022-12-07,Monthly,149.64
CUST_005049,Spain,SMB,2025-05-27,Two-Year,271.05
CUST_005050,Netherlands,Enterprise,2021-02-25,Annual,316.79
CUST_005051,Spain,SMB,2021-07-07,Monthly,166.75
CUST_005052,Germany,SMB,2021-10-28,Two-Year,188.63
CUST_005053,France,Consumer,2023-09-04,Annual,265.05
CUST_005054,Spain,Consumer,2021-05-16,Monthly,406.61
CUST_005055,Italy,Enterprise,2022-02-15,Monthly,237.29
CUST_005056,Spain,Enterprise,2022-03-19,Two-Year,255.63
CUST_005057,Germany,SMB,2022-03-19,Monthly,306.02
CUST_005058,Germany,SMB,2021-04-11,Annual,224.1
CUST_005059,France,Enterprise,2022-02-14,Monthly,368.52
CUST_005060,Spain,Consumer,2022-05-21,Monthly,22.36
CUST_005061,Spain,Consumer,2024-10-17,Two-Year,251.85
CUST_005062,Spain,Enterprise,2023-12-12,Two-Year,463.05
CUST_005063,Germany,Consumer,2022-07-29,Monthly,315.63
CUST_005064,Spain,Consumer,2021-09-15,Monthly,253.47
CUST_005065,Netherlands,Consumer,2023-07-27,Annual,390.57
CUST_005066,Germany,SMB,2022-07-31,Annual,208.64
CUST_005067,France,SMB,2024-06-26,Monthly,244.28
CUST_005068,Germany,SMB,2022-02-14,Monthly,113.68
CUST_005069,Spain,Consumer,2025-12-26,Two-Year,79.62
CUST_005070,Germany,Consumer,2021-06-23,Monthly,32.25
CUST_005071,Spain,Consumer,2025-03-05,Monthly,371.12
CUST_005072,Germany,Enterprise,2024-05-19,Monthly,244.73
CUST_005073,Germany,Consumer,2024-05-14,Monthly,470.89
CUST_005074,Germany,SMB,2025-06-19,Annual,104.87
CUST_005075,Netherlands,Consumer,2023-04-05,Monthly,137.11
CUST_005076,Spain,SMB,2024-07-31,Annual,326.59
CUST_005077,Germany,Consumer,2023-08-23,Monthly,46.21
CUST_005078,Spain,SMB,2024-06-03,Monthly,261.64
CUST_005079,Germany,SMB,2023-10-07,Two-Year,79.32
CUST_005080,France,Consumer,2025-11-30,Annual,97.47
CUST_005081,Spain,Consumer,2022-08-14,Monthly,265.81
CUST_005082,France,Consumer,2024-08-28,Monthly,293.15
CUST_005083,Germany,Consumer,2021-10-31,Annual,121.78
CUST_005084,Spain,SMB,2021-03-28,Annual,150.19
CUST_005085,Netherlands,Consumer,2024-07-08,Annual,156.37
CUST_005086,Germany,SMB,2022-02-03,Annual,88.07
CUST_005087,Italy,Consumer,2021-01-29,Monthly,483.55
CUST_005088,Germany,SMB,2024-03-10,Two-Year,352.26
CUST_005089,Netherlands,Consumer,2024-01-23,Monthly,73.2
CUST_005090,Spain,Consumer,2024-03-12,Monthly,191.44
CUST_005091,Germany,Consumer,2023-04-10,Annual,102.85
CUST_005092,Italy,SMB,2025-03-01,Monthly,132.51
CUST_005093,Germany,Consumer,2021-01-24,Monthly,470.95
CUST_005094,Germany,SMB,2021-10-18,Monthly,85.64
CUST_005095,Netherlands,Consumer,2022-11-19,Annual,442.31
CUST_005096,France,Enterprise,2025-11-27,Annual,424.08
CUST_005097,France,SMB,2024-08-08,Annual,376.96
CUST_005098,France,SMB,2023-08-01,Monthly,258.43
CUST_005099,Italy,SMB,2025-09-30,Monthly,144.02
CUST_005100,Italy,Consumer,2025-08-08,Annual,418.87
CUST_005101,France,SMB,2021-07-12,Annual,420.36
CUST_005102,Spain,Consumer,2023-08-25,Monthly,272.15
CUST_005103,Spain,SMB,2025-10-04,Monthly,42.85
CUST_005104,France,Consumer,2021-12-08,Monthly,112.62
CUST_005105,Italy,Consumer,2021-10-16,Monthly,46.92
CUST_005106,Germany,SMB,2022-10-03,Annual,106.32
CUST_005107,Spain,Consumer,2025-11-05,Annual,264.04
CUST_005108,Spain,Consumer,2022-02-08,Two-Year,430.0
CUST_005109,Germany,Consumer,2024-03-06,Monthly,333.55
CUST_005110,Italy,SMB,2022-04-28,Monthly,308.43
CUST_005111,Spain,Consumer,2024-09-07,Annual,379.02
CUST_005112,France,Consumer,2025-06-14,Monthly,327.16
CUST_005113,Italy,Enterprise,2021-03-16,Annual,232.85
CUST_005114,Netherlands,Enterprise,2022-11-21,Annual,411.37
CUST_005115,Spain,Consumer,2023-11-24,Monthly,168.89
CUST_005116,Netherlands,Consumer,2021-11-30,Monthly,465.5
CUST_005117,France,Consumer,2024-03-05,Monthly,75.77
CUST_005118,Italy,Enterprise,2022-10-28,Annual,326.09
CUST_005119,Spain,Consumer,2021-03-06,Monthly,260.25
CUST_005120,Germany,Consumer,2024-02-02,Monthly,224.37
CUST_005121,France,Consumer,2021-03-11,Monthly,226.26
CUST_005122,Germany,Consumer,2022-01-02,Annual,40.26
CUST_005123,Germany,Consumer,2021-10-26,Two-Year,380.73
CUST_005124,France,SMB,2021-04-04,Two-Year,189.13
CUST_005125,France,Consumer,2023-01-21,Annual,248.79
CUST_005126,Spain,Consumer,2025-05-12,Monthly,426.85
CUST_005127,Germany,SMB,2022-07-12,Monthly,297.01
CUST_005128,Spain,Consumer,2022-03-13,Monthly,428.69
CUST_005129,Netherlands,Consumer,2025-01-13,Annual,85.8
CUST_005130,Netherlands,Consumer,2025-09-06,Annual,155.27
CUST_005131,Spain,SMB,2022-07-05,Monthly,129.41
CUST_005132,Spain,Consumer,2021-03-28,Two-Year,445.44
CUST_005133,Spain,SMB,2024-10-20,Monthly,395.15
CUST_005134,Germany,Consumer,2024-04-03,Annual,420.37
CUST_005135,Italy,Consumer,2025-12-27,Two-Year,292.97
CUST_005136,Germany,Consumer,2024-04-29,Annual,125.96
CUST_005137,Spain,Consumer,2025-08-25,Annual,200.96
CUST_005138,Spain,Consumer,2021-10-12,Annual,284.14
CUST_005139,Spain,SMB,2021-10-29,Annual,29.11
CUST_005140,Italy,Consumer,2024-04-29,Annual,327.03
CUST_005141,France,Consumer,2024-09-27,Monthly,430.34
CUST_005142,France,Enterprise,2022-12-09,Monthly,176.3
CUST_005143,Germany,Consumer,2023-02-26,Annual,346.3
CUST_005144,Netherlands,Consumer,2022-11-29,Annual,252.11
CUST_005145,Germany,Consumer,2021-03-29,Annual,21.91
CUST_005146,Italy,Consumer,2025-05-22,Monthly,156.32
CUST_005147,Italy,Enterprise,2025-07-15,Monthly,273.37
CUST_005148,Germany,Enterprise,2025-10-06,Monthly,367.96
CUST_005149,Italy,Consumer,2023-07-11,Two-Year,212.98
CUST_005150,Spain,Enterprise,2021-11-07,Monthly,109.4
CUST_005151,France,Consumer,2023-01-08,Monthly,49.3
CUST_005152,Spain,Enterprise,2024-06-03,Monthly,363.05
CUST_005153,Germany,SMB,2021-11-13,Monthly,195.22
CUST_005154,Spain,Consumer,2021-10-10,Monthly,330.61
CUST_005155,Spain,Consumer,2025-12-18,Annual,126.44
CUST_005156,Spain,SMB,2021-03-05,Monthly,382.25
CUST_005157,Germany,Consumer,2023-12-29,Monthly,185.31
CUST_005158,France,Consumer,2021-10-01,Monthly,45.14
CUST_005159,Germany,SMB,2021-02-10,Monthly,264.91
CUST_005160,Germany,Consumer,2024-03-04,Annual,371.09
CUST_005161,Netherlands,Consumer,2021-12-02,Two-Year,467.6
CUST_005162,Netherlands,Consumer,2024-08-19,Annual,486.01
CUST_005163,Spain,SMB,2025-02-14,Two-Year,239.08
CUST_005164,Germany,Consumer,2023-07-15,Monthly,313.7
CUST_005165,France,Consumer,2021-11-01,Two-Year,287.47
CUST_005166,France,Consumer,2025-10-04,Monthly,276.1
CUST_005167,Germany,Consumer,2022-11-11,Annual,74.98
CUST_005168,France,SMB,2024-10-27,Annual,342.02
CUST_005169,Spain,Consumer,2021-12-19,Monthly,483.33
CUST_005170,Germany,SMB,2021-10-23,Monthly,80.87
CUST_005171,France,Consumer,2024-05-16,Monthly,169.69
CUST_005172,France,SMB,2022-01-15,Monthly,56.98
CUST_005173,Italy,Consumer,2023-08-31,Monthly,213.34
CUST_005174,Spain,SMB,2023-12-25,Two-Year,251.2
CUST_005175,Spain,Consumer,2021-08-12,Monthly,191.85
CUST_005176,Spain,Enterprise,2022-09-01,Annual,248.76
CUST_005177,Spain,Consumer,2021-12-19,Annual,405.42
CUST_005178,Spain,Consumer,2021-01-02,Monthly,122.68
CUST_005179,Germany,Consumer,2025-09-30,Monthly,383.83
CUST_005180,Germany,Consumer,2021-02-14,Monthly,400.78
CUST_005181,France,Consumer,2025-02-23,Monthly,298.94
CUST_005182,Germany,SMB,2023-01-16,Monthly,171.35
CUST_005183,Spain,SMB,2022-05-21,Monthly,469.52
CUST_005184,France,SMB,2023-08-15,Monthly,194.67
CUST_005185,Spain,Enterprise,2025-07-31,Annual,43.96
CUST_005186,Italy,Consumer,2024-04-07,Annual,85.32
CUST_005187,Spain,Consumer,2021-05-28,Monthly,447.96
CUST_005188,Germany,SMB,2024-10-25,Annual,91.99
CUST_005189,Italy,Consumer,2024-10-25,Two-Year,234.75
CUST_005190,France,Consumer,2025-11-04,Monthly,352.15
CUST_005191,France,Consumer,2022-01-04,Monthly,295.35
CUST_005192,France,Consumer,2025-03-12,Monthly,333.62
CUST_005193,Spain,Consumer,2022-11-07,Monthly,187.43
CUST_005194,France,Consumer,2022-10-12,Annual,337.87
CUST_005195,Italy,Consumer,2024-03-02,Annual,24.36
CUST_005196,Netherlands,SMB,2023-09-04,Annual,146.36
CUST_005197,Germany,Enterprise,2022-02-24,Monthly,79.33
CUST_005198,Germany,Consumer,2022-01-30,Annual,238.53
CUST_005199,Italy,Consumer,2024-04-02,Monthly,90.0
CUST_005200,Germany,Consumer,2025-11-04,Monthly,282.74
CUST_005201,Spain,Consumer,2022-02-24,Monthly,106.72
CUST_005202,Spain,Consumer,2023-09-05,Two-Year,218.85
CUST_005203,Spain,SMB,2022-07-15,Annual,55.63
CUST_005204,Germany,SMB,2022-04-01,Annual,231.19
CUST_005205,Spain,Consumer,2024-12-23,Annual,407.83
CUST_005206,Spain,SMB,2024-08-15,Monthly,172.11
CUST_005207,Spain,SMB,2023-05-26,Monthly,359.03
CUST_005208,Netherlands,Enterprise,2023-06-10,Annual,224.47
CUST_005209,Spain,Consumer,2023-02-16,Two-Year,132.42
CUST_005210,Spain,SMB,2025-12-26,Annual,165.67
CUST_005211,Germany,SMB,2025-09-24,Monthly,165.24
CUST_005212,Spain,Consumer,2021-05-17,Two-Year,376.34
CUST_005213,Netherlands,SMB,2025-01-30,Monthly,116.45
CUST_005214,Netherlands,SMB,2022-09-05,Monthly,489.33
CUST_005215,Germany,Consumer,2024-04-07,Monthly,349.99
CUST_005216,Germany,Consumer,2025-09-16,Monthly,212.55
CUST_005217,Germany,Consumer,2023-02-09,Annual,499.04
CUST_005218,Spain,SMB,2023-04-23,Annual,123.76
CUST_005219,Spain,Consumer,2024-02-18,Monthly,386.2
CUST_005220,Spain,Consumer,2022-07-24,Monthly,150.05
CUST_005221,Spain,Consumer,2022-04-27,Annual,280.91
CUST_005222,France,SMB,2024-01-10,Monthly,46.12
CUST_005223,Spain,SMB,2022-01-15,Monthly,426.3
CUST_005224,Spain,Consumer,2024-04-28,Monthly,195.75
CUST_005225,Germany,Consumer,2022-04-01,Two-Year,300.55
CUST_005226,Germany,Consumer,2021-06-19,Two-Year,465.1
CUST_005227,Spain,Consumer,2021-07-04,Monthly,34.52
CUST_005228,Spain,SMB,2022-04-19,Annual,484.65
CUST_005229,Spain,Consumer,2021-07-06,Two-Year,272.09
CUST_005230,Spain,SMB,2022-07-19,Monthly,394.76
CUST_005231,Italy,SMB,2023-02-03,Two-Year,247.06
CUST_005232,Netherlands,Enterprise,2022-03-25,Monthly,411.64
CUST_005233,Germany,Consumer,2023-09-03,Annual,442.67
CUST_005234,Germany,Consumer,2022-12-01,Annual,203.2
CUST_005235,France,Consumer,2021-05-27,Monthly,366.86
CUST_005236,France,Enterprise,2022-09-04,Annual,499.34
CUST_005237,Spain,SMB,2021-01-23,Annual,383.42
CUST_005238,Spain,SMB,2024-08-28,Monthly,479.3
CUST_005239,Germany,SMB,2023-03-20,Annual,373.58
CUST_005240,France,Consumer,2023-12-30,Two-Year,178.35
CUST_005241,Spain,SMB,2021-09-18,Two-Year,417.03
CUST_005242,Spain,SMB,2023-02-23,Annual,339.84
CUST_005243,Germany,Consumer,2025-01-17,Monthly,35.87
CUST_005244,Spain,Enterprise,2022-01-01,Monthly,102.77
CUST_005245,Germany,Enterprise,2025-12-02,Monthly,145.41
CUST_005246,France,Enterprise,2023-02-08,Annual,376.91
CUST_005247,Germany,SMB,2021-09-07,Annual,402.62
CUST_005248,Spain,Consumer,2021-11-26,Two-Year,416.91
CUST_005249,Spain,Consumer,2023-04-24,Monthly,52.26
CUST_005250,Italy,Consumer,2025-10-05,Two-Year,54.64
CUST_005251,Germany,SMB,2023-05-12,Two-Year,163.73
CUST_005252,Spain,Consumer,2021-11-14,Annual,347.0
CUST_005253,Spain,Enterprise,2022-12-10,Two-Year,424.25
CUST_005254,Italy,Consumer,2025-04-17,Monthly,437.3
CUST_005255,Italy,Consumer,2025-12-03,Monthly,119.61
CUST_005256,Italy,Consumer,2024-01-30,Monthly,388.36
CUST_005257,France,SMB,2025-05-01,Monthly,327.57
CUST_005258,Germany,Consumer,2025-01-20,Monthly,464.83
CUST_005259,Germany,Consumer,2023-02-14,Annual,390.97
CUST_005260,Spain,Consumer,2025-06-11,Monthly,273.74
CUST_005261,France,Consumer,2021-05-18,Monthly,395.93
CUST_005262,France,Enterprise,2025-01-08,Monthly,167.97
CUST_005263,Spain,Consumer,2023-11-28,Annual,397.35
CUST_005264,Italy,Consumer,2023-12-13,Two-Year,394.96
CUST_005265,Germany,Consumer,2025-09-04,Monthly,430.5
CUST_005266,Spain,Consumer,2022-05-03,Annual,136.35
CUST_005267,Germany,Consumer,2021-12-28,Two-Year,427.52
CUST_005268,Italy,Consumer,2024-04-20,Annual,101.14
CUST_005269,Netherlands,Consumer,2024-09-16,Annual,390.51
CUST_005270,Germany,Consumer,2021-01-09,Annual,466.36
CUST_005271,Netherlands,Consumer,2023-07-02,Two-Year,37.18
CUST_005272,Italy,SMB,2022-11-21,Monthly,320.49
CUST_005273,Italy,Consumer,2025-02-05,Annual,336.6
CUST_005274,Italy,SMB,2025-04-16,Monthly,411.27
CUST_005275,Germany,SMB,2021-09-11,Monthly,69.36
CUST_005276,Italy,Enterprise,2023-11-27,Annual,456.53
CUST_005277,France,Consumer,2024-08-11,Annual,497.02
CUST_005278,France,SMB,2022-04-21,Two-Year,342.61
CUST_005279,Spain,Enterprise,2025-09-02,Two-Year,226.37
CUST_005280,France,Enterprise,2025-06-18,Annual,324.81
CUST_005281,Netherlands,SMB,2021-11-11,Annual,46.26
CUST_005282,Germany,Consumer,2021-01-28,Two-Year,381.46
CUST_005283,Netherlands,Enterprise,2023-11-22,Monthly,53.58
CUST_005284,Germany,SMB,2025-06-01,Monthly,174.84
CUST_005285,Spain,Consumer,2024-05-31,Monthly,86.91
CUST_005286,Spain,Consumer,2024-10-18,Annual,368.5
CUST_005287,Italy,Enterprise,2024-08-07,Annual,305.33
CUST_005288,France,Consumer,2021-09-25,Annual,355.62
CUST_005289,Germany,SMB,2021-05-03,Monthly,50.99
CUST_005290,France,Consumer,2021-04-25,Annual,197.8
CUST_005291,Germany,SMB,2025-12-02,Annual,214.96
CUST_005292,Germany,Consumer,2025-10-03,Two-Year,309.15
CUST_005293,Italy,SMB,2025-03-03,Monthly,69.12
CUST_005294,France,Consumer,2021-05-03,Annual,330.67
CUST_005295,Italy,Enterprise,2025-06-11,Annual,209.46
CUST_005296,France,Consumer,2025-11-14,Annual,454.84
CUST_005297,Netherlands,Consumer,2024-12-03,Monthly,235.91
CUST_005298,Spain,Consumer,2023-02-08,Monthly,68.99
CUST_005299,Spain,Consumer,2021-06-19,Monthly,69.63
CUST_005300,Spain,Enterprise,2022-10-08,Monthly,142.06
CUST_005301,France,Consumer,2022-01-08,Annual,135.11
CUST_005302,France,Consumer,2024-04-01,Annual,402.41
CUST_005303,France,SMB,2025-05-31,Annual,366.75
CUST_005304,Germany,Consumer,2023-06-25,Monthly,56.8
CUST_005305,Spain,Consumer,2021-03-29,Monthly,428.69
CUST_005306,France,SMB,2022-12-14,Annual,66.14
CUST_005307,Netherlands,Consumer,2024-12-31,Annual,397.1
CUST_005308,Spain,SMB,2024-03-14,Annual,73.58
CUST_005309,Spain,SMB,2021-03-16,Annual,200.65
CUST_005310,Spain,Consumer,2022-10-02,Two-Year,380.45
CUST_005311,Germany,Consumer,2022-10-05,Two-Year,141.74
CUST_005312,Spain,Enterprise,2021-03-04,Annual,74.4
CUST_005313,Germany,Consumer,2022-10-01,Monthly,397.85
CUST_005314,France,SMB,2025-02-14,Monthly,351.67
CUST_005315,Germany,Consumer,2021-08-26,Annual,447.81
CUST_005316,Germany,Consumer,2023-07-29,Monthly,327.95
CUST_005317,Spain,SMB,2024-04-14,Monthly,55.5
CUST_005318,Netherlands,Consumer,2024-06-07,Monthly,326.54
CUST_005319,Germany,Consumer,2022-08-26,Two-Year,414.8
CUST_005320,Germany,Consumer,2023-11-17,Monthly,60.17
CUST_005321,Spain,SMB,2024-08-13,Annual,85.13
CUST_005322,France,SMB,2024-01-27,Two-Year,345.23
CUST_005323,Italy,Consumer,2025-03-11,Annual,399.84
CUST_005324,Spain,Consumer,2022-02-04,Monthly,189.51
CUST_005325,Spain,Enterprise,2021-07-16,Annual,372.93
CUST_005326,Spain,Consumer,2025-09-03,Annual,100.34
CUST_005327,France,Consumer,2024-09-02,Monthly,233.12
CUST_005328,Netherlands,Consumer,2023-03-29,Annual,379.03
CUST_005329,Germany,Consumer,2023-11-08,Monthly,115.51
CUST_005330,Germany,Consumer,2025-08-08,Annual,187.47
CUST_005331,Italy,SMB,2025-05-02,Two-Year,321.95
CUST_005332,France,SMB,2025-01-13,Annual,186.08
CUST_005333,Spain,Consumer,2023-12-15,Two-Year,439.6
CUST_005334,Spain,Consumer,2024-08-07,Monthly,479.23
CUST_005335,Germany,Consumer,2023-11-26,Two-Year,328.3
CUST_005336,Italy,Consumer,2023-04-21,Annual,395.55
CUST_005337,France,SMB,2024-05-15,Monthly,455.21
CUST_005338,France,Consumer,2021-02-11,Two-Year,356.89
CUST_005339,Italy,Enterprise,2025-02-18,Two-Year,391.19
CUST_005340,Spain,Consumer,2022-07-30,Monthly,58.51
CUST_005341,Germany,Consumer,2023-09-23,Annual,415.41
CUST_005342,Spain,Enterprise,2024-04-29,Monthly,151.79
CUST_005343,Italy,Consumer,2022-08-22,Monthly,53.99
CUST_005344,France,Consumer,2022-08-27,Monthly,302.95
CUST_005345,Spain,Consumer,2021-11-20,Monthly,128.86
CUST_005346,Spain,Enterprise,2021-07-01,Monthly,58.33
CUST_005347,France,Consumer,2025-05-29,Monthly,312.59
CUST_005348,France,Consumer,2023-08-04,Two-Year,67.31
CUST_005349,France,Consumer,2024-05-25,Monthly,445.87
CUST_005350,Spain,Consumer,2021-10-10,Annual,485.25
CUST_005351,Netherlands,Consumer,2025-04-07,Monthly,374.33
CUST_005352,Italy,Consumer,2022-07-14,Monthly,158.08
CUST_005353,France,Enterprise,2023-04-21,Annual,290.02
CUST_005354,France,SMB,2023-07-06,Monthly,35.07
CUST_005355,Netherlands,Consumer,2024-09-20,Monthly,318.27
CUST_005356,Netherlands,Consumer,2021-08-01,Two-Year,146.64
CUST_005357,France,Consumer,2025-07-15,Monthly,238.41
CUST_005358,Germany,Consumer,2021-07-25,Monthly,105.86
CUST_005359,Germany,SMB,2024-03-09,Annual,493.54
CUST_005360,Italy,Consumer,2022-01-19,Monthly,119.56
CUST_005361,France,SMB,2025-08-14,Annual,220.13
CUST_005362,Spain,Consumer,2023-12-17,Monthly,142.21
CUST_005363,Spain,SMB,2025-09-22,Monthly,279.96
CUST_005364,Netherlands,Enterprise,2025-09-01,Monthly,454.56
CUST_005365,Italy,SMB,2022-05-04,Monthly,98.43
CUST_005366,Netherlands,Enterprise,2022-03-13,Annual,87.59
CUST_005367,Germany,SMB,2021-07-25,Two-Year,55.55
CUST_005368,Italy,Consumer,2024-08-07,Annual,302.89
CUST_005369,Italy,Consumer,2021-02-14,Monthly,309.0
CUST_005370,Germany,Consumer,2021-12-12,Two-Year,414.27
CUST_005371,Spain,Enterprise,2025-07-18,Annual,421.26
CUST_005372,Netherlands,Consumer,2024-03-06,Monthly,68.93
CUST_005373,Spain,Enterprise,2023-04-04,Monthly,457.05
CUST_005374,France,Consumer,2021-09-09,Monthly,418.1
CUST_005375,France,SMB,2025-03-24,Monthly,330.68
CUST_005376,France,Consumer,2025-03-24,Monthly,186.59
CUST_005377,Spain,Enterprise,2021-03-26,Monthly,377.88
CUST_005378,France,Consumer,2024-09-17,Two-Year,317.92
CUST_005379,Spain,Consumer,2022-08-24,Monthly,189.46
CUST_005380,Italy,Enterprise,2024-05-28,Monthly,26.36
CUST_005381,Spain,Consumer,2022-06-23,Two-Year,304.38
CUST_005382,France,Consumer,2021-01-27,Annual,296.72
CUST_005383,Italy,Enterprise,2024-10-08,Monthly,94.2
CUST_005384,Spain,SMB,2025-03-08,Monthly,455.04
CUST_005385,Spain,Consumer,2024-06-02,Annual,96.45
CUST_005386,Italy,Consumer,2021-10-03,Monthly,157.81
CUST_005387,Spain,Consumer,2023-04-02,Annual,198.55
CUST_005388,Spain,Consumer,2023-09-02,Annual,347.82
CUST_005389,Germany,SMB,2024-12-19,Annual,59.19
CUST_005390,Netherlands,Consumer,2024-11-19,Two-Year,357.14
CUST_005391,France,Consumer,2025-06-10,Annual,218.95
CUST_005392,Germany,Consumer,2024-02-28,Annual,107.81
CUST_005393,Netherlands,Enterprise,2025-09-13,Monthly,73.8
CUST_005394,Germany,Consumer,2025-02-04,Monthly,217.92
CUST_005395,Germany,Consumer,2022-01-01,Monthly,234.07
CUST_005396,Germany,Enterprise,2024-07-18,Annual,85.9
CUST_005397,Germany,SMB,2021-06-05,Monthly,251.58
CUST_005398,Germany,Consumer,2024-10-12,Annual,261.17
CUST_005399,France,Enterprise,2022-02-09,Monthly,490.89
CUST_005400,Spain,Consumer,2022-06-30,Annual,362.39
CUST_005401,France,Consumer,2023-11-15,Monthly,25.84
CUST_005402,Spain,Consumer,2022-11-24,Two-Year,248.9
CUST_005403,Germany,Consumer,2024-03-28,Monthly,30.36
CUST_005404,Spain,SMB,2023-07-05,Annual,265.38
CUST_005405,France,Consumer,2024-03-07,Annual,182.21
CUST_005406,France,Enterprise,2023-12-07,Monthly,453.68
CUST_005407,Germany,Consumer,2022-01-12,Annual,256.78
CUST_005408,Spain,Consumer,2024-06-16,Two-Year,427.95
CUST_005409,Spain,Consumer,2025-10-17,Annual,300.26
CUST_005410,Italy,Consumer,2023-10-12,Two-Year,210.33
CUST_005411,Spain,Enterprise,2024-01-14,Monthly,130.26
CUST_005412,Italy,SMB,2024-07-21,Two-Year,107.92
CUST_005413,Germany,SMB,2021-06-04,Two-Year,401.38
CUST_005414,Spain,SMB,2021-10-03,Annual,443.83
CUST_005415,France,Consumer,2023-10-17,Annual,175.56
CUST_005416,Germany,Consumer,2022-12-22,Annual,257.41
CUST_005417,Spain,Consumer,2024-06-17,Annual,158.0
CUST_005418,Netherlands,SMB,2025-07-26,Annual,238.54
CUST_005419,Spain,Consumer,2024-11-29,Monthly,437.36
CUST_005420,Germany,Consumer,2022-02-01,Annual,86.23
CUST_005421,Germany,SMB,2022-07-16,Monthly,159.91
CUST_005422,Germany,Consumer,2021-09-20,Annual,353.73
CUST_005423,Italy,Consumer,2021-06-28,Annual,169.1
CUST_005424,Spain,Consumer,2024-09-22,Monthly,58.95
CUST_005425,Netherlands,Consumer,2024-06-17,Monthly,199.71
CUST_005426,France,Consumer,2021-12-22,Monthly,344.67
CUST_005427,Netherlands,Enterprise,2024-07-11,Annual,492.32
CUST_005428,Italy,SMB,2023-04-16,Monthly,448.23
CUST_005429,Netherlands,Consumer,2025-05-19,Monthly,289.7
CUST_005430,France,SMB,2024-07-23,Monthly,393.12
CUST_005431,Germany,SMB,2022-05-10,Monthly,294.27
CUST_005432,Germany,SMB,2023-06-05,Monthly,257.07
CUST_005433,France,Enterprise,2022-03-03,Monthly,101.9
CUST_005434,Germany,SMB,2025-07-05,Annual,160.24
CUST_005435,France,Consumer,2023-07-29,Annual,237.01
CUST_005436,Spain,Consumer,2025-05-23,Two-Year,493.09
CUST_005437,Italy,Consumer,2023-07-23,Monthly,312.11
CUST_005438,Spain,Consumer,2023-07-08,Monthly,473.54
CUST_005439,Netherlands,Enterprise,2021-12-04,Monthly,144.17
CUST_005440,Spain,SMB,2025-10-21,Annual,53.11
CUST_005441,Spain,Consumer,2024-05-13,Monthly,489.62
CUST_005442,Italy,Enterprise,2022-06-17,Monthly,178.22
CUST_005443,Italy,SMB,2025-03-14,Annual,276.95
CUST_005444,France,Consumer,2022-03-04,Monthly,54.15
CUST_005445,Netherlands,Enterprise,2021-06-26,Annual,432.99
CUST_005446,Spain,Consumer,2024-05-08,Annual,20.33
CUST_005447,Italy,Consumer,2024-09-28,Annual,454.89
CUST_005448,Germany,Consumer,2023-11-12,Monthly,99.38
CUST_005449,Germany,Enterprise,2024-07-26,Monthly,108.07
CUST_005450,Germany,Consumer,2022-04-04,Annual,416.38
CUST_005451,Spain,Consumer,2022-05-23,Monthly,205.39
CUST_005452,France,SMB,2022-11-09,Monthly,142.89
CUST_005453,France,Enterprise,2022-01-15,Monthly,306.29
CUST_005454,Spain,Consumer,2022-03-02,Monthly,142.12
CUST_005455,Netherlands,Consumer,2021-03-28,Monthly,157.54
CUST_005456,Germany,Enterprise,2022-03-09,Annual,41.86
CUST_005457,Spain,SMB,2023-09-27,Annual,278.92
CUST_005458,France,Consumer,2022-11-03,Monthly,82.12
CUST_005459,Spain,Consumer,2023-02-23,Annual,421.82
CUST_005460,Spain,Consumer,2025-08-15,Two-Year,380.49
CUST_005461,France,SMB,2021-01-12,Monthly,157.02
CUST_005462,Spain,Consumer,2025-03-05,Annual,276.21
CUST_005463,Spain,SMB,2021-03-02,Monthly,297.14
CUST_005464,France,Consumer,2023-07-25,Two-Year,339.9
CUST_005465,Spain,SMB,2021-08-26,Monthly,221.08
CUST_005466,Italy,Consumer,2023-05-23,Monthly,333.22
CUST_005467,Italy,Enterprise,2025-06-22,Two-Year,101.31
CUST_005468,Spain,Consumer,2021-02-27,Annual,246.09
CUST_005469,Germany,Consumer,2023-07-15,Monthly,65.12
CUST_005470,Spain,Consumer,2023-04-25,Annual,471.71
CUST_005471,France,Consumer,2023-04-05,Two-Year,212.68
CUST_005472,Spain,Consumer,2024-02-14,Monthly,316.37
CUST_005473,Netherlands,SMB,2022-08-19,Monthly,255.11
CUST_005474,Spain,Enterprise,2024-11-22,Monthly,32.87
CUST_005475,France,Consumer,2022-03-11,Two-Year,50.1
CUST_005476,Spain,Consumer,2022-10-13,Monthly,146.99
CUST_005477,Spain,Consumer,2023-05-06,Monthly,343.97
CUST_005478,Germany,SMB,2025-08-06,Monthly,327.89
CUST_005479,France,Consumer,2023-09-02,Monthly,110.21
CUST_005480,Netherlands,Consumer,2025-03-15,Annual,254.53
CUST_005481,Spain,Consumer,2021-09-13,Monthly,196.19
CUST_005482,Spain,Consumer,2021-05-31,Monthly,292.9
CUST_005483,Germany,Consumer,2023-07-05,Monthly,180.65
CUST_005484,Germany,Consumer,2025-07-07,Monthly,450.18
CUST_005485,Italy,Consumer,2022-03-04,Monthly,246.76
CUST_005486,Netherlands,SMB,2022-02-11,Monthly,224.76
CUST_005487,Italy,Consumer,2021-09-28,Annual,357.6
CUST_005488,Spain,SMB,2025-08-13,Monthly,394.73
CUST_005489,Germany,Consumer,2021-06-18,Monthly,230.03
CUST_005490,France,Enterprise,2024-02-26,Annual,72.3
CUST_005491,Germany,SMB,2022-11-26,Annual,60.84
CUST_005492,France,Consumer,2023-01-23,Annual,176.9
CUST_005493,Spain,Enterprise,2024-07-21,Two-Year,371.64
CUST_005494,Germany,Consumer,2023-03-08,Monthly,333.75
CUST_005495,Italy,Consumer,2021-02-12,Monthly,158.11
CUST_005496,Spain,SMB,2023-10-25,Monthly,22.11
CUST_005497,Netherlands,SMB,2021-02-16,Monthly,328.48
CUST_005498,Germany,Consumer,2025-03-21,Two-Year,290.91
CUST_005499,Spain,Consumer,2025-09-23,Annual,390.79
CUST_005500,Spain,Consumer,2025-03-09,Annual,349.36
CUST_005501,Spain,Consumer,2023-01-26,Two-Year,138.51
CUST_005502,Germany,Enterprise,2023-01-28,Annual,371.79
CUST_005503,Spain,Consumer,2023-12-05,Monthly,253.46
CUST_005504,France,Enterprise,2025-03-31,Two-Year,295.89
CUST_005505,Italy,Consumer,2024-10-07,Monthly,191.36
CUST_005506,Germany,SMB,2023-05-12,Monthly,399.48
CUST_005507,Spain,Enterprise,2025-01-21,Annual,114.12
CUST_005508,Germany,SMB,2023-02-02,Two-Year,118.18
CUST_005509,Italy,Consumer,2024-11-06,Annual,133.96
CUST_005510,France,Consumer,2022-03-21,Monthly,398.99
CUST_005511,Spain,Consumer,2023-04-09,Two-Year,369.49
CUST_005512,Germany,SMB,2025-02-20,Monthly,149.4
CUST_005513,Germany,Enterprise,2022-03-26,Annual,89.06
CUST_005514,Germany,Consumer,2024-02-07,Monthly,33.53
CUST_005515,Spain,Consumer,2022-05-27,Monthly,348.24
CUST_005516,Netherlands,Consumer,2023-02-27,Monthly,278.66
CUST_005517,Spain,Consumer,2022-08-16,Two-Year,357.11
CUST_005518,Spain,Consumer,2024-04-24,Two-Year,359.96
CUST_005519,Spain,Consumer,2024-10-11,Monthly,425.49
CUST_005520,France,SMB,2025-04-22,Monthly,219.66
CUST_005521,Germany,Consumer,2022-10-12,Monthly,417.09
CUST_005522,Spain,SMB,2021-12-28,Annual,229.17
CUST_005523,Germany,Consumer,2025-08-27,Annual,359.75
CUST_005524,France,Consumer,2022-12-18,Annual,284.55
CUST_005525,Spain,SMB,2024-04-06,Monthly,462.28
CUST_005526,Netherlands,SMB,2022-11-26,Monthly,197.66
CUST_005527,Germany,Consumer,2025-03-04,Two-Year,351.12
CUST_005528,Spain,SMB,2021-05-19,Annual,307.09
CUST_005529,Netherlands,Consumer,2021-03-14,Monthly,499.37
CUST_005530,Italy,Consumer,2022-09-03,Monthly,57.09
CUST_005531,Germany,Enterprise,2023-01-28,Monthly,307.09
CUST_005532,Italy,Enterprise,2024-10-23,Monthly,131.57
CUST_005533,Germany,Consumer,2023-05-09,Monthly,444.41
CUST_005534,Germany,Enterprise,2022-04-08,Annual,401.36
CUST_005535,Italy,SMB,2021-05-19,Monthly,337.68
CUST_005536,Italy,Consumer,2025-01-20,Monthly,250.57
CUST_005537,Spain,Consumer,2023-07-19,Annual,347.02
CUST_005538,France,Consumer,2025-10-11,Monthly,286.08
CUST_005539,Germany,Consumer,2022-08-28,Monthly,157.9
CUST_005540,Spain,Enterprise,2022-02-13,Two-Year,413.32
CUST_005541,Netherlands,Consumer,2022-05-11,Monthly,266.04
CUST_005542,Germany,Consumer,2023-01-19,Annual,143.42
CUST_005543,France,Consumer,2021-09-15,Monthly,338.89
CUST_005544,France,Consumer,2021-08-28,Monthly,28.95
CUST_005545,France,SMB,2024-12-19,Monthly,365.64
CUST_005546,Spain,Consumer,2024-06-17,Annual,245.76
CUST_005547,Netherlands,Consumer,2023-07-05,Monthly,324.47
CUST_005548,France,Consumer,2023-05-31,Annual,95.46
CUST_005549,France,SMB,2023-06-27,Monthly,364.76
CUST_005550,Germany,SMB,2023-12-11,Annual,367.17
CUST_005551,Spain,SMB,2022-06-06,Monthly,375.96
CUST_005552,Spain,Consumer,2024-11-22,Monthly,244.26
CUST_005553,Germany,Consumer,2021-01-15,Annual,327.44
CUST_005554,Spain,SMB,2024-11-18,Monthly,283.64
CUST_005555,France,SMB,2024-12-19,Monthly,131.88
CUST_005556,Italy,Consumer,2023-08-01,Annual,31.05
CUST_005557,Germany,Enterprise,2022-06-24,Annual,218.52
CUST_005558,Germany,Consumer,2025-05-31,Annual,411.16
CUST_005559,France,Consumer,2025-02-03,Monthly,174.67
CUST_005560,Spain,Enterprise,2025-08-29,Monthly,379.52
CUST_005561,Netherlands,Consumer,2021-01-30,Monthly,327.04
CUST_005562,Germany,Enterprise,2024-02-26,Monthly,189.57
CUST_005563,Spain,SMB,2021-01-14,Monthly,20.28
CUST_005564,Spain,Enterprise,2021-03-12,Monthly,226.88
CUST_005565,Netherlands,Consumer,2021-04-24,Monthly,208.57
CUST_005566,Spain,SMB,2024-11-17,Annual,86.6
CUST_005567,France,SMB,2024-08-20,Monthly,412.99
CUST_005568,Spain,Consumer,2025-06-17,Monthly,478.63
CUST_005569,Spain,Consumer,2024-03-05,Monthly,78.2
CUST_005570,Italy,Consumer,2023-10-14,Monthly,130.85
CUST_005571,Spain,Consumer,2021-11-28,Annual,323.6
CUST_005572,Spain,Enterprise,2024-07-02,Monthly,476.41
CUST_005573,Germany,Consumer,2025-07-22,Monthly,468.32
CUST_005574,Italy,SMB,2022-10-13,Two-Year,467.05
CUST_005575,Germany,Consumer,2024-06-25,Monthly,231.27
CUST_005576,Spain,Consumer,2023-07-06,Monthly,493.23
CUST_005577,Netherlands,Enterprise,2023-08-11,Annual,195.04
CUST_005578,France,Consumer,2024-12-28,Annual,61.62
CUST_005579,Italy,Consumer,2022-06-16,Two-Year,358.13
CUST_005580,Italy,Consumer,2025-05-19,Two-Year,286.97
CUST_005581,France,Consumer,2025-12-05,Annual,403.73
CUST_005582,Germany,Consumer,2021-07-30,Monthly,318.13
CUST_005583,Germany,SMB,2023-07-23,Monthly,413.91
CUST_005584,France,Consumer,2021-02-01,Monthly,185.07
CUST_005585,France,SMB,2022-09-10,Annual,158.21
CUST_005586,Netherlands,SMB,2022-11-14,Two-Year,383.48
CUST_005587,France,Consumer,2024-04-27,Monthly,258.9
CUST_005588,Spain,Consumer,2022-12-15,Two-Year,106.11
CUST_005589,Germany,Consumer,2022-10-24,Annual,200.01
CUST_005590,France,SMB,2024-11-13,Monthly,404.32
CUST_005591,Germany,Consumer,2024-10-16,Two-Year,463.48
CUST_005592,Italy,Consumer,2021-01-16,Annual,384.95
CUST_005593,France,Consumer,2022-09-08,Monthly,364.7
CUST_005594,Spain,Consumer,2024-10-27,Monthly,409.59
CUST_005595,France,SMB,2021-07-07,Monthly,116.25
CUST_005596,France,Consumer,2023-09-07,Monthly,298.2
CUST_005597,Netherlands,Consumer,2023-06-18,Annual,305.21
CUST_005598,Germany,Consumer,2024-06-28,Two-Year,474.05
CUST_005599,France,SMB,2024-05-19,Annual,27.35
CUST_005600,Germany,SMB,2023-07-19,Annual,485.85
CUST_005601,Germany,Consumer,2023-01-25,Annual,368.52
CUST_005602,Spain,Consumer,2024-12-14,Monthly,30.77
CUST_005603,Italy,SMB,2022-11-29,Annual,269.03
CUST_005604,Netherlands,Consumer,2023-03-10,Annual,53.5
CUST_005605,Germany,Consumer,2023-02-05,Monthly,309.63
CUST_005606,France,Consumer,2022-09-24,Monthly,236.77
CUST_005607,Spain,Consumer,2024-02-24,Annual,390.76
CUST_005608,France,Consumer,2024-03-08,Two-Year,298.13
CUST_005609,Germany,Consumer,2025-07-01,Two-Year,397.46
CUST_005610,France,Consumer,2023-03-23,Monthly,197.02
CUST_005611,Spain,Consumer,2024-10-19,Annual,431.31
CUST_005612,France,Consumer,2022-07-09,Monthly,435.83
CUST_005613,Spain,Consumer,2025-10-25,Two-Year,334.61
CUST_005614,France,Consumer,2025-07-27,Annual,146.58
CUST_005615,France,SMB,2023-12-16,Two-Year,495.89
CUST_005616,Spain,SMB,2024-08-13,Two-Year,412.51
CUST_005617,Germany,Enterprise,2023-11-25,Monthly,428.79
CUST_005618,Italy,Consumer,2021-12-26,Two-Year,25.54
CUST_005619,France,Consumer,2025-09-15,Annual,416.55
CUST_005620,Spain,Consumer,2024-09-13,Monthly,124.53
CUST_005621,Germany,Enterprise,2023-02-06,Monthly,263.96
CUST_005622,Germany,Consumer,2022-04-06,Annual,358.06
CUST_005623,France,Consumer,2024-05-06,Monthly,216.94
CUST_005624,France,SMB,2023-02-27,Monthly,136.94
CUST_005625,Spain,Consumer,2025-02-21,Annual,260.09
CUST_005626,France,Consumer,2022-02-02,Monthly,163.89
CUST_005627,France,Consumer,2023-08-10,Monthly,315.35
CUST_005628,Italy,SMB,2021-07-26,Annual,72.66
CUST_005629,Spain,SMB,2024-07-26,Monthly,215.99
CUST_005630,Germany,Consumer,2022-12-30,Annual,303.97
CUST_005631,Germany,SMB,2021-12-19,Monthly,495.45
CUST_005632,Spain,Consumer,2023-10-11,Two-Year,257.82
CUST_005633,Germany,Consumer,2023-11-10,Monthly,224.43
CUST_005634,Spain,Enterprise,2022-07-06,Annual,494.82
CUST_005635,Spain,SMB,2025-09-12,Annual,464.18
CUST_005636,France,Enterprise,2021-05-17,Two-Year,343.02
CUST_005637,Spain,SMB,2022-08-31,Annual,281.49
CUST_005638,France,Consumer,2022-04-01,Monthly,150.03
CUST_005639,Spain,Consumer,2025-08-18,Monthly,319.45
CUST_005640,France,Consumer,2022-03-25,Annual,420.31
CUST_005641,Germany,Consumer,2022-02-07,Annual,491.16
CUST_005642,Italy,Consumer,2023-12-15,Annual,102.07
CUST_005643,Italy,Consumer,2022-04-21,Monthly,151.55
CUST_005644,Germany,Consumer,2022-05-31,Annual,444.52
CUST_005645,France,SMB,2022-03-24,Monthly,433.26
CUST_005646,Spain,Consumer,2023-09-02,Annual,364.0
CUST_005647,France,Consumer,2024-09-29,Annual,69.79
CUST_005648,Spain,SMB,2023-05-09,Monthly,359.0
CUST_005649,Germany,SMB,2025-06-13,Annual,245.15
CUST_005650,Spain,Consumer,2022-05-02,Monthly,198.2
CUST_005651,Italy,SMB,2025-03-23,Annual,140.33
CUST_005652,Germany,SMB,2024-09-15,Annual,172.63
CUST_005653,France,Enterprise,2021-05-15,Monthly,277.18
CUST_005654,Germany,Consumer,2024-05-04,Monthly,97.74
CUST_005655,Spain,Consumer,2025-12-18,Annual,264.47
CUST_005656,Spain,SMB,2024-05-27,Annual,43.14
CUST_005657,Netherlands,Consumer,2022-04-17,Monthly,217.11
CUST_005658,Italy,SMB,2023-03-03,Monthly,480.81
CUST_005659,Spain,SMB,2025-05-07,Monthly,374.71
CUST_005660,France,SMB,2022-08-02,Annual,52.93
CUST_005661,Germany,Enterprise,2023-05-19,Monthly,350.16
CUST_005662,Spain,Consumer,2023-12-15,Annual,114.13
CUST_005663,Germany,Enterprise,2025-02-20,Annual,247.6
CUST_005664,Spain,SMB,2025-10-18,Annual,161.2
CUST_005665,Spain,Consumer,2024-07-10,Two-Year,468.4
CUST_005666,France,SMB,2023-03-04,Monthly,46.13
CUST_005667,Spain,SMB,2023-01-20,Annual,442.86
CUST_005668,Italy,Enterprise,2024-04-29,Annual,356.66
CUST_005669,France,Consumer,2021-05-16,Annual,194.14
CUST_005670,Italy,Consumer,2023-03-19,Annual,442.23
CUST_005671,France,SMB,2022-10-12,Monthly,215.03
CUST_005672,Italy,Consumer,2025-08-30,Two-Year,355.22
CUST_005673,Germany,SMB,2025-04-11,Monthly,398.18
CUST_005674,Germany,Consumer,2022-04-29,Two-Year,157.47
CUST_005675,Germany,Consumer,2024-04-11,Monthly,54.68
CUST_005676,Netherlands,Consumer,2023-04-18,Monthly,436.7
CUST_005677,Spain,SMB,2025-02-25,Two-Year,131.02
CUST_005678,France,Consumer,2023-06-21,Annual,467.27
CUST_005679,Italy,SMB,2024-03-17,Annual,171.22
CUST_005680,Germany,SMB,2024-08-23,Monthly,219.15
CUST_005681,Italy,SMB,2025-02-12,Monthly,226.55
CUST_005682,Germany,Consumer,2024-08-10,Monthly,244.59
CUST_005683,Spain,Consumer,2022-06-26,Annual,482.13
CUST_005684,France,SMB,2024-09-12,Monthly,137.64
CUST_005685,Germany,Consumer,2022-08-01,Monthly,311.97
CUST_005686,Spain,Consumer,2024-08-31,Monthly,161.18
CUST_005687,Spain,Enterprise,2025-09-30,Two-Year,82.85
CUST_005688,Spain,Consumer,2023-05-08,Annual,158.61
CUST_005689,Italy,Consumer,2025-06-18,Monthly,285.15
CUST_005690,Italy,Enterprise,2021-10-12,Two-Year,311.36
CUST_005691,Germany,Consumer,2023-02-16,Monthly,146.59
CUST_005692,Spain,Consumer,2025-05-09,Monthly,493.91
CUST_005693,Germany,Consumer,2024-08-26,Monthly,194.12
CUST_005694,Italy,SMB,2022-08-17,Two-Year,419.38
CUST_005695,France,Enterprise,2023-07-04,Monthly,36.82
CUST_005696,Spain,SMB,2021-07-21,Monthly,353.7
CUST_005697,Spain,Enterprise,2025-01-30,Two-Year,165.66
CUST_005698,Netherlands,Consumer,2021-08-24,Annual,277.71
CUST_005699,Italy,SMB,2023-10-28,Annual,421.57
CUST_005700,Spain,Consumer,2023-06-23,Annual,367.93
CUST_005701,Italy,Enterprise,2024-02-03,Annual,192.62
CUST_005702,Spain,Enterprise,2023-02-17,Monthly,371.59
CUST_005703,Spain,Consumer,2021-06-06,Annual,218.72
CUST_005704,Italy,SMB,2024-04-26,Monthly,50.47
CUST_005705,Germany,SMB,2025-06-22,Monthly,339.48
CUST_005706,Germany,Consumer,2024-01-23,Two-Year,469.67
CUST_005707,Netherlands,SMB,2021-03-21,Monthly,60.15
CUST_005708,Italy,Enterprise,2021-07-16,Monthly,350.06
CUST_005709,Spain,Consumer,2022-05-17,Monthly,423.07
CUST_005710,France,Consumer,2022-06-26,Annual,306.38
CUST_005711,Italy,Enterprise,2021-08-12,Two-Year,252.99
CUST_005712,France,Consumer,2025-06-25,Monthly,133.86
CUST_005713,Netherlands,Consumer,2024-09-08,Monthly,113.05
CUST_005714,France,SMB,2024-10-31,Annual,210.22
CUST_005715,Spain,SMB,2025-10-26,Annual,327.82
CUST_005716,Spain,Consumer,2025-05-09,Monthly,171.04
CUST_005717,Italy,Consumer,2021-11-09,Monthly,254.43
CUST_005718,Netherlands,SMB,2021-02-10,Annual,307.99
CUST_005719,Spain,Consumer,2024-08-25,Monthly,120.79
CUST_005720,Spain,SMB,2025-07-24,Annual,375.87
CUST_005721,Italy,Enterprise,2024-07-04,Monthly,321.75
CUST_005722,Spain,Consumer,2025-04-22,Annual,304.08
CUST_005723,Spain,Enterprise,2024-01-17,Annual,249.49
CUST_005724,Italy,SMB,2023-04-06,Annual,195.11
CUST_005725,Italy,Enterprise,2021-08-26,Annual,283.43
CUST_005726,Italy,Consumer,2024-05-14,Monthly,387.55
CUST_005727,France,Consumer,2022-06-17,Monthly,358.88
CUST_005728,Germany,SMB,2022-05-12,Annual,374.1
CUST_005729,Netherlands,Enterprise,2025-05-19,Annual,120.52
CUST_005730,Spain,Enterprise,2024-04-17,Annual,394.25
CUST_005731,Spain,Consumer,2023-03-24,Monthly,181.0
CUST_005732,Italy,Consumer,2024-12-29,Annual,131.88
CUST_005733,France,Consumer,2024-08-31,Monthly,78.34
CUST_005734,Italy,SMB,2023-06-02,Monthly,418.56
CUST_005735,Spain,SMB,2025-11-21,Monthly,319.13
CUST_005736,Netherlands,SMB,2021-02-21,Two-Year,423.83
CUST_005737,France,Consumer,2023-06-20,Annual,289.48
CUST_005738,France,Enterprise,2023-01-31,Monthly,432.93
CUST_005739,Netherlands,Consumer,2021-08-12,Annual,287.15
CUST_005740,Germany,Consumer,2024-08-16,Monthly,330.01
CUST_005741,France,Consumer,2021-07-03,Monthly,47.05
CUST_005742,France,Consumer,2024-07-09,Monthly,341.44
CUST_005743,Italy,SMB,2024-10-09,Monthly,306.9
CUST_005744,Italy,SMB,2023-06-07,Monthly,136.2
CUST_005745,France,Consumer,2022-03-23,Monthly,74.11
CUST_005746,Spain,Consumer,2025-12-05,Annual,186.65
CUST_005747,Spain,Consumer,2024-07-11,Annual,48.89
CUST_005748,Netherlands,SMB,2021-08-02,Two-Year,308.4
CUST_005749,Netherlands,Consumer,2024-09-06,Monthly,282.05
CUST_005750,Netherlands,Consumer,2021-10-17,Annual,460.55
CUST_005751,Spain,Consumer,2024-02-12,Monthly,268.43
CUST_005752,Germany,SMB,2022-04-17,Monthly,370.27
CUST_005753,Italy,Consumer,2024-03-05,Annual,338.71
CUST_005754,Italy,Consumer,2025-01-07,Monthly,355.84
CUST_005755,Spain,Consumer,2024-12-02,Annual,170.55
CUST_005756,France,Consumer,2024-10-24,Annual,219.37
CUST_005757,Spain,Consumer,2024-07-15,Monthly,77.49
CUST_005758,Germany,Consumer,2024-11-12,Two-Year,332.23
CUST_005759,Spain,SMB,2025-07-06,Monthly,165.17
CUST_005760,Spain,Consumer,2025-05-26,Two-Year,283.42
CUST_005761,Spain,Consumer,2024-11-11,Annual,462.33
CUST_005762,Netherlands,Enterprise,2023-03-20,Monthly,347.8
CUST_005763,France,Consumer,2022-06-20,Monthly,148.48
CUST_005764,Netherlands,Consumer,2022-08-05,Monthly,267.03
CUST_005765,Germany,Consumer,2024-01-25,Annual,309.04
CUST_005766,Germany,Consumer,2024-01-02,Monthly,428.07
CUST_005767,Germany,Consumer,2023-02-20,Annual,401.01
CUST_005768,France,Enterprise,2023-01-19,Monthly,171.31
CUST_005769,Germany,Consumer,2024-08-17,Two-Year,461.43
CUST_005770,France,SMB,2023-08-15,Monthly,90.75
CUST_005771,Italy,Enterprise,2021-02-04,Annual,152.52
CUST_005772,Italy,Consumer,2021-09-14,Annual,36.25
CUST_005773,Spain,SMB,2022-08-28,Monthly,169.41
CUST_005774,Germany,Consumer,2022-12-25,Monthly,218.74
CUST_005775,Spain,Consumer,2024-08-30,Annual,135.83
CUST_005776,Spain,SMB,2023-05-14,Annual,26.05
CUST_005777,France,Consumer,2023-02-19,Annual,25.05
CUST_005778,Germany,Enterprise,2021-06-09,Monthly,463.5
CUST_005779,France,Consumer,2021-04-22,Two-Year,372.71
CUST_005780,Spain,Consumer,2025-12-21,Two-Year,355.23
CUST_005781,Netherlands,Consumer,2025-04-22,Annual,397.15
CUST_005782,Netherlands,Consumer,2021-03-10,Monthly,353.21
CUST_005783,Germany,Consumer,2023-04-09,Monthly,49.5
CUST_005784,Italy,Consumer,2025-08-07,Two-Year,464.35
CUST_005785,Spain,Consumer,2024-07-24,Annual,225.83
CUST_005786,France,Consumer,2021-05-27,Annual,237.64
CUST_005787,Italy,Enterprise,2023-02-23,Two-Year,445.55
CUST_005788,Italy,Consumer,2025-04-19,Monthly,118.16
CUST_005789,Italy,Consumer,2022-07-01,Annual,170.15
CUST_005790,Germany,SMB,2023-09-29,Annual,430.41
CUST_005791,Italy,SMB,2022-08-13,Annual,269.44
CUST_005792,France,Enterprise,2021-12-25,Annual,221.67
CUST_005793,Spain,Enterprise,2025-04-20,Monthly,478.19
CUST_005794,Spain,Consumer,2022-02-27,Monthly,446.58
CUST_005795,Italy,Consumer,2023-12-01,Two-Year,445.95
CUST_005796,France,SMB,2022-10-05,Annual,121.86
CUST_005797,Germany,Consumer,2024-01-25,Monthly,425.07
CUST_005798,Netherlands,SMB,2024-12-20,Two-Year,335.21
CUST_005799,France,Consumer,2023-10-07,Monthly,351.93
CUST_005800,Germany,Enterprise,2021-09-26,Monthly,42.96
CUST_005801,Germany,SMB,2022-06-09,Two-Year,286.75
CUST_005802,France,Consumer,2022-03-19,Annual,124.91
CUST_005803,Italy,Consumer,2024-06-11,Two-Year,465.02
CUST_005804,France,Enterprise,2024-06-18,Two-Year,289.58
CUST_005805,Germany,SMB,2021-09-19,Annual,316.35
CUST_005806,France,SMB,2024-01-27,Monthly,136.78
CUST_005807,France,SMB,2023-04-28,Annual,222.26
CUST_005808,Italy,Consumer,2023-02-08,Annual,274.11
CUST_005809,Spain,Consumer,2025-04-16,Annual,409.78
CUST_005810,Italy,Consumer,2021-04-21,Annual,313.56
CUST_005811,Germany,SMB,2024-08-19,Monthly,74.26
CUST_005812,Spain,SMB,2023-10-17,Monthly,236.37
CUST_005813,France,Consumer,2022-04-18,Annual,161.85
CUST_005814,France,Enterprise,2022-02-23,Annual,278.68
CUST_005815,Germany,Consumer,2021-10-26,Monthly,245.52
CUST_005816,Italy,SMB,2024-01-23,Monthly,30.72
CUST_005817,Germany,Consumer,2024-04-11,Monthly,119.61
CUST_005818,Spain,Consumer,2022-05-17,Annual,336.84
CUST_005819,Germany,Consumer,2022-11-28,Monthly,281.28
CUST_005820,Germany,SMB,2025-11-26,Annual,45.58
CUST_005821,France,SMB,2024-07-11,Annual,306.88
CUST_005822,Italy,Consumer,2023-12-15,Monthly,261.56
CUST_005823,France,Consumer,2021-08-07,Annual,92.1
CUST_005824,Spain,SMB,2023-11-10,Two-Year,20.94
CUST_005825,Germany,Consumer,2022-12-20,Monthly,181.0
CUST_005826,Spain,SMB,2025-03-08,Monthly,394.25
CUST_005827,France,Consumer,2021-12-17,Monthly,83.85
CUST_005828,Spain,Enterprise,2025-12-19,Annual,473.33
CUST_005829,Germany,SMB,2025-09-15,Two-Year,280.38
CUST_005830,Italy,Consumer,2024-11-23,Annual,384.03
CUST_005831,France,SMB,2023-07-04,Two-Year,488.89
CUST_005832,Spain,Consumer,2023-12-21,Annual,146.07
CUST_005833,Germany,Enterprise,2025-07-13,Monthly,299.77
CUST_005834,France,SMB,2025-04-26,Monthly,183.52
CUST_005835,Germany,Consumer,2025-01-17,Annual,60.58
CUST_005836,Spain,SMB,2021-11-27,Annual,400.88
CUST_005837,Italy,Consumer,2023-01-15,Annual,25.8
CUST_005838,Germany,Enterprise,2024-10-27,Annual,437.04
CUST_005839,Germany,Enterprise,2021-08-16,Monthly,401.39
CUST_005840,Spain,SMB,2024-05-26,Monthly,326.43
CUST_005841,Germany,Consumer,2022-10-17,Annual,303.75
CUST_005842,Germany,SMB,2023-10-26,Annual,425.92
CUST_005843,Spain,Consumer,2025-08-04,Annual,46.74
CUST_005844,France,Consumer,2025-05-02,Monthly,373.47
CUST_005845,Germany,Enterprise,2022-11-03,Two-Year,106.6
CUST_005846,Italy,Consumer,2024-07-19,Monthly,29.77
CUST_005847,Netherlands,Consumer,2021-01-20,Monthly,169.9
CUST_005848,Spain,Consumer,2024-08-01,Annual,177.04
CUST_005849,Spain,Enterprise,2021-09-09,Two-Year,112.46
CUST_005850,Italy,Enterprise,2025-07-20,Two-Year,361.2
CUST_005851,Netherlands,Consumer,2022-06-29,Monthly,288.28
CUST_005852,Italy,Consumer,2024-07-01,Monthly,461.63
CUST_005853,Spain,SMB,2024-05-01,Annual,385.61
CUST_005854,Spain,Consumer,2022-04-12,Annual,416.54
CUST_005855,Spain,Enterprise,2025-03-11,Annual,453.2
CUST_005856,Italy,Enterprise,2021-12-02,Monthly,407.05
CUST_005857,France,SMB,2025-07-02,Annual,76.71
CUST_005858,Germany,Consumer,2023-07-27,Monthly,109.03
CUST_005859,France,SMB,2023-05-03,Monthly,212.87
CUST_005860,Spain,Enterprise,2022-03-05,Annual,179.39
CUST_005861,France,Consumer,2021-01-16,Monthly,445.0
CUST_005862,Spain,Enterprise,2024-07-01,Annual,271.62
CUST_005863,France,Consumer,2024-08-30,Annual,440.45
CUST_005864,France,Enterprise,2025-03-19,Monthly,205.84
CUST_005865,France,SMB,2025-10-27,Monthly,455.12
CUST_005866,Germany,Consumer,2022-06-17,Two-Year,54.43
CUST_005867,Italy,Consumer,2023-11-02,Annual,233.86
CUST_005868,France,Consumer,2025-07-27,Two-Year,452.54
CUST_005869,Spain,Consumer,2023-11-02,Monthly,235.82
CUST_005870,Spain,Enterprise,2024-09-25,Annual,371.69
CUST_005871,France,Consumer,2024-07-26,Two-Year,193.22
CUST_005872,Spain,Enterprise,2025-12-10,Monthly,418.02
CUST_005873,Spain,Consumer,2022-09-14,Monthly,323.08
CUST_005874,Spain,SMB,2021-12-29,Two-Year,409.69
CUST_005875,Spain,Enterprise,2025-07-31,Monthly,277.51
CUST_005876,Germany,SMB,2023-04-23,Monthly,326.05
CUST_005877,France,Enterprise,2021-12-21,Two-Year,273.75
CUST_005878,Spain,Enterprise,2024-03-15,Monthly,292.31
CUST_005879,France,SMB,2025-04-05,Annual,350.8
CUST_005880,Spain,SMB,2024-10-25,Annual,78.01
CUST_005881,Germany,Consumer,2022-09-06,Annual,388.92
CUST_005882,Spain,Consumer,2025-07-24,Monthly,190.5
CUST_005883,Italy,Consumer,2021-03-15,Monthly,26.04
CUST_005884,Netherlands,SMB,2025-06-16,Annual,328.96
CUST_005885,Germany,SMB,2021-12-01,Annual,314.55
CUST_005886,Spain,SMB,2022-03-08,Monthly,368.39
CUST_005887,Spain,Enterprise,2022-07-28,Monthly,499.19
CUST_005888,Spain,Consumer,2023-02-11,Annual,241.5
CUST_005889,Italy,Enterprise,2021-03-29,Monthly,487.19
CUST_005890,Spain,Consumer,2024-08-04,Annual,297.34
CUST_005891,Netherlands,Consumer,2021-08-28,Two-Year,191.78
CUST_005892,France,SMB,2021-08-30,Monthly,345.34
CUST_005893,Germany,Consumer,2021-01-09,Two-Year,114.3
CUST_005894,Italy,SMB,2025-10-18,Annual,483.82
CUST_005895,Spain,SMB,2021-03-29,Annual,231.71
CUST_005896,Italy,SMB,2024-09-25,Two-Year,25.1
CUST_005897,Spain,Consumer,2024-03-03,Monthly,334.56
CUST_005898,Italy,Consumer,2025-02-22,Two-Year,77.76
CUST_005899,Germany,Consumer,2023-04-03,Monthly,62.68
CUST_005900,Spain,Consumer,2025-07-15,Monthly,31.31
CUST_005901,Italy,Consumer,2023-05-12,Annual,443.82
CUST_005902,Spain,Consumer,2021-11-21,Monthly,36.17
CUST_005903,Spain,SMB,2025-07-06,Annual,277.86
CUST_005904,Italy,Enterprise,2023-02-10,Monthly,254.93
CUST_005905,Germany,SMB,2021-01-12,Monthly,457.3
CUST_005906,Italy,Consumer,2024-04-04,Annual,457.35
CUST_005907,France,Consumer,2022-08-09,Monthly,462.02
CUST_005908,France,Consumer,2025-02-10,Monthly,212.0
CUST_005909,Spain,Consumer,2021-10-07,Monthly,247.28
CUST_005910,Spain,Consumer,2024-09-09,Two-Year,416.32
CUST_005911,Netherlands,Enterprise,2025-02-25,Annual,77.68
CUST_005912,Spain,SMB,2021-08-10,Annual,74.92
CUST_005913,Germany,Consumer,2023-12-05,Annual,462.43
CUST_005914,Spain,SMB,2024-03-24,Annual,34.13
CUST_005915,Spain,Enterprise,2025-08-11,Monthly,203.78
CUST_005916,France,Consumer,2022-06-21,Monthly,113.57
CUST_005917,Italy,SMB,2023-06-08,Annual,60.31
CUST_005918,Italy,Consumer,2023-01-13,Monthly,487.46
CUST_005919,Italy,Consumer,2022-11-14,Two-Year,99.66
CUST_005920,Spain,Enterprise,2025-12-21,Monthly,227.35
CUST_005921,Germany,Consumer,2024-04-12,Annual,142.96
CUST_005922,Spain,SMB,2021-10-14,Monthly,255.76
CUST_005923,France,Consumer,2025-04-28,Annual,388.11
CUST_005924,Germany,SMB,2021-07-10,Two-Year,336.66
CUST_005925,France,SMB,2025-05-20,Monthly,294.44
CUST_005926,Spain,Enterprise,2023-01-18,Monthly,265.13
CUST_005927,Italy,SMB,2024-05-19,Annual,83.29
CUST_005928,Italy,SMB,2025-04-27,Monthly,213.2
CUST_005929,Italy,Consumer,2025-05-11,Monthly,454.53
CUST_005930,Spain,Consumer,2021-10-24,Annual,413.85
CUST_005931,Netherlands,SMB,2023-01-11,Monthly,51.08
CUST_005932,Spain,Consumer,2021-05-26,Monthly,423.41
CUST_005933,Germany,Consumer,2024-03-20,Monthly,417.46
CUST_005934,Spain,Enterprise,2023-02-04,Monthly,404.94
CUST_005935,Spain,Consumer,2025-12-29,Two-Year,411.11
CUST_005936,France,Consumer,2024-02-29,Monthly,491.86
CUST_005937,Spain,Enterprise,2023-03-13,Monthly,46.5
CUST_005938,Germany,Consumer,2021-10-10,Annual,204.23
CUST_005939,France,SMB,2022-06-09,Annual,484.85
CUST_005940,Italy,Consumer,2025-01-09,Monthly,285.28
CUST_005941,France,Consumer,2021-09-19,Annual,347.5
CUST_005942,France,SMB,2025-03-25,Annual,193.69
CUST_005943,Spain,Consumer,2024-01-05,Monthly,121.71
CUST_005944,Italy,SMB,2023-08-13,Monthly,489.64
CUST_005945,Spain,Consumer,2023-05-21,Annual,193.59
CUST_005946,Spain,Consumer,2021-02-25,Monthly,289.22
CUST_005947,Spain,Consumer,2022-02-17,Monthly,137.03
CUST_005948,France,Consumer,2023-08-01,Annual,484.14
CUST_005949,Germany,Consumer,2023-06-06,Monthly,144.04
CUST_005950,France,SMB,2022-01-27,Monthly,458.69
CUST_005951,Germany,Consumer,2025-01-05,Monthly,160.07
CUST_005952,Germany,Consumer,2023-03-26,Two-Year,474.52
CUST_005953,Germany,Consumer,2022-12-10,Annual,196.32
CUST_005954,Spain,Consumer,2024-10-19,Monthly,438.59
CUST_005955,Germany,Consumer,2021-09-29,Monthly,307.92
CUST_005956,France,Enterprise,2021-04-10,Two-Year,74.64
CUST_005957,Germany,SMB,2022-08-13,Annual,161.9
CUST_005958,Spain,SMB,2021-01-01,Annual,385.23
CUST_005959,France,Consumer,2022-11-09,Monthly,340.42
CUST_005960,Germany,Consumer,2021-09-01,Monthly,190.93
CUST_005961,Spain,SMB,2024-04-19,Monthly,113.77
CUST_005962,Spain,Consumer,2021-03-24,Annual,417.84
CUST_005963,Germany,SMB,2022-01-13,Two-Year,318.74
CUST_005964,Germany,Enterprise,2022-04-21,Monthly,347.34
CUST_005965,France,Consumer,2023-12-26,Annual,249.95
CUST_005966,Spain,SMB,2023-01-09,Two-Year,188.16
CUST_005967,Italy,Consumer,2024-11-04,Two-Year,203.48
CUST_005968,Spain,Consumer,2024-11-24,Monthly,34.93
CUST_005969,France,Consumer,2022-12-05,Monthly,473.01
CUST_005970,Italy,SMB,2021-02-25,Two-Year,195.94
CUST_005971,Germany,Consumer,2025-10-20,Monthly,251.83
CUST_005972,Spain,SMB,2022-10-03,Monthly,191.43
CUST_005973,Germany,SMB,2023-09-09,Monthly,190.49
CUST_005974,Netherlands,Consumer,2025-08-25,Annual,349.09
CUST_005975,Netherlands,Consumer,2024-04-05,Monthly,341.77
CUST_005976,Spain,SMB,2023-11-19,Annual,408.91
CUST_005977,Italy,Consumer,2022-09-13,Two-Year,54.46
CUST_005978,Germany,Enterprise,2025-02-18,Annual,439.55
CUST_005979,Spain,Consumer,2021-12-22,Two-Year,479.21
CUST_005980,France,Enterprise,2023-06-02,Two-Year,494.77
CUST_005981,Germany,Consumer,2022-10-01,Annual,81.82
CUST_005982,Germany,Consumer,2021-06-27,Annual,253.61
CUST_005983,Italy,SMB,2022-05-22,Two-Year,470.74
CUST_005984,Germany,Consumer,2021-12-08,Annual,384.29
CUST_005985,France,Consumer,2021-06-15,Monthly,48.9
CUST_005986,Germany,Consumer,2024-10-16,Two-Year,437.75
CUST_005987,Spain,SMB,2024-07-22,Annual,422.5
CUST_005988,Germany,Consumer,2025-04-27,Two-Year,394.48
CUST_005989,Netherlands,Consumer,2021-02-25,Monthly,217.68
CUST_005990,Germany,Consumer,2023-05-04,Monthly,323.5
CUST_005991,Spain,Consumer,2024-04-21,Annual,363.64
CUST_005992,France,Enterprise,2023-06-19,Annual,210.39
CUST_005993,Netherlands,Consumer,2021-02-16,Monthly,396.32
CUST_005994,Netherlands,Consumer,2023-04-02,Two-Year,151.18
CUST_005995,France,Consumer,2021-08-15,Annual,108.14
CUST_005996,Germany,Consumer,2021-02-03,Monthly,432.27
CUST_005997,France,Enterprise,2024-08-27,Annual,182.87
CUST_005998,Italy,Consumer,2021-06-24,Monthly,47.25
CUST_005999,Italy,SMB,2022-06-30,Monthly,419.69
CUST_006000,Italy,Consumer,2025-12-17,Monthly,403.53
CUST_006001,Germany,SMB,2025-09-28,Monthly,405.15
CUST_006002,Spain,Consumer,2021-03-18,Two-Year,183.62
CUST_006003,France,Consumer,2023-01-03,Monthly,309.56
CUST_006004,Spain,Consumer,2022-09-30,Annual,26.68
CUST_006005,Spain,Consumer,2024-02-10,Annual,21.1
CUST_006006,Germany,Enterprise,2024-06-15,Monthly,144.45
CUST_006007,France,SMB,2021-05-18,Two-Year,272.15
CUST_006008,Italy,Consumer,2023-02-15,Monthly,308.15
CUST_006009,Italy,Consumer,2022-05-27,Annual,84.03
CUST_006010,Italy,SMB,2025-11-30,Annual,436.48
CUST_006011,Italy,Consumer,2022-06-18,Annual,480.59
CUST_006012,France,Consumer,2021-03-01,Monthly,77.22
CUST_006013,Spain,SMB,2024-02-14,Annual,415.45
CUST_006014,France,Consumer,2025-05-16,Two-Year,314.83
CUST_006015,Spain,Consumer,2025-02-09,Monthly,261.15
CUST_006016,Spain,Consumer,2021-09-04,Annual,254.75
CUST_006017,Spain,Consumer,2024-09-17,Monthly,379.92
CUST_006018,Italy,SMB,2022-01-10,Monthly,120.28
CUST_006019,France,SMB,2021-09-21,Monthly,312.3
CUST_006020,Netherlands,Enterprise,2023-08-23,Monthly,145.45
CUST_006021,Netherlands,Consumer,2025-01-10,Annual,60.88
CUST_006022,Italy,SMB,2025-05-11,Monthly,285.38
CUST_006023,Spain,Enterprise,2024-02-04,Monthly,148.93
CUST_006024,Italy,SMB,2023-01-27,Monthly,376.47
CUST_006025,Italy,Enterprise,2023-12-07,Monthly,332.2
CUST_006026,Italy,Enterprise,2022-06-21,Annual,127.67
CUST_006027,Spain,SMB,2021-09-05,Annual,433.55
CUST_006028,Spain,Enterprise,2023-01-04,Monthly,186.56
CUST_006029,Netherlands,SMB,2021-11-05,Monthly,360.35
CUST_006030,Spain,Consumer,2021-06-22,Monthly,148.32
CUST_006031,Germany,Enterprise,2024-09-26,Annual,114.37
CUST_006032,Germany,SMB,2025-03-11,Monthly,432.93
CUST_006033,Spain,Consumer,2024-09-29,Annual,460.96
CUST_006034,Spain,Consumer,2025-07-30,Annual,188.98
CUST_006035,Netherlands,Consumer,2023-06-05,Monthly,171.19
CUST_006036,Italy,Enterprise,2024-05-18,Monthly,357.23
CUST_006037,Netherlands,Consumer,2022-01-06,Monthly,129.13
CUST_006038,Spain,Consumer,2023-03-23,Monthly,434.82
CUST_006039,Spain,Consumer,2021-07-03,Monthly,24.09
CUST_006040,Germany,Consumer,2024-01-27,Two-Year,88.22
CUST_006041,Germany,Enterprise,2023-03-08,Monthly,77.94
CUST_006042,Spain,Consumer,2023-10-05,Monthly,172.56
CUST_006043,Italy,Consumer,2025-04-09,Annual,435.75
CUST_006044,Netherlands,Consumer,2021-04-05,Two-Year,327.2
CUST_006045,Germany,SMB,2023-03-24,Monthly,71.59
CUST_006046,Germany,SMB,2022-12-22,Annual,57.88
CUST_006047,Germany,Consumer,2024-09-13,Monthly,158.45
CUST_006048,Spain,Consumer,2024-04-14,Annual,317.52
CUST_006049,Spain,Enterprise,2024-08-08,Annual,305.0
CUST_006050,Germany,SMB,2025-03-29,Monthly,74.83
CUST_006051,Germany,SMB,2022-06-28,Monthly,385.18
CUST_006052,Germany,Consumer,2022-10-18,Monthly,323.49
CUST_006053,Italy,Enterprise,2022-09-26,Annual,491.87
CUST_006054,Spain,SMB,2025-02-04,Monthly,285.25
CUST_006055,Spain,Consumer,2023-04-29,Annual,177.12
CUST_006056,Spain,Enterprise,2024-10-14,Monthly,77.29
CUST_006057,Spain,Enterprise,2022-03-24,Annual,461.17
CUST_006058,France,SMB,2025-08-24,Monthly,38.08
CUST_006059,Italy,SMB,2023-06-03,Two-Year,187.39
CUST_006060,Italy,Consumer,2025-12-12,Monthly,274.75
CUST_006061,France,Consumer,2023-03-27,Monthly,293.5
CUST_006062,Germany,Consumer,2021-03-18,Monthly,299.52
CUST_006063,Spain,Consumer,2022-04-26,Annual,364.22
CUST_006064,Germany,Consumer,2023-03-10,Monthly,81.59
CUST_006065,Germany,Consumer,2021-08-31,Monthly,365.29
CUST_006066,Italy,Enterprise,2024-11-13,Monthly,446.97
CUST_006067,Germany,Consumer,2022-09-29,Monthly,34.61
CUST_006068,Spain,SMB,2025-02-12,Annual,37.19
CUST_006069,Spain,Consumer,2025-10-27,Monthly,495.86
CUST_006070,Spain,Consumer,2021-06-01,Annual,169.73
CUST_006071,Netherlands,Consumer,2022-05-25,Two-Year,238.43
CUST_006072,Spain,Consumer,2024-01-13,Annual,168.83
CUST_006073,Spain,Consumer,2025-04-30,Monthly,287.11
CUST_006074,Spain,Consumer,2025-06-29,Annual,361.51
CUST_006075,Italy,SMB,2021-12-21,Annual,384.78
CUST_006076,Germany,Consumer,2022-02-19,Monthly,190.59
CUST_006077,France,Consumer,2021-12-29,Monthly,145.08
CUST_006078,Germany,Consumer,2022-09-27,Monthly,282.38
CUST_006079,Spain,Consumer,2024-01-22,Monthly,204.44
CUST_006080,Italy,Consumer,2022-12-22,Monthly,318.61
CUST_006081,Spain,Consumer,2024-08-19,Monthly,313.55
CUST_006082,Spain,SMB,2022-12-22,Annual,449.34
CUST_006083,France,SMB,2023-12-13,Monthly,21.85
CUST_006084,Spain,Enterprise,2023-10-23,Monthly,68.89
CUST_006085,Spain,SMB,2022-04-08,Two-Year,397.64
CUST_006086,Italy,Consumer,2021-04-22,Monthly,300.11
CUST_006087,Germany,Consumer,2022-02-08,Monthly,50.0
CUST_006088,Spain,Consumer,2024-11-23,Monthly,472.43
CUST_006089,Germany,SMB,2024-09-26,Monthly,332.19
CUST_006090,France,Consumer,2021-08-13,Annual,253.28
CUST_006091,Spain,Consumer,2022-12-03,Monthly,394.2
CUST_006092,Spain,Enterprise,2025-01-25,Two-Year,306.09
CUST_006093,France,Consumer,2025-01-13,Two-Year,199.18
CUST_006094,France,Consumer,2021-02-01,Monthly,162.38
CUST_006095,Netherlands,Enterprise,2024-12-06,Annual,237.65
CUST_006096,Germany,Consumer,2024-12-08,Annual,248.12
CUST_006097,Spain,Consumer,2021-08-01,Annual,361.78
CUST_006098,Germany,Consumer,2022-10-11,Monthly,247.04
CUST_006099,France,Consumer,2021-04-08,Annual,28.8
CUST_006100,Spain,Enterprise,2024-04-12,Monthly,348.63
CUST_006101,France,SMB,2025-04-23,Monthly,53.41
CUST_006102,Spain,Consumer,2021-11-24,Two-Year,426.24
CUST_006103,Italy,Consumer,2022-10-05,Monthly,359.97
CUST_006104,Italy,Consumer,2023-09-08,Monthly,306.96
CUST_006105,Germany,SMB,2021-05-12,Monthly,238.0
CUST_006106,Netherlands,Consumer,2022-07-01,Two-Year,102.61
CUST_006107,Netherlands,Consumer,2022-02-01,Monthly,334.4
CUST_006108,Spain,SMB,2021-01-08,Monthly,72.56
CUST_006109,Germany,Enterprise,2024-05-05,Annual,310.18
CUST_006110,France,Enterprise,2024-08-17,Monthly,108.0
CUST_006111,Spain,SMB,2021-05-28,Monthly,306.5
CUST_006112,Germany,Consumer,2021-08-28,Annual,92.56
CUST_006113,Spain,SMB,2021-05-09,Two-Year,65.35
CUST_006114,Netherlands,Enterprise,2025-09-12,Annual,246.02
CUST_006115,Germany,Consumer,2023-11-06,Monthly,360.68
CUST_006116,Italy,Consumer,2023-09-20,Monthly,134.46
CUST_006117,Germany,Consumer,2021-06-07,Annual,258.9
CUST_006118,Spain,Enterprise,2021-01-04,Monthly,403.46
CUST_006119,Italy,Enterprise,2025-08-22,Annual,283.73
CUST_006120,Spain,SMB,2025-09-22,Monthly,306.62
CUST_006121,Spain,Consumer,2023-09-22,Two-Year,125.68
CUST_006122,Germany,Enterprise,2021-08-31,Monthly,79.76
CUST_006123,France,Consumer,2021-02-24,Two-Year,91.54
CUST_006124,Germany,Consumer,2025-03-03,Monthly,486.95
CUST_006125,Spain,SMB,2023-08-24,Annual,61.58
CUST_006126,Germany,SMB,2022-08-25,Monthly,92.72
CUST_006127,Spain,Enterprise,2021-01-23,Annual,118.73
CUST_006128,Spain,Consumer,2023-11-04,Monthly,398.21
CUST_006129,Germany,Consumer,2025-05-23,Monthly,211.02
CUST_006130,Spain,Consumer,2025-03-07,Monthly,399.63
CUST_006131,Spain,Consumer,2024-08-28,Monthly,221.09
CUST_006132,France,Enterprise,2021-04-02,Two-Year,401.47
CUST_006133,France,Consumer,2024-10-13,Annual,449.83
CUST_006134,Spain,Consumer,2024-05-26,Annual,234.7
CUST_006135,Germany,Consumer,2025-03-13,Monthly,493.46
CUST_006136,Spain,SMB,2021-09-29,Monthly,467.8
CUST_006137,Netherlands,Enterprise,2025-04-24,Monthly,27.37
CUST_006138,Spain,Consumer,2024-08-01,Monthly,290.79
CUST_006139,Spain,Consumer,2024-10-28,Annual,335.42
CUST_006140,Germany,Enterprise,2021-10-21,Annual,424.72
CUST_006141,Spain,Consumer,2025-04-11,Monthly,343.21
CUST_006142,Spain,Consumer,2021-02-10,Monthly,350.36
CUST_006143,Spain,Consumer,2022-02-11,Monthly,159.03
CUST_006144,France,Enterprise,2021-10-11,Monthly,413.86
CUST_006145,France,SMB,2022-02-28,Monthly,50.38
CUST_006146,France,Consumer,2024-02-17,Monthly,335.55
CUST_006147,Italy,Consumer,2025-08-17,Monthly,116.97
CUST_006148,Germany,Consumer,2025-12-05,Monthly,387.48
CUST_006149,Netherlands,Consumer,2021-07-18,Annual,399.32
CUST_006150,France,Consumer,2025-11-07,Two-Year,103.9
CUST_006151,Italy,Consumer,2021-07-19,Monthly,400.91
CUST_006152,France,Consumer,2024-09-23,Monthly,422.0
CUST_006153,Germany,Consumer,2021-12-02,Monthly,45.46
CUST_006154,Spain,Consumer,2025-02-14,Annual,226.4
CUST_006155,Germany,Consumer,2022-09-30,Annual,112.49
CUST_006156,Spain,SMB,2025-05-15,Annual,80.67
CUST_006157,Germany,Consumer,2023-09-17,Annual,405.71
CUST_006158,Spain,Enterprise,2023-08-23,Two-Year,160.73
CUST_006159,Spain,Enterprise,2023-03-16,Monthly,329.12
CUST_006160,Netherlands,Enterprise,2022-02-22,Monthly,21.77
CUST_006161,France,Consumer,2023-07-31,Monthly,58.14
CUST_006162,France,Consumer,2024-04-22,Monthly,312.92
CUST_006163,Germany,SMB,2021-09-13,Monthly,197.73
CUST_006164,France,Consumer,2021-09-16,Two-Year,442.26
CUST_006165,Italy,Consumer,2023-02-20,Annual,59.47
CUST_006166,France,Consumer,2025-02-28,Two-Year,319.4
CUST_006167,France,SMB,2022-10-07,Two-Year,357.38
CUST_006168,Germany,SMB,2023-01-23,Annual,313.39
CUST_006169,Germany,Consumer,2025-10-18,Two-Year,346.74
CUST_006170,France,Enterprise,2022-05-02,Annual,139.68
CUST_006171,Netherlands,SMB,2022-11-01,Monthly,388.24
CUST_006172,Germany,Consumer,2025-03-21,Annual,286.24
CUST_006173,Germany,Consumer,2023-08-05,Two-Year,398.26
CUST_006174,Germany,Consumer,2021-07-23,Annual,78.45
CUST_006175,Germany,Enterprise,2022-01-28,Annual,80.97
CUST_006176,Netherlands,SMB,2025-11-16,Monthly,209.85
CUST_006177,France,SMB,2025-01-20,Annual,207.13
CUST_006178,Germany,SMB,2025-10-02,Monthly,81.66
CUST_006179,Germany,Consumer,2023-05-27,Annual,58.98
CUST_006180,Germany,Enterprise,2024-01-17,Annual,58.77
CUST_006181,Spain,Enterprise,2021-09-09,Annual,45.14
CUST_006182,Germany,SMB,2024-07-24,Monthly,35.91
CUST_006183,Italy,Consumer,2023-11-06,Annual,407.72
CUST_006184,France,Consumer,2021-03-09,Monthly,468.79
CUST_006185,Spain,Consumer,2025-03-27,Monthly,224.32
CUST_006186,France,Consumer,2023-03-10,Monthly,109.64
CUST_006187,France,Consumer,2025-12-19,Annual,177.62
CUST_006188,Spain,SMB,2025-06-04,Monthly,412.89
CUST_006189,France,Enterprise,2023-02-07,Monthly,466.04
CUST_006190,France,Consumer,2021-01-22,Two-Year,134.57
CUST_006191,Italy,Consumer,2021-09-25,Monthly,34.69
CUST_006192,Spain,Consumer,2022-06-15,Two-Year,168.14
CUST_006193,Spain,Enterprise,2022-06-28,Monthly,204.98
CUST_006194,Germany,SMB,2022-10-09,Monthly,21.44
CUST_006195,Spain,Consumer,2025-10-10,Annual,347.08
CUST_006196,Germany,Consumer,2024-05-17,Monthly,79.76
CUST_006197,Italy,Consumer,2021-12-15,Two-Year,59.28
CUST_006198,Spain,Consumer,2024-07-11,Monthly,365.18
CUST_006199,Germany,Consumer,2021-04-14,Annual,389.98
CUST_006200,Netherlands,Consumer,2021-04-30,Monthly,108.33
CUST_006201,Germany,Consumer,2024-03-22,Annual,388.88
CUST_006202,Germany,Consumer,2022-02-02,Monthly,162.79
CUST_006203,France,Consumer,2023-03-10,Annual,167.9
CUST_006204,Spain,SMB,2025-02-16,Monthly,78.77
CUST_006205,Spain,Consumer,2022-12-11,Annual,128.73
CUST_006206,France,Consumer,2021-12-17,Monthly,38.61
CUST_006207,Germany,Enterprise,2025-12-30,Monthly,342.54
CUST_006208,Spain,Consumer,2022-06-08,Annual,428.66
CUST_006209,Spain,SMB,2024-04-18,Monthly,43.21
CUST_006210,Italy,Consumer,2021-10-24,Annual,142.6
CUST_006211,Spain,SMB,2021-10-23,Annual,186.18
CUST_006212,France,Consumer,2024-10-09,Monthly,208.42
CUST_006213,Germany,Consumer,2025-06-28,Annual,415.62
CUST_006214,France,Consumer,2021-02-19,Monthly,40.58
CUST_006215,Spain,SMB,2025-11-16,Annual,314.77
CUST_006216,Spain,SMB,2022-07-06,Monthly,275.49
CUST_006217,Germany,SMB,2025-12-06,Monthly,422.47
CUST_006218,France,Consumer,2023-08-31,Annual,166.81
CUST_006219,Spain,SMB,2024-10-30,Two-Year,68.87
CUST_006220,Germany,Consumer,2021-01-11,Two-Year,82.68
CUST_006221,Germany,Consumer,2021-10-16,Annual,322.68
CUST_006222,Spain,Consumer,2025-10-08,Monthly,281.96
CUST_006223,France,Consumer,2021-10-29,Monthly,304.3
CUST_006224,Spain,SMB,2025-05-07,Monthly,85.8
CUST_006225,Germany,Consumer,2021-08-05,Annual,40.4
CUST_006226,Spain,Consumer,2024-03-27,Monthly,291.92
CUST_006227,Germany,Enterprise,2022-11-10,Two-Year,58.91
CUST_006228,Germany,Enterprise,2023-03-13,Monthly,466.23
CUST_006229,Germany,Consumer,2024-07-22,Monthly,405.59
CUST_006230,Germany,Enterprise,2021-10-11,Annual,106.38
CUST_006231,Netherlands,Consumer,2022-09-21,Monthly,306.97
CUST_006232,Germany,Enterprise,2023-10-08,Monthly,83.37
CUST_006233,Italy,Consumer,2022-10-20,Annual,469.36
CUST_006234,Spain,Consumer,2022-03-13,Two-Year,302.94
CUST_006235,Germany,Enterprise,2021-03-22,Monthly,172.52
CUST_006236,Spain,Consumer,2024-03-11,Monthly,346.59
CUST_006237,Germany,SMB,2021-04-24,Monthly,21.22
CUST_006238,France,Consumer,2021-09-23,Annual,158.17
CUST_006239,Italy,Consumer,2022-03-10,Monthly,132.4
CUST_006240,France,Enterprise,2024-08-02,Annual,186.16
CUST_006241,France,Consumer,2021-08-12,Monthly,60.95
CUST_006242,Spain,Enterprise,2022-08-13,Two-Year,484.64
CUST_006243,Spain,Enterprise,2021-05-16,Annual,244.59
CUST_006244,Italy,Consumer,2023-07-06,Annual,431.08
CUST_006245,Spain,Consumer,2021-11-26,Monthly,48.57
CUST_006246,Spain,Consumer,2021-10-23,Monthly,425.52
CUST_006247,Netherlands,Consumer,2022-08-08,Monthly,333.46
CUST_006248,Netherlands,Consumer,2022-04-13,Annual,345.81
CUST_006249,France,Consumer,2021-03-31,Monthly,407.04
CUST_006250,Germany,SMB,2023-04-03,Monthly,272.52
CUST_006251,Italy,Consumer,2023-07-08,Monthly,324.33
CUST_006252,Spain,SMB,2023-04-17,Monthly,451.9
CUST_006253,Germany,Consumer,2023-03-19,Monthly,80.05
CUST_006254,Germany,Consumer,2025-12-31,Annual,46.72
CUST_006255,Netherlands,Consumer,2022-05-17,Annual,491.69
CUST_006256,Netherlands,Consumer,2022-09-05,Monthly,443.12
CUST_006257,France,SMB,2023-07-22,Annual,266.71
CUST_006258,Spain,Consumer,2021-06-04,Monthly,394.77
CUST_006259,Germany,SMB,2025-12-11,Two-Year,443.32
CUST_006260,Spain,SMB,2023-08-16,Annual,244.09
CUST_006261,Italy,Consumer,2024-06-25,Monthly,67.02
CUST_006262,Spain,Enterprise,2022-08-11,Annual,250.71
CUST_006263,Spain,Enterprise,2024-06-16,Monthly,188.66
CUST_006264,France,Consumer,2025-05-22,Monthly,31.11
CUST_006265,Germany,Enterprise,2023-11-23,Monthly,480.34
CUST_006266,Italy,Consumer,2022-01-20,Two-Year,363.58
CUST_006267,Spain,SMB,2024-06-03,Two-Year,397.19
CUST_006268,Italy,Consumer,2025-04-12,Annual,306.44
CUST_006269,Spain,SMB,2024-06-20,Annual,149.2
CUST_006270,Spain,SMB,2024-04-26,Monthly,300.66
CUST_006271,Germany,Enterprise,2023-04-27,Annual,346.53
CUST_006272,Spain,Enterprise,2021-12-10,Monthly,306.72
CUST_006273,France,Consumer,2024-08-05,Monthly,81.03
CUST_006274,Spain,SMB,2023-01-10,Two-Year,410.5
CUST_006275,Spain,Consumer,2022-02-26,Annual,162.83
CUST_006276,France,Consumer,2023-06-19,Two-Year,210.43
CUST_006277,Spain,Consumer,2021-02-10,Annual,284.34
CUST_006278,France,Enterprise,2023-08-11,Monthly,489.27
CUST_006279,France,SMB,2023-09-27,Annual,170.01
CUST_006280,Spain,Consumer,2022-12-27,Monthly,40.1
CUST_006281,Italy,Enterprise,2024-07-08,Two-Year,486.78
CUST_006282,Spain,SMB,2023-12-04,Monthly,479.59
CUST_006283,Germany,Consumer,2022-10-31,Annual,115.17
CUST_006284,Spain,Consumer,2024-08-01,Annual,417.94
CUST_006285,Italy,SMB,2021-08-02,Monthly,461.42
CUST_006286,France,SMB,2023-07-14,Monthly,26.24
CUST_006287,Germany,Consumer,2021-09-14,Monthly,382.28
CUST_006288,Netherlands,Consumer,2024-01-06,Monthly,106.35
CUST_006289,Germany,Consumer,2021-02-02,Two-Year,417.05
CUST_006290,Italy,Consumer,2025-04-19,Monthly,30.05
CUST_006291,France,Consumer,2021-02-27,Monthly,351.8
CUST_006292,Netherlands,Consumer,2023-06-28,Monthly,412.05
CUST_006293,Netherlands,Consumer,2024-05-01,Monthly,37.11
CUST_006294,Netherlands,SMB,2023-01-31,Monthly,383.39
CUST_006295,Spain,Consumer,2022-01-29,Two-Year,77.01
CUST_006296,Italy,Consumer,2022-03-29,Annual,57.96
CUST_006297,Italy,Consumer,2025-03-19,Two-Year,461.92
CUST_006298,France,Enterprise,2021-08-28,Monthly,463.05
CUST_006299,Spain,Consumer,2024-07-21,Monthly,375.75
CUST_006300,Netherlands,Consumer,2022-06-18,Monthly,447.3
CUST_006301,Spain,Consumer,2021-01-23,Monthly,28.02
CUST_006302,Germany,SMB,2023-01-12,Monthly,265.61
CUST_006303,Germany,Consumer,2021-06-22,Monthly,438.39
CUST_006304,Spain,Consumer,2024-10-27,Annual,448.53
CUST_006305,France,Enterprise,2024-11-05,Monthly,196.17
CUST_006306,Spain,SMB,2022-02-02,Annual,175.81
CUST_006307,France,Consumer,2024-11-12,Annual,355.99
CUST_006308,Italy,Consumer,2024-07-06,Annual,48.88
CUST_006309,Germany,Enterprise,2024-05-19,Monthly,394.65
CUST_006310,France,Enterprise,2021-05-25,Annual,139.85
CUST_006311,Spain,SMB,2021-08-22,Monthly,270.35
CUST_006312,Italy,SMB,2021-10-17,Monthly,112.42
CUST_006313,Netherlands,Enterprise,2025-02-02,Monthly,372.49
CUST_006314,Spain,Enterprise,2022-08-19,Monthly,479.11
CUST_006315,France,Consumer,2023-08-26,Monthly,279.6
CUST_006316,Germany,Enterprise,2023-05-08,Annual,476.34
CUST_006317,Germany,SMB,2025-12-31,Annual,212.99
CUST_006318,France,Consumer,2021-11-27,Monthly,157.47
CUST_006319,Germany,Consumer,2024-11-21,Monthly,422.53
CUST_006320,France,Consumer,2021-07-24,Monthly,38.21
CUST_006321,Spain,SMB,2025-11-21,Two-Year,154.96
CUST_006322,Germany,SMB,2023-10-31,Monthly,351.44
CUST_006323,Italy,Consumer,2022-04-27,Monthly,110.68
CUST_006324,Spain,SMB,2023-01-23,Monthly,447.42
CUST_006325,France,Consumer,2024-08-22,Annual,251.45
CUST_006326,Spain,Consumer,2023-01-30,Monthly,138.03
CUST_006327,Italy,Consumer,2021-05-04,Monthly,198.2
CUST_006328,France,SMB,2022-07-17,Monthly,156.2
CUST_006329,Germany,Consumer,2025-07-30,Annual,356.44
CUST_006330,Spain,Consumer,2022-11-09,Monthly,72.75
CUST_006331,Germany,Consumer,2023-06-16,Two-Year,429.76
CUST_006332,Netherlands,SMB,2021-12-03,Two-Year,91.43
CUST_006333,Germany,Enterprise,2021-02-19,Annual,155.58
CUST_006334,Germany,SMB,2022-05-10,Two-Year,320.82
CUST_006335,France,SMB,2025-05-05,Annual,190.02
CUST_006336,Germany,Consumer,2023-09-18,Monthly,264.83
CUST_006337,Germany,Consumer,2022-11-20,Annual,293.17
CUST_006338,Germany,Enterprise,2023-08-12,Annual,144.33
CUST_006339,Spain,Consumer,2025-01-23,Annual,276.61
CUST_006340,France,Consumer,2025-07-13,Annual,470.89
CUST_006341,Italy,Consumer,2022-08-04,Annual,21.19
CUST_006342,Netherlands,SMB,2025-03-01,Two-Year,306.19
CUST_006343,Italy,Consumer,2025-01-03,Monthly,173.7
CUST_006344,Germany,Consumer,2021-01-13,Annual,433.79
CUST_006345,Spain,SMB,2025-06-21,Annual,66.36
CUST_006346,France,Consumer,2022-02-24,Two-Year,49.1
CUST_006347,Netherlands,Consumer,2024-10-30,Monthly,214.35
CUST_006348,France,SMB,2025-06-09,Monthly,343.4
CUST_006349,Germany,Enterprise,2023-11-14,Monthly,23.1
CUST_006350,France,Consumer,2022-07-29,Monthly,409.39
CUST_006351,Italy,Consumer,2025-04-11,Monthly,181.53
CUST_006352,Netherlands,Consumer,2023-05-23,Monthly,461.72
CUST_006353,Italy,Consumer,2024-11-03,Monthly,454.77
CUST_006354,Germany,Enterprise,2024-05-17,Two-Year,386.63
CUST_006355,Spain,SMB,2022-08-10,Monthly,373.76
CUST_006356,Germany,Consumer,2023-09-20,Monthly,308.39
CUST_006357,Germany,SMB,2022-01-02,Annual,401.35
CUST_006358,Netherlands,Consumer,2021-01-09,Monthly,105.48
CUST_006359,Germany,Consumer,2024-06-13,Annual,412.21
CUST_006360,Germany,Enterprise,2022-01-13,Annual,291.3
CUST_006361,Germany,Consumer,2023-08-07,Monthly,395.35
CUST_006362,France,Consumer,2021-07-03,Monthly,257.02
CUST_006363,Germany,Enterprise,2024-04-10,Monthly,322.86
CUST_006364,Spain,Consumer,2021-11-03,Monthly,183.97
CUST_006365,Italy,Consumer,2022-03-31,Annual,223.72
CUST_006366,Germany,Consumer,2021-09-27,Monthly,195.09
CUST_006367,Germany,Consumer,2025-08-02,Monthly,375.48
CUST_006368,Spain,Consumer,2024-02-12,Monthly,116.26
CUST_006369,France,Consumer,2024-04-30,Monthly,466.65
CUST_006370,France,Consumer,2023-01-13,Monthly,418.06
CUST_006371,Italy,Consumer,2025-04-17,Annual,433.63
CUST_006372,Spain,SMB,2021-05-02,Monthly,458.71
CUST_006373,Netherlands,Enterprise,2023-01-26,Annual,229.29
CUST_006374,France,SMB,2021-05-31,Two-Year,448.12
CUST_006375,Spain,SMB,2024-06-27,Annual,233.17
CUST_006376,Spain,SMB,2025-10-02,Monthly,68.77
CUST_006377,Spain,Consumer,2024-10-31,Monthly,43.8
CUST_006378,Italy,Consumer,2021-10-10,Annual,50.52
CUST_006379,Spain,Consumer,2024-12-09,Annual,110.24
CUST_006380,Germany,Consumer,2022-04-09,Two-Year,192.71
CUST_006381,France,Enterprise,2022-09-29,Monthly,490.04
CUST_006382,Italy,Consumer,2023-11-15,Monthly,135.78
CUST_006383,France,Enterprise,2023-04-08,Monthly,458.24
CUST_006384,Italy,Consumer,2021-12-08,Two-Year,409.01
CUST_006385,Spain,Consumer,2023-08-26,Annual,433.34
CUST_006386,Italy,Consumer,2021-12-27,Two-Year,396.69
CUST_006387,Spain,Consumer,2024-08-04,Annual,487.08
CUST_006388,Spain,Consumer,2021-05-13,Two-Year,77.51
CUST_006389,Netherlands,SMB,2025-01-19,Annual,249.91
CUST_006390,Spain,Consumer,2025-11-26,Two-Year,184.56
CUST_006391,Spain,SMB,2024-09-25,Two-Year,156.43
CUST_006392,France,Enterprise,2024-01-12,Annual,234.48
CUST_006393,Germany,Consumer,2023-03-17,Two-Year,250.85
CUST_006394,Spain,Enterprise,2023-08-26,Annual,493.25
CUST_006395,France,Consumer,2023-07-25,Annual,147.05
CUST_006396,Italy,Consumer,2025-06-11,Annual,457.61
CUST_006397,Italy,Consumer,2021-08-21,Annual,100.15
CUST_006398,Spain,Consumer,2023-12-22,Annual,339.22
CUST_006399,France,Consumer,2023-10-02,Annual,166.6
CUST_006400,Italy,Consumer,2022-04-26,Monthly,480.98
CUST_006401,Spain,Enterprise,2023-01-24,Annual,324.61
CUST_006402,Spain,Consumer,2023-05-13,Two-Year,50.82
CUST_006403,Spain,SMB,2021-03-05,Annual,463.3
CUST_006404,Germany,Consumer,2023-05-23,Monthly,161.03
CUST_006405,Spain,Consumer,2021-11-08,Two-Year,465.15
CUST_006406,France,Consumer,2022-12-28,Annual,26.47
CUST_006407,Netherlands,Consumer,2022-05-24,Monthly,124.97
CUST_006408,Spain,Consumer,2024-10-08,Annual,153.63
CUST_006409,France,SMB,2025-10-20,Annual,350.23
CUST_006410,Spain,Consumer,2021-07-20,Annual,403.02
CUST_006411,Spain,Consumer,2022-04-14,Monthly,322.44
CUST_006412,Italy,SMB,2021-10-18,Monthly,49.77
CUST_006413,Germany,SMB,2023-06-02,Two-Year,228.15
CUST_006414,Netherlands,Enterprise,2022-11-11,Two-Year,257.11
CUST_006415,Germany,Consumer,2023-04-11,Monthly,192.19
CUST_006416,Spain,SMB,2021-05-10,Two-Year,221.38
CUST_006417,Germany,Consumer,2025-05-10,Monthly,251.66
CUST_006418,Spain,SMB,2025-12-08,Monthly,285.92
CUST_006419,Italy,Consumer,2025-07-23,Annual,322.86
CUST_006420,France,Consumer,2023-06-25,Monthly,120.86
CUST_006421,Germany,Enterprise,2024-05-02,Monthly,452.81
CUST_006422,Germany,SMB,2021-04-02,Two-Year,417.38
CUST_006423,France,SMB,2024-01-21,Annual,397.57
CUST_006424,Italy,Consumer,2024-01-16,Monthly,406.81
CUST_006425,Spain,SMB,2024-09-03,Monthly,272.22
CUST_006426,Spain,Consumer,2024-11-27,Annual,477.47
CUST_006427,Spain,Consumer,2021-01-01,Annual,195.66
CUST_006428,Germany,Consumer,2023-01-15,Monthly,221.59
CUST_006429,Germany,Consumer,2023-06-06,Monthly,411.81
CUST_006430,Spain,Consumer,2023-05-28,Annual,437.12
CUST_006431,Germany,SMB,2023-09-30,Annual,235.51
CUST_006432,Germany,Consumer,2024-07-03,Two-Year,427.05
CUST_006433,Spain,SMB,2023-12-09,Monthly,323.95
CUST_006434,Netherlands,Enterprise,2022-03-03,Two-Year,206.25
CUST_006435,France,Consumer,2024-04-27,Two-Year,454.64
CUST_006436,Germany,SMB,2023-12-28,Monthly,261.53
CUST_006437,Germany,Consumer,2022-01-01,Monthly,427.59
CUST_006438,Germany,Enterprise,2024-02-27,Annual,409.96
CUST_006439,Italy,Consumer,2023-08-11,Two-Year,66.38
CUST_006440,France,Consumer,2025-01-09,Monthly,438.14
CUST_006441,Germany,Consumer,2022-12-17,Monthly,97.96
CUST_006442,Netherlands,Enterprise,2025-06-16,Annual,410.65
CUST_006443,Italy,Consumer,2023-09-07,Annual,382.67
CUST_006444,Italy,SMB,2025-09-15,Monthly,373.84
CUST_006445,Spain,Consumer,2021-07-05,Monthly,462.02
CUST_006446,Spain,SMB,2021-08-19,Monthly,308.27
CUST_006447,France,Consumer,2022-02-03,Two-Year,182.53
CUST_006448,Germany,Consumer,2025-01-30,Annual,304.73
CUST_006449,France,Consumer,2023-07-15,Monthly,354.14
CUST_006450,Italy,Consumer,2024-05-18,Two-Year,195.02
CUST_006451,Spain,SMB,2021-02-05,Annual,142.06
CUST_006452,Spain,SMB,2022-11-08,Two-Year,255.05
CUST_006453,Germany,Consumer,2022-10-08,Monthly,451.19
CUST_006454,Spain,Consumer,2025-08-13,Monthly,322.62
CUST_006455,France,Consumer,2021-07-11,Monthly,450.68
CUST_006456,France,SMB,2025-04-20,Monthly,248.06
CUST_006457,Germany,SMB,2022-11-04,Annual,474.56
CUST_006458,France,Enterprise,2024-11-14,Annual,399.95
CUST_006459,Germany,Enterprise,2022-06-16,Monthly,190.2
CUST_006460,France,Consumer,2021-04-15,Annual,235.15
CUST_006461,Spain,Consumer,2024-05-25,Annual,498.93
CUST_006462,France,Enterprise,2021-11-20,Annual,477.78
CUST_006463,France,Consumer,2021-09-28,Monthly,216.92
CUST_006464,Spain,Consumer,2025-08-04,Two-Year,420.11
CUST_006465,France,Consumer,2022-02-18,Annual,456.67
CUST_006466,Italy,SMB,2025-11-29,Two-Year,140.84
CUST_006467,Spain,SMB,2022-09-29,Annual,268.45
CUST_006468,France,Enterprise,2022-05-22,Annual,383.4
CUST_006469,Netherlands,Consumer,2023-04-10,Monthly,56.89
CUST_006470,Italy,Consumer,2022-05-22,Annual,406.73
CUST_006471,Germany,Consumer,2025-08-21,Monthly,121.3
CUST_006472,France,SMB,2024-01-20,Two-Year,249.91
CUST_006473,Netherlands,Consumer,2024-09-18,Monthly,200.1
CUST_006474,France,Enterprise,2021-05-20,Monthly,375.28
CUST_006475,Spain,Consumer,2022-03-13,Annual,131.92
CUST_006476,Spain,SMB,2023-12-24,Annual,243.85
CUST_006477,Italy,SMB,2023-06-08,Annual,147.48
CUST_006478,Germany,Consumer,2025-11-04,Annual,46.31
CUST_006479,Spain,SMB,2024-08-13,Annual,424.89
CUST_006480,Germany,Consumer,2022-06-27,Two-Year,127.77
CUST_006481,Italy,SMB,2023-04-09,Monthly,131.56
CUST_006482,Germany,SMB,2024-09-18,Annual,42.44
CUST_006483,Italy,Consumer,2023-01-19,Two-Year,261.29
CUST_006484,France,Consumer,2023-08-17,Monthly,149.1
CUST_006485,Netherlands,Enterprise,2024-12-30,Monthly,291.44
CUST_006486,Italy,Enterprise,2022-06-09,Monthly,367.29
CUST_006487,Spain,SMB,2021-07-02,Annual,42.05
CUST_006488,France,Enterprise,2023-01-24,Annual,116.24
CUST_006489,Spain,Consumer,2022-02-05,Monthly,207.63
CUST_006490,Netherlands,Consumer,2023-10-04,Monthly,442.29
CUST_006491,Spain,Consumer,2025-04-07,Monthly,72.67
CUST_006492,France,Consumer,2024-10-22,Monthly,377.04
CUST_006493,Italy,Consumer,2024-08-24,Monthly,477.72
CUST_006494,Spain,SMB,2023-09-15,Annual,57.28
CUST_006495,Italy,Consumer,2025-06-10,Two-Year,179.84
CUST_006496,Spain,Consumer,2025-08-17,Annual,389.39
CUST_006497,Germany,SMB,2024-10-15,Two-Year,468.89
CUST_006498,Germany,SMB,2021-08-02,Two-Year,138.43
CUST_006499,Germany,Enterprise,2022-06-28,Annual,328.1
CUST_006500,France,Consumer,2025-10-15,Annual,371.15
CUST_006501,Netherlands,SMB,2021-05-13,Annual,213.93
CUST_006502,Germany,Consumer,2023-10-03,Annual,341.37
CUST_006503,France,Consumer,2024-03-12,Monthly,283.58
CUST_006504,Italy,SMB,2022-12-17,Monthly,469.84
CUST_006505,Italy,Consumer,2024-07-09,Annual,278.59
CUST_006506,Spain,SMB,2021-05-19,Two-Year,267.97
CUST_006507,Netherlands,Consumer,2022-02-05,Annual,341.26
CUST_006508,Spain,Consumer,2022-06-25,Monthly,93.1
CUST_006509,France,Consumer,2021-11-09,Annual,274.86
CUST_006510,France,Consumer,2023-03-11,Annual,44.33
CUST_006511,Italy,Consumer,2023-05-06,Annual,320.97
CUST_006512,Spain,Consumer,2025-09-08,Monthly,276.64
CUST_006513,Spain,Consumer,2023-06-06,Monthly,422.91
CUST_006514,Italy,SMB,2024-10-13,Monthly,402.9
CUST_006515,Spain,Consumer,2021-06-10,Two-Year,227.62
CUST_006516,Germany,SMB,2021-04-18,Monthly,336.32
CUST_006517,France,Consumer,2022-12-23,Two-Year,165.59
CUST_006518,France,Consumer,2022-08-22,Monthly,206.16
CUST_006519,Spain,Consumer,2025-08-14,Two-Year,57.45
CUST_006520,Germany,SMB,2023-06-17,Monthly,68.34
CUST_006521,Netherlands,Enterprise,2023-06-09,Annual,413.0
CUST_006522,Germany,Consumer,2025-04-02,Annual,486.53
CUST_006523,Spain,SMB,2025-04-30,Annual,254.83
CUST_006524,Spain,Consumer,2024-11-18,Annual,81.42
CUST_006525,Germany,Consumer,2023-03-11,Monthly,62.4
CUST_006526,Netherlands,Consumer,2022-01-30,Monthly,41.8
CUST_006527,Germany,Consumer,2021-03-06,Monthly,441.81
CUST_006528,Spain,Consumer,2021-04-03,Annual,232.26
CUST_006529,Germany,Consumer,2025-01-29,Annual,442.58
CUST_006530,Spain,Consumer,2021-08-30,Monthly,194.16
CUST_006531,Spain,Consumer,2023-01-28,Annual,302.27
CUST_006532,Netherlands,Consumer,2023-07-09,Monthly,343.44
CUST_006533,France,SMB,2023-10-13,Monthly,44.02
CUST_006534,Spain,Enterprise,2021-06-14,Monthly,347.17
CUST_006535,Germany,Consumer,2023-08-14,Annual,403.86
CUST_006536,Spain,Consumer,2022-04-02,Monthly,30.6
CUST_006537,Spain,Consumer,2022-09-15,Two-Year,48.23
CUST_006538,France,Enterprise,2025-02-08,Annual,270.6
CUST_006539,Germany,Consumer,2023-04-21,Annual,486.26
CUST_006540,France,Consumer,2023-01-04,Monthly,487.16
CUST_006541,Italy,Enterprise,2021-01-30,Annual,72.6
CUST_006542,Spain,Consumer,2025-12-24,Two-Year,385.22
CUST_006543,Netherlands,Consumer,2023-12-20,Annual,400.79
CUST_006544,Germany,Enterprise,2024-10-12,Monthly,440.94
CUST_006545,Spain,Enterprise,2023-03-03,Monthly,40.89
CUST_006546,Italy,Consumer,2022-04-29,Monthly,486.77
CUST_006547,Spain,Consumer,2022-05-14,Monthly,414.42
CUST_006548,France,Consumer,2021-01-14,Annual,311.69
CUST_006549,France,Consumer,2025-06-11,Monthly,52.08
CUST_006550,Spain,Consumer,2023-08-21,Annual,135.28
CUST_006551,Italy,Consumer,2022-10-06,Monthly,186.38
CUST_006552,Spain,SMB,2024-07-12,Annual,431.55
CUST_006553,Italy,SMB,2021-08-25,Two-Year,385.34
CUST_006554,Spain,Enterprise,2023-05-08,Monthly,471.55
CUST_006555,Spain,SMB,2023-03-09,Monthly,222.82
CUST_006556,Germany,Consumer,2025-07-14,Annual,460.06
CUST_006557,Italy,Consumer,2024-12-28,Monthly,449.94
CUST_006558,Spain,Consumer,2024-11-03,Annual,28.87
CUST_006559,Italy,Consumer,2022-04-20,Two-Year,134.84
CUST_006560,Spain,Consumer,2023-08-09,Annual,403.94
CUST_006561,Germany,SMB,2025-11-26,Two-Year,339.24
CUST_006562,Germany,Consumer,2021-02-04,Monthly,126.99
CUST_006563,Spain,Consumer,2024-04-04,Monthly,395.11
CUST_006564,Netherlands,Consumer,2022-09-10,Monthly,171.95
CUST_006565,Germany,Enterprise,2024-09-16,Annual,309.03
CUST_006566,France,SMB,2023-06-22,Monthly,468.64
CUST_006567,France,Consumer,2024-07-03,Monthly,135.02
CUST_006568,Germany,Consumer,2022-04-02,Two-Year,46.58
CUST_006569,France,Enterprise,2025-05-31,Monthly,336.87
CUST_006570,Italy,Consumer,2025-03-10,Monthly,369.64
CUST_006571,France,SMB,2024-03-10,Monthly,170.04
CUST_006572,Germany,SMB,2023-02-15,Monthly,244.84
CUST_006573,France,SMB,2021-10-05,Monthly,260.52
CUST_006574,France,Consumer,2022-01-08,Monthly,411.65
CUST_006575,Germany,Enterprise,2022-12-30,Monthly,352.68
CUST_006576,France,Consumer,2024-11-23,Annual,151.03
CUST_006577,Germany,Consumer,2025-09-25,Monthly,151.05
CUST_006578,Italy,Consumer,2024-01-16,Annual,175.98
CUST_006579,Netherlands,Consumer,2025-09-10,Annual,90.06
CUST_006580,Netherlands,Consumer,2021-12-26,Annual,84.45
CUST_006581,Italy,SMB,2024-09-18,Two-Year,412.36
CUST_006582,France,Enterprise,2023-08-31,Monthly,419.22
CUST_006583,France,Consumer,2021-09-14,Monthly,144.84
CUST_006584,Spain,SMB,2024-06-22,Monthly,428.19
CUST_006585,Germany,Enterprise,2025-07-08,Monthly,293.95
CUST_006586,Spain,Consumer,2023-03-30,Annual,361.84
CUST_006587,Spain,SMB,2022-04-12,Annual,442.61
CUST_006588,Netherlands,Enterprise,2022-07-07,Monthly,168.01
CUST_006589,Italy,SMB,2024-01-03,Monthly,337.87
CUST_006590,Germany,Consumer,2024-06-13,Two-Year,168.1
CUST_006591,Spain,Enterprise,2022-01-31,Annual,453.4
CUST_006592,France,SMB,2024-06-08,Monthly,163.8
CUST_006593,Germany,Consumer,2024-09-26,Two-Year,320.16
CUST_006594,Italy,Consumer,2021-01-31,Annual,111.69
CUST_006595,Netherlands,Consumer,2022-12-03,Monthly,197.49
CUST_006596,Germany,Consumer,2022-03-04,Monthly,188.67
CUST_006597,Spain,Consumer,2024-12-19,Annual,380.16
CUST_006598,Spain,Consumer,2024-03-26,Monthly,157.57
CUST_006599,Spain,SMB,2023-09-02,Two-Year,177.16
CUST_006600,Germany,SMB,2022-02-14,Annual,24.52
CUST_006601,Spain,Consumer,2023-05-30,Annual,171.6
CUST_006602,Spain,Consumer,2025-10-24,Annual,150.63
CUST_006603,Spain,Consumer,2025-12-22,Two-Year,281.41
CUST_006604,Spain,Consumer,2021-10-25,Monthly,212.85
CUST_006605,France,SMB,2023-06-04,Monthly,490.63
CUST_006606,Spain,Consumer,2024-09-28,Annual,282.14
CUST_006607,Italy,Enterprise,2022-06-28,Monthly,54.92
CUST_006608,Spain,Consumer,2025-12-28,Annual,408.55
CUST_006609,Spain,Consumer,2023-05-02,Annual,45.57
CUST_006610,Spain,Enterprise,2022-09-25,Monthly,421.87
CUST_006611,France,Consumer,2025-09-16,Monthly,214.63
CUST_006612,Spain,Consumer,2024-01-07,Annual,49.6
CUST_006613,Germany,Consumer,2021-04-24,Monthly,489.14
CUST_006614,Spain,SMB,2021-07-13,Monthly,257.8
CUST_006615,Netherlands,Consumer,2025-11-26,Monthly,430.31
CUST_006616,Spain,SMB,2024-02-10,Monthly,221.87
CUST_006617,Germany,SMB,2025-05-08,Annual,241.57
CUST_006618,Italy,Enterprise,2025-12-09,Two-Year,193.93
CUST_006619,Spain,SMB,2024-09-21,Annual,197.08
CUST_006620,Spain,SMB,2025-11-12,Annual,400.86
CUST_006621,Italy,SMB,2025-10-09,Monthly,34.78
CUST_006622,Spain,Consumer,2023-01-22,Two-Year,255.13
CUST_006623,Spain,SMB,2024-03-12,Two-Year,147.47
CUST_006624,Germany,SMB,2025-02-07,Annual,287.23
CUST_006625,Spain,Consumer,2025-09-27,Monthly,123.3
CUST_006626,Netherlands,SMB,2025-02-18,Monthly,187.4
CUST_006627,France,Consumer,2025-01-14,Monthly,275.96
CUST_006628,France,Consumer,2022-08-21,Monthly,376.07
CUST_006629,Spain,Consumer,2023-02-22,Monthly,474.07
CUST_006630,France,Consumer,2025-02-11,Two-Year,136.7
CUST_006631,France,Consumer,2021-08-20,Monthly,251.8
CUST_006632,Spain,Consumer,2021-10-24,Monthly,187.35
CUST_006633,Italy,Consumer,2024-12-09,Two-Year,310.9
CUST_006634,France,Consumer,2025-11-23,Two-Year,195.91
CUST_006635,Italy,Consumer,2023-02-03,Monthly,66.55
CUST_006636,Spain,Consumer,2025-04-27,Monthly,314.91
CUST_006637,Spain,Enterprise,2022-10-11,Annual,37.07
CUST_006638,France,SMB,2023-07-22,Two-Year,40.66
CUST_006639,Italy,Consumer,2025-11-14,Annual,444.43
CUST_006640,Germany,Consumer,2022-12-05,Monthly,437.73
CUST_006641,Spain,Consumer,2025-06-03,Annual,290.1
CUST_006642,Italy,Consumer,2025-09-24,Annual,28.64
CUST_006643,Spain,Consumer,2024-09-09,Monthly,184.69
CUST_006644,Germany,SMB,2021-05-10,Monthly,186.21
CUST_006645,France,SMB,2025-10-21,Two-Year,366.03
CUST_006646,Spain,Consumer,2023-06-30,Annual,409.72
CUST_006647,Spain,SMB,2022-06-13,Monthly,190.03
CUST_006648,Spain,Consumer,2023-06-09,Annual,222.43
CUST_006649,Netherlands,SMB,2023-03-16,Annual,127.84
CUST_006650,Germany,Enterprise,2022-11-28,Monthly,369.4
CUST_006651,France,Consumer,2024-05-22,Monthly,187.59
CUST_006652,Netherlands,SMB,2021-07-25,Monthly,358.63
CUST_006653,France,SMB,2024-03-01,Two-Year,359.31
CUST_006654,Germany,Consumer,2022-04-05,Monthly,94.98
CUST_006655,Germany,Consumer,2024-12-16,Annual,445.03
CUST_006656,Germany,SMB,2025-12-01,Annual,415.77
CUST_006657,France,Consumer,2023-05-14,Two-Year,299.85
CUST_006658,Netherlands,Consumer,2025-01-15,Two-Year,61.44
CUST_006659,Italy,SMB,2022-08-09,Two-Year,100.28
CUST_006660,Germany,Consumer,2025-03-11,Two-Year,64.25
CUST_006661,Germany,Consumer,2023-09-02,Monthly,242.54
CUST_006662,Italy,Enterprise,2023-07-20,Monthly,147.45
CUST_006663,Spain,Consumer,2021-07-05,Monthly,418.78
CUST_006664,Italy,Consumer,2024-04-23,Annual,229.26
CUST_006665,Spain,SMB,2024-12-15,Monthly,237.01
CUST_006666,France,Consumer,2023-07-12,Monthly,462.52
CUST_006667,Italy,SMB,2021-10-19,Monthly,297.33
CUST_006668,Germany,SMB,2024-05-21,Annual,205.93
CUST_006669,Spain,Consumer,2024-02-17,Monthly,492.06
CUST_006670,Italy,Consumer,2025-04-26,Monthly,241.97
CUST_006671,Germany,Enterprise,2025-10-11,Annual,298.25
CUST_006672,Germany,Enterprise,2022-03-19,Annual,203.36
CUST_006673,Germany,Consumer,2022-06-18,Two-Year,341.22
CUST_006674,Germany,Consumer,2025-10-03,Annual,392.39
CUST_006675,France,Consumer,2021-08-05,Annual,321.75
CUST_006676,Spain,Enterprise,2025-07-27,Monthly,139.24
CUST_006677,Germany,SMB,2021-10-09,Monthly,472.3
CUST_006678,Italy,Consumer,2023-02-05,Annual,265.62
CUST_006679,Spain,Enterprise,2021-09-10,Monthly,416.49
CUST_006680,Germany,Consumer,2025-11-19,Annual,24.24
CUST_006681,France,Consumer,2023-07-03,Two-Year,268.53
CUST_006682,Italy,SMB,2025-05-31,Monthly,469.08
CUST_006683,France,Consumer,2021-02-27,Annual,350.34
CUST_006684,Italy,SMB,2021-03-15,Monthly,74.81
CUST_006685,Spain,Consumer,2023-08-31,Monthly,360.79
CUST_006686,Germany,SMB,2021-03-18,Monthly,27.21
CUST_006687,Netherlands,Enterprise,2023-09-21,Annual,196.97
CUST_006688,Italy,Consumer,2024-07-15,Two-Year,133.62
CUST_006689,France,Consumer,2023-06-11,Monthly,140.91
CUST_006690,Germany,SMB,2024-12-01,Annual,39.91
CUST_006691,Germany,Consumer,2021-07-06,Monthly,316.22
CUST_006692,Spain,SMB,2022-03-31,Monthly,376.11
CUST_006693,Italy,Consumer,2021-10-20,Annual,160.08
CUST_006694,Italy,Consumer,2023-06-30,Annual,301.69
CUST_006695,Germany,Enterprise,2022-12-25,Annual,258.75
CUST_006696,Spain,Consumer,2023-09-12,Two-Year,496.71
CUST_006697,Germany,Consumer,2021-10-07,Monthly,409.92
CUST_006698,Spain,Consumer,2023-03-25,Annual,474.1
CUST_006699,France,SMB,2024-10-29,Monthly,415.68
CUST_006700,France,Enterprise,2021-05-07,Annual,335.68
CUST_006701,Spain,Consumer,2024-12-08,Monthly,54.16
CUST_006702,France,Consumer,2022-02-04,Monthly,431.79
CUST_006703,Netherlands,Consumer,2025-05-05,Annual,385.29
CUST_006704,Spain,SMB,2025-01-27,Monthly,155.44
CUST_006705,Germany,Consumer,2023-03-28,Annual,149.3
CUST_006706,Germany,Consumer,2021-05-14,Two-Year,271.64
CUST_006707,Spain,Consumer,2022-12-05,Monthly,155.84
CUST_006708,Germany,Consumer,2024-02-11,Annual,485.9
CUST_006709,France,SMB,2022-09-12,Two-Year,112.91
CUST_006710,Spain,Consumer,2024-03-03,Annual,93.62
CUST_006711,Spain,Consumer,2025-02-12,Monthly,40.89
CUST_006712,Italy,Consumer,2025-10-13,Annual,285.24
CUST_006713,Germany,Consumer,2022-12-28,Annual,375.36
CUST_006714,France,Consumer,2025-12-09,Annual,301.44
CUST_006715,France,Consumer,2022-03-31,Annual,119.97
CUST_006716,Italy,Consumer,2025-09-22,Monthly,463.25
CUST_006717,France,Consumer,2021-09-18,Annual,202.06
CUST_006718,Italy,Consumer,2023-09-16,Monthly,87.58
CUST_006719,France,SMB,2024-05-13,Two-Year,111.71
CUST_006720,Germany,Consumer,2021-03-18,Annual,230.34
CUST_006721,Germany,Consumer,2023-03-22,Two-Year,281.3
CUST_006722,Germany,SMB,2022-05-22,Monthly,308.7
CUST_006723,Germany,Consumer,2025-01-29,Monthly,55.15
CUST_006724,Spain,Consumer,2023-05-19,Monthly,436.4
CUST_006725,Germany,SMB,2021-07-09,Monthly,181.49
CUST_006726,Germany,Consumer,2021-03-13,Monthly,144.51
CUST_006727,Spain,Enterprise,2021-02-13,Annual,350.03
CUST_006728,Spain,Consumer,2021-03-09,Monthly,314.51
CUST_006729,Italy,Enterprise,2023-06-05,Two-Year,496.55
CUST_006730,France,SMB,2022-08-15,Monthly,216.97
CUST_006731,Italy,Consumer,2022-01-16,Monthly,107.96
CUST_006732,Germany,Consumer,2022-12-09,Annual,486.93
CUST_006733,Italy,SMB,2023-03-10,Monthly,251.37
CUST_006734,Italy,Consumer,2023-11-27,Annual,337.53
CUST_006735,Spain,Consumer,2023-06-29,Annual,40.31
CUST_006736,Netherlands,Enterprise,2025-08-31,Annual,181.23
CUST_006737,Spain,SMB,2022-11-15,Annual,493.87
CUST_006738,France,Enterprise,2022-12-16,Annual,482.9
CUST_006739,Italy,SMB,2023-01-23,Two-Year,492.39
CUST_006740,Germany,SMB,2021-03-29,Monthly,415.49
CUST_006741,France,SMB,2024-09-30,Monthly,260.24
CUST_006742,Germany,SMB,2023-09-14,Annual,294.57
CUST_006743,Spain,Enterprise,2022-12-30,Monthly,55.93
CUST_006744,Spain,SMB,2022-10-16,Annual,400.77
CUST_006745,Spain,Consumer,2023-08-06,Annual,379.55
CUST_006746,Spain,Consumer,2025-07-04,Monthly,359.98
CUST_006747,France,Consumer,2022-12-29,Monthly,203.63
CUST_006748,Germany,Enterprise,2023-02-27,Annual,147.61
CUST_006749,Germany,SMB,2021-09-01,Monthly,408.76
CUST_006750,France,Consumer,2022-08-11,Monthly,487.78
CUST_006751,Spain,Consumer,2024-09-30,Annual,223.27
CUST_006752,Spain,Consumer,2024-08-14,Annual,46.65
CUST_006753,Italy,Consumer,2025-01-10,Annual,452.35
CUST_006754,Netherlands,SMB,2023-06-20,Monthly,350.93
CUST_006755,Germany,SMB,2025-07-02,Monthly,342.28
CUST_006756,Spain,Consumer,2023-10-11,Annual,473.24
CUST_006757,Italy,Consumer,2021-08-27,Monthly,341.84
CUST_006758,Italy,Consumer,2021-10-05,Two-Year,316.4
CUST_006759,Germany,Consumer,2023-06-26,Annual,360.85
CUST_006760,Spain,Enterprise,2022-11-17,Monthly,252.29
CUST_006761,Spain,Enterprise,2021-07-15,Annual,157.75
CUST_006762,France,SMB,2021-03-26,Two-Year,140.86
CUST_006763,Netherlands,Consumer,2024-02-04,Two-Year,368.6
CUST_006764,France,Consumer,2024-10-10,Annual,136.45
CUST_006765,Germany,Enterprise,2022-02-06,Monthly,466.95
CUST_006766,France,Enterprise,2022-03-25,Annual,213.44
CUST_006767,Italy,Consumer,2023-09-04,Annual,324.11
CUST_006768,Germany,SMB,2021-08-09,Annual,40.54
CUST_006769,Italy,Consumer,2025-03-10,Monthly,235.49
CUST_006770,Germany,Consumer,2023-12-13,Two-Year,211.79
CUST_006771,Germany,Enterprise,2022-10-23,Annual,382.24
CUST_006772,France,Enterprise,2023-11-25,Monthly,46.6
CUST_006773,Germany,Enterprise,2021-10-25,Monthly,213.13
CUST_006774,Netherlands,Consumer,2022-07-31,Monthly,431.9
CUST_006775,Germany,Consumer,2023-08-30,Monthly,340.88
CUST_006776,Germany,Enterprise,2025-10-24,Monthly,393.16
CUST_006777,Germany,SMB,2025-03-21,Annual,386.37
CUST_006778,Germany,Consumer,2024-03-06,Monthly,337.73
CUST_006779,Germany,Consumer,2022-09-05,Monthly,207.82
CUST_006780,France,Consumer,2025-08-19,Monthly,211.71
CUST_006781,Germany,SMB,2021-08-23,Monthly,44.57
CUST_006782,Germany,Enterprise,2022-07-03,Monthly,113.6
CUST_006783,France,Consumer,2023-02-24,Monthly,287.88
CUST_006784,Spain,Consumer,2023-10-05,Annual,449.64
CUST_006785,France,Consumer,2024-05-15,Monthly,313.87
CUST_006786,Germany,Consumer,2023-01-26,Annual,205.78
CUST_006787,Germany,Consumer,2025-09-18,Monthly,419.33
CUST_006788,France,Consumer,2023-01-25,Monthly,235.41
CUST_006789,Italy,SMB,2024-02-24,Monthly,144.74
CUST_006790,Italy,Consumer,2021-03-29,Monthly,58.43
CUST_006791,Germany,SMB,2021-10-15,Annual,417.7
CUST_006792,Germany,Consumer,2022-02-06,Annual,315.67
CUST_006793,France,Consumer,2021-01-03,Annual,298.79
CUST_006794,France,Consumer,2025-05-07,Monthly,365.92
CUST_006795,France,SMB,2024-02-15,Monthly,310.42
CUST_006796,France,Consumer,2025-04-01,Two-Year,188.25
CUST_006797,Italy,Consumer,2022-08-31,Monthly,316.44
CUST_006798,Spain,Consumer,2021-07-11,Monthly,87.22
CUST_006799,France,Consumer,2022-08-22,Monthly,162.16
CUST_006800,Spain,Consumer,2021-02-03,Two-Year,277.91
CUST_006801,Germany,Consumer,2022-07-09,Two-Year,53.19
CUST_006802,France,Consumer,2021-07-06,Monthly,414.46
CUST_006803,Germany,Consumer,2022-01-26,Monthly,41.43
CUST_006804,Germany,SMB,2024-03-12,Annual,198.74
CUST_006805,Italy,Consumer,2025-10-23,Monthly,238.11
CUST_006806,Italy,Enterprise,2022-03-14,Monthly,346.74
CUST_006807,Germany,SMB,2025-11-30,Monthly,94.34
CUST_006808,Netherlands,Consumer,2024-10-24,Monthly,414.26
CUST_006809,Germany,SMB,2021-08-08,Monthly,224.53
CUST_006810,Italy,Consumer,2021-01-11,Annual,140.55
CUST_006811,Spain,Enterprise,2021-07-26,Annual,67.2
CUST_006812,Spain,Enterprise,2024-07-31,Annual,464.15
CUST_006813,Germany,SMB,2024-05-09,Monthly,213.62
CUST_006814,Spain,Consumer,2025-06-07,Monthly,203.04
CUST_006815,Germany,Enterprise,2023-08-18,Two-Year,106.52
CUST_006816,Spain,SMB,2021-03-23,Monthly,263.04
CUST_006817,France,Enterprise,2025-12-31,Monthly,173.54
CUST_006818,Spain,Consumer,2025-05-03,Monthly,99.64
CUST_006819,Spain,Enterprise,2024-08-01,Monthly,381.38
CUST_006820,Netherlands,SMB,2025-08-04,Monthly,451.17
CUST_006821,France,Consumer,2022-05-26,Monthly,189.1
CUST_006822,Netherlands,Enterprise,2023-09-06,Annual,157.52
CUST_006823,Germany,SMB,2023-08-31,Monthly,199.22
CUST_006824,Spain,Enterprise,2022-06-04,Annual,463.92
CUST_006825,France,Consumer,2025-12-24,Annual,300.13
CUST_006826,France,Consumer,2023-10-25,Monthly,99.64
CUST_006827,Spain,SMB,2025-08-06,Annual,323.59
CUST_006828,Italy,Consumer,2022-07-22,Two-Year,212.6
CUST_006829,France,SMB,2023-06-24,Monthly,28.36
CUST_006830,France,SMB,2025-09-01,Annual,485.57
CUST_006831,Germany,Consumer,2021-11-24,Annual,75.15
CUST_006832,France,SMB,2023-09-20,Annual,218.48
CUST_006833,Spain,Consumer,2024-12-25,Monthly,335.67
CUST_006834,Netherlands,SMB,2024-12-29,Monthly,301.29
CUST_006835,Germany,Enterprise,2024-10-04,Monthly,22.02
CUST_006836,Spain,Consumer,2024-01-19,Monthly,311.79
CUST_006837,Spain,Consumer,2021-01-13,Monthly,369.09
CUST_006838,France,Consumer,2022-06-11,Two-Year,427.67
CUST_006839,Netherlands,Consumer,2024-12-22,Monthly,108.29
CUST_006840,Italy,Enterprise,2023-07-03,Monthly,37.64
CUST_006841,France,Consumer,2022-10-18,Monthly,473.3
CUST_006842,Netherlands,Consumer,2025-05-26,Monthly,346.61
CUST_006843,France,Consumer,2022-09-19,Annual,238.38
CUST_006844,Germany,SMB,2022-12-01,Annual,368.02
CUST_006845,France,SMB,2023-01-09,Monthly,95.4
CUST_006846,Spain,Consumer,2022-09-16,Monthly,480.03
CUST_006847,Spain,Consumer,2023-07-13,Monthly,334.04
CUST_006848,Germany,Consumer,2025-10-13,Two-Year,440.94
CUST_006849,Spain,Consumer,2025-12-26,Monthly,287.22
CUST_006850,Netherlands,Consumer,2022-09-02,Monthly,404.39
CUST_006851,Netherlands,SMB,2022-11-07,Monthly,177.28
CUST_006852,Germany,Consumer,2025-04-19,Monthly,83.88
CUST_006853,France,Consumer,2023-11-17,Monthly,189.83
CUST_006854,Germany,SMB,2021-11-22,Two-Year,450.52
CUST_006855,Spain,SMB,2023-10-01,Monthly,355.08
CUST_006856,Germany,Consumer,2024-12-16,Monthly,239.0
CUST_006857,Spain,Consumer,2023-01-07,Monthly,132.9
CUST_006858,Germany,SMB,2024-01-29,Monthly,307.06
CUST_006859,Spain,Consumer,2024-11-15,Two-Year,304.59
CUST_006860,Spain,SMB,2021-08-08,Annual,274.84
CUST_006861,Spain,SMB,2025-11-15,Two-Year,374.15
CUST_006862,Netherlands,Enterprise,2021-04-27,Two-Year,136.55
CUST_006863,Spain,Consumer,2021-07-27,Annual,265.27
CUST_006864,Germany,Consumer,2022-06-29,Annual,168.03
CUST_006865,Germany,Enterprise,2021-02-06,Annual,118.69
CUST_006866,Germany,Consumer,2024-04-15,Annual,179.74
CUST_006867,Germany,Consumer,2023-08-18,Annual,405.41
CUST_006868,Spain,Consumer,2022-10-20,Annual,74.67
CUST_006869,France,Consumer,2025-12-09,Monthly,152.23
CUST_006870,France,SMB,2022-05-11,Annual,275.85
CUST_006871,France,Enterprise,2025-05-25,Monthly,212.46
CUST_006872,France,SMB,2023-11-29,Annual,417.28
CUST_006873,Germany,Consumer,2024-06-19,Annual,394.04
CUST_006874,Germany,Enterprise,2025-10-06,Annual,345.4
CUST_006875,Spain,SMB,2022-04-09,Annual,155.6
CUST_006876,Germany,Consumer,2021-08-11,Annual,30.19
CUST_006877,Spain,SMB,2024-12-18,Annual,170.67
CUST_006878,Germany,Consumer,2024-03-23,Monthly,308.46
CUST_006879,France,Consumer,2021-12-27,Monthly,68.69
CUST_006880,Spain,SMB,2025-07-25,Monthly,415.32
CUST_006881,Spain,Consumer,2024-08-03,Monthly,493.57
CUST_006882,France,Consumer,2023-09-16,Monthly,374.03
CUST_006883,Germany,SMB,2021-08-30,Annual,219.01
CUST_006884,Italy,Consumer,2025-10-27,Annual,402.66
CUST_006885,Netherlands,Consumer,2023-08-18,Monthly,150.85
CUST_006886,Netherlands,Consumer,2023-12-28,Two-Year,477.97
CUST_006887,Germany,SMB,2021-02-19,Monthly,195.97
CUST_006888,Spain,Enterprise,2024-05-13,Annual,351.15
CUST_006889,France,Consumer,2025-03-06,Monthly,29.08
CUST_006890,France,SMB,2024-12-15,Annual,322.75
CUST_006891,France,Consumer,2022-11-20,Monthly,162.09
CUST_006892,Germany,Consumer,2021-12-31,Monthly,69.02
CUST_006893,Spain,Consumer,2023-03-21,Monthly,228.1
CUST_006894,Spain,Consumer,2023-10-20,Annual,70.81
CUST_006895,Spain,Consumer,2022-05-07,Two-Year,108.83
CUST_006896,Spain,SMB,2024-01-27,Annual,449.67
CUST_006897,Netherlands,SMB,2025-08-16,Annual,50.46
CUST_006898,Spain,Enterprise,2021-08-08,Monthly,320.0
CUST_006899,France,Enterprise,2022-03-26,Annual,48.94
CUST_006900,Netherlands,Consumer,2023-04-12,Annual,364.66
CUST_006901,Germany,Consumer,2021-11-13,Monthly,489.39
CUST_006902,Germany,Consumer,2024-11-08,Monthly,226.17
CUST_006903,France,Consumer,2021-04-22,Monthly,484.71
CUST_006904,Germany,Enterprise,2021-03-16,Monthly,327.91
CUST_006905,Germany,Consumer,2022-10-07,Monthly,305.82
CUST_006906,Italy,Consumer,2023-01-26,Annual,102.16
CUST_006907,France,Consumer,2024-07-12,Annual,477.13
CUST_006908,Italy,Enterprise,2021-09-24,Monthly,433.54
CUST_006909,Netherlands,Consumer,2024-12-02,Two-Year,83.24
CUST_006910,Germany,SMB,2021-11-17,Annual,33.75
CUST_006911,France,Consumer,2025-09-29,Annual,192.35
CUST_006912,France,Consumer,2023-07-25,Two-Year,96.53
CUST_006913,France,Consumer,2024-10-31,Two-Year,181.35
CUST_006914,France,SMB,2021-02-23,Monthly,480.06
CUST_006915,France,SMB,2024-08-02,Two-Year,433.71
CUST_006916,Italy,Consumer,2023-02-15,Monthly,231.26
CUST_006917,Germany,Consumer,2023-07-07,Monthly,152.4
CUST_006918,France,Consumer,2021-02-16,Monthly,297.35
CUST_006919,Spain,Consumer,2024-02-08,Annual,470.0
CUST_006920,France,Consumer,2025-08-18,Two-Year,399.51
CUST_006921,Italy,Consumer,2025-12-23,Monthly,436.52
CUST_006922,Italy,SMB,2025-06-01,Annual,385.33
CUST_006923,Germany,SMB,2024-08-03,Monthly,261.75
CUST_006924,Germany,SMB,2022-01-22,Annual,87.92
CUST_006925,Germany,SMB,2022-11-05,Monthly,412.93
CUST_006926,Spain,Enterprise,2021-05-01,Annual,332.47
CUST_006927,Spain,Enterprise,2022-02-15,Annual,390.88
CUST_006928,Netherlands,Consumer,2022-04-03,Monthly,372.32
CUST_006929,Germany,Consumer,2024-05-02,Two-Year,138.13
CUST_006930,Netherlands,Consumer,2021-02-21,Two-Year,157.12
CUST_006931,Spain,Enterprise,2025-08-25,Monthly,431.06
CUST_006932,France,Consumer,2024-09-03,Annual,215.49
CUST_006933,France,Consumer,2024-05-12,Annual,105.31
CUST_006934,France,Consumer,2023-11-14,Monthly,328.5
CUST_006935,France,SMB,2022-04-09,Monthly,163.19
CUST_006936,France,Consumer,2023-09-21,Annual,328.49
CUST_006937,Netherlands,SMB,2024-03-10,Annual,303.23
CUST_006938,France,Consumer,2025-04-05,Annual,338.31
CUST_006939,Spain,Enterprise,2024-05-31,Annual,496.85
CUST_006940,Spain,Consumer,2025-01-17,Annual,153.11
CUST_006941,France,Enterprise,2023-04-15,Monthly,488.31
CUST_006942,Germany,Consumer,2023-01-17,Monthly,386.46
CUST_006943,Germany,Consumer,2024-11-26,Monthly,430.59
CUST_006944,France,Enterprise,2024-01-20,Monthly,405.2
CUST_006945,Germany,Enterprise,2022-12-21,Annual,31.02
CUST_006946,Italy,SMB,2023-03-18,Annual,261.77
CUST_006947,France,Enterprise,2023-10-14,Monthly,70.77
CUST_006948,France,Consumer,2024-02-14,Annual,343.27
CUST_006949,France,Consumer,2022-10-21,Monthly,48.63
CUST_006950,Italy,Consumer,2021-10-04,Monthly,35.94
CUST_006951,France,Enterprise,2025-06-29,Two-Year,455.23
CUST_006952,Netherlands,SMB,2022-07-02,Monthly,460.19
CUST_006953,Spain,Enterprise,2021-10-23,Annual,319.41
CUST_006954,France,SMB,2022-04-05,Monthly,240.76
CUST_006955,France,SMB,2025-05-06,Monthly,417.68
CUST_006956,Germany,Consumer,2021-11-02,Annual,482.83
CUST_006957,Spain,Consumer,2024-06-27,Annual,46.06
CUST_006958,France,Consumer,2023-01-26,Annual,69.69
CUST_006959,Germany,SMB,2024-01-15,Two-Year,454.44
CUST_006960,Netherlands,Consumer,2024-08-19,Annual,67.71
CUST_006961,Germany,Enterprise,2022-02-11,Annual,362.8
CUST_006962,Spain,SMB,2022-12-25,Monthly,285.68
CUST_006963,France,Consumer,2024-12-14,Monthly,270.39
CUST_006964,Germany,Enterprise,2025-11-30,Annual,66.87
CUST_006965,Spain,Consumer,2025-04-07,Annual,369.78
CUST_006966,France,SMB,2022-07-06,Monthly,308.97
CUST_006967,Germany,Consumer,2022-03-10,Monthly,465.84
CUST_006968,Spain,Consumer,2025-09-28,Monthly,250.88
CUST_006969,France,Consumer,2024-06-08,Monthly,457.96
CUST_006970,France,Consumer,2021-12-20,Monthly,108.27
CUST_006971,Italy,SMB,2024-03-27,Annual,117.87
CUST_006972,Germany,Enterprise,2022-08-09,Annual,475.51
CUST_006973,Spain,Enterprise,2021-10-13,Two-Year,67.7
CUST_006974,Netherlands,Consumer,2021-10-27,Annual,133.54
CUST_006975,France,Enterprise,2022-11-22,Monthly,87.85
CUST_006976,Spain,Consumer,2022-03-11,Annual,360.67
CUST_006977,Italy,Consumer,2024-12-04,Annual,394.52
CUST_006978,Spain,SMB,2021-10-14,Annual,452.71
CUST_006979,Italy,Enterprise,2021-12-08,Monthly,90.47
CUST_006980,France,Enterprise,2024-02-15,Annual,174.43
CUST_006981,Netherlands,SMB,2023-03-04,Monthly,172.25
CUST_006982,Netherlands,Consumer,2022-01-02,Monthly,487.27
CUST_006983,Spain,Consumer,2021-05-07,Monthly,299.8
CUST_006984,Italy,Consumer,2021-06-05,Monthly,182.0
CUST_006985,Germany,Consumer,2022-06-16,Two-Year,163.39
CUST_006986,France,Consumer,2022-05-02,Monthly,173.13
CUST_006987,France,Consumer,2023-11-27,Monthly,361.85
CUST_006988,Spain,Consumer,2024-05-23,Annual,283.66
CUST_006989,Spain,Consumer,2021-10-30,Two-Year,319.33
CUST_006990,Spain,SMB,2023-02-22,Annual,245.84
CUST_006991,Spain,Consumer,2023-05-02,Monthly,32.6
CUST_006992,Spain,Consumer,2021-10-13,Monthly,349.81
CUST_006993,Netherlands,SMB,2023-06-12,Annual,367.58
CUST_006994,Germany,SMB,2021-04-26,Annual,106.52
CUST_006995,Italy,Consumer,2022-07-24,Monthly,331.7
CUST_006996,Italy,Consumer,2024-08-24,Two-Year,441.22
CUST_006997,France,Enterprise,2022-03-23,Annual,309.33
CUST_006998,Germany,SMB,2024-07-09,Annual,340.9
CUST_006999,Italy,Consumer,2021-07-14,Monthly,356.34
CUST_007000,France,Consumer,2023-04-23,Two-Year,175.68
CUST_007001,France,Consumer,2025-07-06,Annual,94.06
CUST_007002,Netherlands,Consumer,2023-08-22,Monthly,246.87
CUST_007003,France,Consumer,2025-01-30,Monthly,131.26
CUST_007004,Germany,Enterprise,2022-03-16,Monthly,349.76
CUST_007005,Italy,Consumer,2021-12-05,Monthly,363.16
CUST_007006,Germany,Consumer,2023-06-06,Monthly,23.93
CUST_007007,Italy,SMB,2022-03-29,Monthly,478.02
CUST_007008,Spain,Consumer,2024-08-23,Monthly,464.0
CUST_007009,Spain,SMB,2022-10-05,Annual,83.33
CUST_007010,Germany,Consumer,2024-11-09,Annual,249.34
CUST_007011,Spain,Consumer,2021-03-05,Annual,120.33
CUST_007012,Netherlands,Consumer,2022-09-14,Monthly,482.68
CUST_007013,Spain,Enterprise,2022-03-20,Monthly,291.7
CUST_007014,France,SMB,2024-05-24,Annual,356.08
CUST_007015,Spain,SMB,2022-01-12,Annual,489.39
CUST_007016,Netherlands,Consumer,2023-06-08,Monthly,343.04
CUST_007017,Germany,SMB,2022-10-20,Two-Year,437.97
CUST_007018,Spain,Consumer,2024-09-12,Annual,135.46
CUST_007019,Spain,SMB,2022-11-07,Two-Year,130.11
CUST_007020,France,Consumer,2024-06-15,Annual,231.77
CUST_007021,Netherlands,SMB,2021-06-13,Monthly,443.11
CUST_007022,Netherlands,Consumer,2024-10-02,Two-Year,38.78
CUST_007023,Germany,Consumer,2024-03-12,Two-Year,231.86
CUST_007024,Germany,SMB,2021-10-29,Annual,415.96
CUST_007025,Spain,Consumer,2021-07-18,Two-Year,105.18
CUST_007026,Germany,Consumer,2022-08-12,Two-Year,315.55
CUST_007027,France,Enterprise,2025-12-10,Annual,53.58
CUST_007028,Spain,Consumer,2022-04-29,Monthly,24.98
CUST_007029,France,Consumer,2023-05-17,Annual,173.07
CUST_007030,Italy,SMB,2023-03-28,Annual,406.71
CUST_007031,Spain,SMB,2022-06-23,Annual,39.84
CUST_007032,Spain,Consumer,2023-04-29,Monthly,195.1
CUST_007033,Spain,Consumer,2021-11-17,Annual,369.74
CUST_007034,Spain,Consumer,2024-05-03,Two-Year,197.18
CUST_007035,Spain,Consumer,2021-10-20,Monthly,249.83
CUST_007036,France,SMB,2023-11-07,Monthly,260.17
CUST_007037,Spain,Enterprise,2022-08-04,Annual,455.82
CUST_007038,France,Consumer,2023-11-25,Monthly,440.43
CUST_007039,Italy,Consumer,2023-09-28,Monthly,50.54
CUST_007040,Netherlands,SMB,2024-03-01,Annual,352.26
CUST_007041,France,Consumer,2024-01-11,Two-Year,280.6
CUST_007042,Spain,SMB,2022-05-14,Monthly,190.17
CUST_007043,Spain,Consumer,2023-12-11,Monthly,256.42
CUST_007044,Spain,Consumer,2022-02-17,Monthly,442.31
CUST_007045,Netherlands,SMB,2022-12-10,Annual,391.07
CUST_007046,Netherlands,Enterprise,2022-01-28,Monthly,292.67
CUST_007047,Germany,Consumer,2023-09-03,Monthly,104.29
CUST_007048,Germany,Enterprise,2024-11-24,Annual,316.96
CUST_007049,Germany,Consumer,2024-01-10,Two-Year,259.05
CUST_007050,Spain,Consumer,2021-06-27,Monthly,234.5
CUST_007051,Netherlands,Consumer,2021-05-21,Annual,473.04
CUST_007052,Spain,Consumer,2022-08-01,Annual,496.46
CUST_007053,Germany,SMB,2023-12-11,Monthly,476.65
CUST_007054,Germany,Consumer,2022-05-27,Annual,374.66
CUST_007055,Spain,Consumer,2025-12-23,Monthly,307.46
CUST_007056,Germany,Consumer,2023-12-17,Monthly,173.33
CUST_007057,Italy,SMB,2025-06-21,Monthly,474.65
CUST_007058,Spain,Enterprise,2025-08-15,Monthly,238.7
CUST_007059,France,Consumer,2021-06-25,Annual,116.78
CUST_007060,Germany,Consumer,2025-05-24,Annual,73.16
CUST_007061,Spain,Enterprise,2021-04-03,Annual,421.18
CUST_007062,Spain,Consumer,2021-07-12,Annual,177.52
CUST_007063,Spain,SMB,2023-09-14,Monthly,387.79
CUST_007064,Spain,Consumer,2023-09-14,Two-Year,321.15
CUST_007065,Germany,Enterprise,2024-03-30,Two-Year,156.09
CUST_007066,Italy,Consumer,2021-03-09,Monthly,428.32
CUST_007067,France,Consumer,2021-07-16,Annual,425.54
CUST_007068,Netherlands,Consumer,2024-12-17,Annual,102.48
CUST_007069,Germany,Consumer,2023-12-16,Monthly,78.44
CUST_007070,France,Consumer,2022-11-16,Monthly,308.24
CUST_007071,France,Enterprise,2021-11-29,Monthly,132.04
CUST_007072,Spain,Consumer,2022-01-28,Two-Year,179.45
CUST_007073,Germany,Consumer,2022-07-15,Annual,469.62
CUST_007074,Germany,Consumer,2023-06-03,Annual,104.27
CUST_007075,Italy,Consumer,2025-01-26,Two-Year,245.84
CUST_007076,Germany,Consumer,2023-03-06,Monthly,161.55
CUST_007077,Spain,Consumer,2023-03-10,Two-Year,187.01
CUST_007078,Netherlands,SMB,2025-09-19,Annual,197.64
CUST_007079,Spain,SMB,2021-06-20,Annual,144.8
CUST_007080,Netherlands,Consumer,2021-03-02,Monthly,386.48
CUST_007081,Italy,SMB,2025-12-18,Monthly,409.7
CUST_007082,Italy,Consumer,2025-10-01,Monthly,278.97
CUST_007083,Italy,Consumer,2023-01-07,Monthly,451.67
CUST_007084,Spain,Enterprise,2022-03-04,Monthly,85.59
CUST_007085,France,Enterprise,2021-08-13,Monthly,263.17
CUST_007086,Italy,Consumer,2021-09-22,Annual,417.65
CUST_007087,France,Consumer,2025-06-17,Two-Year,318.04
CUST_007088,Spain,Consumer,2024-09-16,Monthly,492.8
CUST_007089,Spain,Consumer,2025-03-23,Monthly,305.96
CUST_007090,Germany,SMB,2023-08-13,Annual,480.81
CUST_007091,Germany,Consumer,2024-04-16,Annual,67.38
CUST_007092,France,Enterprise,2025-06-24,Annual,40.46
CUST_007093,Italy,SMB,2022-10-15,Two-Year,191.13
CUST_007094,Italy,Consumer,2023-09-18,Monthly,423.84
CUST_007095,France,Enterprise,2022-06-11,Monthly,44.24
CUST_007096,Spain,SMB,2023-07-12,Two-Year,141.1
CUST_007097,Germany,Consumer,2022-01-23,Annual,492.81
CUST_007098,Germany,Consumer,2022-01-12,Annual,327.66
CUST_007099,Spain,Enterprise,2022-10-15,Two-Year,208.69
CUST_007100,Spain,Enterprise,2025-10-01,Monthly,57.37
CUST_007101,Germany,Consumer,2022-05-11,Monthly,382.52
CUST_007102,Spain,SMB,2024-04-28,Monthly,464.15
CUST_007103,France,Enterprise,2023-11-10,Annual,375.94
CUST_007104,Spain,Enterprise,2024-01-04,Two-Year,75.88
CUST_007105,Spain,Consumer,2021-08-26,Monthly,275.29
CUST_007106,Spain,Consumer,2024-12-13,Monthly,213.33
CUST_007107,France,Enterprise,2024-12-04,Annual,453.94
CUST_007108,France,Consumer,2021-07-04,Monthly,385.91
CUST_007109,Germany,Consumer,2022-12-21,Annual,404.95
CUST_007110,Spain,Consumer,2025-05-02,Monthly,218.59
CUST_007111,Netherlands,Consumer,2022-03-10,Two-Year,31.94
CUST_007112,France,SMB,2023-07-03,Annual,384.51
CUST_007113,France,Consumer,2025-02-19,Monthly,323.99
CUST_007114,Germany,SMB,2025-01-04,Annual,87.91
CUST_007115,Italy,Consumer,2022-12-08,Annual,383.25
CUST_007116,Italy,SMB,2024-07-25,Monthly,91.66
CUST_007117,Germany,Consumer,2025-08-27,Monthly,375.05
CUST_007118,France,Consumer,2023-04-05,Annual,362.53
CUST_007119,Spain,Enterprise,2025-11-14,Annual,23.61
CUST_007120,France,SMB,2024-11-06,Annual,391.89
CUST_007121,Germany,Consumer,2024-03-28,Monthly,215.68
CUST_007122,Spain,Consumer,2024-08-08,Annual,263.16
CUST_007123,Netherlands,Consumer,2021-12-09,Annual,483.05
CUST_007124,Italy,Enterprise,2021-01-07,Monthly,461.53
CUST_007125,Spain,Consumer,2025-02-19,Monthly,203.68
CUST_007126,Netherlands,Enterprise,2024-07-19,Monthly,360.6
CUST_007127,Germany,Consumer,2025-09-09,Annual,266.28
CUST_007128,Germany,SMB,2023-07-19,Monthly,414.66
CUST_007129,Italy,Consumer,2022-12-06,Two-Year,173.44
CUST_007130,Germany,Consumer,2025-03-13,Monthly,246.05
CUST_007131,Germany,Enterprise,2025-09-16,Annual,73.96
CUST_007132,France,Consumer,2025-01-18,Monthly,464.81
CUST_007133,Spain,Enterprise,2025-02-19,Annual,452.35
CUST_007134,Germany,Consumer,2021-11-08,Annual,152.51
CUST_007135,Germany,Consumer,2025-05-05,Annual,299.83
CUST_007136,France,Enterprise,2021-02-09,Two-Year,201.61
CUST_007137,Spain,SMB,2024-10-11,Monthly,94.78
CUST_007138,Spain,Consumer,2021-12-25,Monthly,41.61
CUST_007139,France,Consumer,2021-03-17,Monthly,414.96
CUST_007140,Spain,Consumer,2024-09-15,Annual,158.79
CUST_007141,Germany,Enterprise,2022-09-12,Annual,267.41
CUST_007142,France,Consumer,2025-05-11,Monthly,453.29
CUST_007143,Italy,Consumer,2022-06-01,Annual,29.55
CUST_007144,Spain,Consumer,2024-07-03,Monthly,282.75
CUST_007145,Italy,SMB,2024-03-21,Two-Year,478.64
CUST_007146,France,Enterprise,2025-02-07,Monthly,408.46
CUST_007147,Germany,SMB,2025-04-22,Two-Year,125.27
CUST_007148,Italy,Consumer,2023-12-09,Annual,116.42
CUST_007149,France,Consumer,2022-09-24,Two-Year,385.99
CUST_007150,France,Consumer,2023-07-14,Annual,58.27
CUST_007151,France,Enterprise,2024-01-05,Monthly,307.69
CUST_007152,France,Consumer,2025-11-07,Annual,132.37
CUST_007153,Netherlands,SMB,2021-11-11,Monthly,422.84
CUST_007154,France,Consumer,2021-05-28,Monthly,202.12
CUST_007155,Italy,Enterprise,2023-04-29,Monthly,219.19
CUST_007156,France,Consumer,2023-02-09,Two-Year,401.32
CUST_007157,Italy,Consumer,2025-07-03,Annual,62.28
CUST_007158,Netherlands,Enterprise,2022-05-23,Monthly,308.46
CUST_007159,Spain,Enterprise,2021-09-28,Annual,482.06
CUST_007160,Spain,Consumer,2021-08-11,Monthly,332.18
CUST_007161,France,SMB,2025-06-21,Monthly,59.26
CUST_007162,Germany,SMB,2024-01-11,Monthly,456.1
CUST_007163,France,Consumer,2025-11-18,Monthly,81.89
CUST_007164,Italy,Consumer,2022-04-26,Annual,197.05
CUST_007165,Netherlands,SMB,2021-05-29,Monthly,107.21
CUST_007166,Germany,SMB,2023-04-26,Monthly,366.49
CUST_007167,France,Consumer,2021-11-12,Monthly,147.15
CUST_007168,Spain,Consumer,2021-09-07,Two-Year,145.33
CUST_007169,Germany,SMB,2025-05-31,Annual,218.51
CUST_007170,Spain,Consumer,2022-12-14,Monthly,157.33
CUST_007171,Germany,SMB,2021-05-08,Annual,396.59
CUST_007172,Germany,SMB,2022-01-01,Monthly,272.81
CUST_007173,France,Consumer,2022-11-02,Two-Year,286.84
CUST_007174,France,Consumer,2025-06-26,Monthly,97.58
CUST_007175,Germany,Consumer,2024-03-11,Monthly,458.47
CUST_007176,Spain,Consumer,2023-08-12,Monthly,187.47
CUST_007177,Spain,SMB,2023-11-30,Monthly,201.14
CUST_007178,Netherlands,SMB,2024-12-30,Monthly,136.35
CUST_007179,Netherlands,Enterprise,2021-12-20,Annual,480.89
CUST_007180,Germany,Consumer,2023-06-06,Monthly,311.39
CUST_007181,Spain,SMB,2022-12-07,Monthly,49.26
CUST_007182,Germany,Consumer,2021-03-19,Annual,112.45
CUST_007183,France,SMB,2023-10-04,Annual,250.61
CUST_007184,Germany,Consumer,2024-06-22,Two-Year,110.17
CUST_007185,Spain,Consumer,2024-05-01,Monthly,310.42
CUST_007186,Germany,Consumer,2021-03-29,Two-Year,167.79
CUST_007187,Spain,Consumer,2022-12-22,Annual,187.81
CUST_007188,Germany,Enterprise,2022-12-23,Annual,397.6
CUST_007189,Spain,Consumer,2021-10-12,Monthly,271.7
CUST_007190,France,Consumer,2023-09-26,Monthly,74.25
CUST_007191,Germany,SMB,2023-08-28,Monthly,198.51
CUST_007192,Spain,Consumer,2024-11-24,Annual,450.24
CUST_007193,France,Consumer,2024-10-26,Annual,426.16
CUST_007194,Germany,Consumer,2025-06-29,Monthly,384.72
CUST_007195,Italy,Consumer,2023-02-15,Monthly,424.89
CUST_007196,Netherlands,Enterprise,2022-01-09,Two-Year,63.92
CUST_007197,Spain,Consumer,2023-09-16,Monthly,78.64
CUST_007198,Italy,Consumer,2024-04-26,Annual,28.95
CUST_007199,France,Consumer,2022-09-01,Two-Year,80.01
CUST_007200,France,Enterprise,2023-05-09,Monthly,415.3
CUST_007201,Germany,Enterprise,2025-08-05,Annual,38.21
CUST_007202,Germany,Consumer,2024-11-02,Annual,243.29
CUST_007203,Spain,SMB,2024-01-19,Monthly,138.62
CUST_007204,Netherlands,Consumer,2025-09-13,Monthly,419.6
CUST_007205,France,Consumer,2021-01-27,Two-Year,405.38
CUST_007206,Germany,Enterprise,2023-09-01,Monthly,387.68
CUST_007207,Germany,Enterprise,2022-05-02,Monthly,201.56
CUST_007208,Spain,Consumer,2022-06-08,Monthly,464.28
CUST_007209,Spain,Enterprise,2024-12-02,Annual,450.01
CUST_007210,France,SMB,2024-12-29,Monthly,332.39
CUST_007211,Germany,SMB,2023-06-07,Monthly,314.04
CUST_007212,Italy,SMB,2023-08-20,Monthly,181.73
CUST_007213,France,Consumer,2024-01-01,Monthly,373.23
CUST_007214,France,Enterprise,2025-05-31,Annual,470.47
CUST_007215,Italy,Consumer,2021-02-10,Two-Year,171.78
CUST_007216,Spain,Consumer,2023-10-31,Monthly,157.25
CUST_007217,France,Consumer,2021-05-05,Annual,146.52
CUST_007218,France,SMB,2025-09-08,Annual,491.92
CUST_007219,Spain,Consumer,2022-03-12,Annual,279.35
CUST_007220,Spain,Consumer,2021-02-02,Annual,484.43
CUST_007221,Spain,SMB,2025-01-17,Monthly,316.34
CUST_007222,Spain,Consumer,2024-09-11,Annual,160.86
CUST_007223,Germany,Consumer,2025-07-05,Annual,301.47
CUST_007224,Spain,Consumer,2022-09-25,Annual,94.61
CUST_007225,France,SMB,2022-05-20,Monthly,235.09
CUST_007226,Spain,Consumer,2024-05-05,Monthly,232.58
CUST_007227,Spain,Consumer,2025-09-23,Monthly,296.74
CUST_007228,Germany,Consumer,2025-09-17,Monthly,205.88
CUST_007229,Spain,Enterprise,2022-12-31,Monthly,238.47
CUST_007230,Netherlands,SMB,2024-04-09,Monthly,440.55
CUST_007231,Germany,Consumer,2025-02-19,Monthly,106.59
CUST_007232,Spain,Enterprise,2024-09-22,Monthly,462.87
CUST_007233,Spain,SMB,2024-01-02,Two-Year,278.5
CUST_007234,Germany,SMB,2021-10-16,Annual,321.86
CUST_007235,France,Consumer,2024-02-28,Monthly,70.05
CUST_007236,Italy,Consumer,2021-11-08,Annual,89.72
CUST_007237,Germany,SMB,2023-04-05,Monthly,371.63
CUST_007238,France,Consumer,2023-11-14,Monthly,452.32
CUST_007239,Germany,Consumer,2021-02-17,Annual,269.05
CUST_007240,Italy,Consumer,2023-02-26,Monthly,100.41
CUST_007241,France,Consumer,2022-07-27,Annual,402.52
CUST_007242,Spain,SMB,2021-07-22,Monthly,460.42
CUST_007243,France,Consumer,2024-03-28,Monthly,341.69
CUST_007244,Italy,SMB,2024-08-22,Monthly,107.77
CUST_007245,Germany,SMB,2025-06-20,Monthly,217.99
CUST_007246,Netherlands,Consumer,2024-06-30,Annual,471.12
CUST_007247,Italy,Consumer,2021-12-01,Monthly,111.96
CUST_007248,Spain,Consumer,2021-06-17,Monthly,101.96
CUST_007249,Italy,Consumer,2025-02-10,Monthly,356.86
CUST_007250,France,SMB,2021-03-30,Annual,280.69
CUST_007251,Germany,SMB,2022-11-26,Annual,118.27
CUST_007252,Germany,Enterprise,2022-11-23,Annual,315.93
CUST_007253,Italy,Enterprise,2021-11-28,Annual,469.6
CUST_007254,France,Consumer,2024-03-01,Two-Year,430.49
CUST_007255,Germany,SMB,2024-11-07,Monthly,23.14
CUST_007256,Spain,Consumer,2025-06-20,Annual,440.85
CUST_007257,Germany,Consumer,2023-05-08,Monthly,320.91
CUST_007258,Netherlands,Consumer,2023-03-05,Monthly,148.22
CUST_007259,France,Consumer,2022-01-07,Annual,64.84
CUST_007260,Spain,SMB,2021-06-03,Two-Year,486.18
CUST_007261,Italy,SMB,2025-03-16,Annual,33.94
CUST_007262,Italy,Consumer,2025-03-15,Monthly,108.62
CUST_007263,Germany,Consumer,2025-11-27,Annual,342.2
CUST_007264,Spain,Consumer,2021-08-17,Monthly,383.82
CUST_007265,France,SMB,2023-02-09,Annual,148.0
CUST_007266,Spain,Consumer,2024-03-09,Monthly,373.79
CUST_007267,Germany,Consumer,2025-05-28,Monthly,387.28
CUST_007268,France,Consumer,2023-01-25,Monthly,405.31
CUST_007269,Netherlands,SMB,2021-09-10,Two-Year,381.88
CUST_007270,Germany,SMB,2025-07-19,Monthly,35.68
CUST_007271,Italy,Consumer,2021-06-01,Monthly,448.31
CUST_007272,Netherlands,Consumer,2024-07-11,Monthly,290.13
CUST_007273,Spain,Consumer,2022-10-31,Monthly,226.9
CUST_007274,Spain,SMB,2021-01-01,Monthly,31.73
CUST_007275,France,Consumer,2023-08-19,Annual,303.58
CUST_007276,Italy,SMB,2022-11-12,Monthly,98.12
CUST_007277,Germany,Enterprise,2023-03-08,Monthly,282.88
CUST_007278,France,Consumer,2021-11-26,Monthly,110.82
CUST_007279,France,Consumer,2024-05-13,Monthly,350.2
CUST_007280,France,Consumer,2022-06-02,Annual,62.65
CUST_007281,France,Consumer,2021-10-06,Monthly,308.18
CUST_007282,Spain,Enterprise,2022-12-30,Annual,329.02
CUST_007283,Spain,Enterprise,2021-12-09,Monthly,209.72
CUST_007284,Spain,Consumer,2023-09-16,Monthly,460.23
CUST_007285,Netherlands,Enterprise,2023-08-31,Monthly,272.74
CUST_007286,Netherlands,Consumer,2024-12-28,Annual,380.25
CUST_007287,Italy,Consumer,2025-11-24,Monthly,233.37
CUST_007288,Spain,SMB,2021-06-07,Annual,400.02
CUST_007289,France,Consumer,2021-03-10,Annual,450.75
CUST_007290,Spain,Consumer,2023-03-17,Monthly,218.23
CUST_007291,Germany,SMB,2021-05-03,Monthly,484.33
CUST_007292,Spain,Consumer,2025-04-03,Monthly,93.5
CUST_007293,Italy,Enterprise,2025-01-15,Monthly,426.16
CUST_007294,Spain,Consumer,2023-03-01,Monthly,272.4
CUST_007295,France,Consumer,2025-10-21,Annual,86.44
CUST_007296,Netherlands,Enterprise,2023-08-07,Annual,320.16
CUST_007297,France,Consumer,2023-09-24,Annual,83.03
CUST_007298,Spain,Consumer,2024-11-22,Monthly,445.99
CUST_007299,Netherlands,Consumer,2023-10-04,Monthly,411.67
CUST_007300,France,Consumer,2024-07-25,Annual,334.07
CUST_007301,Germany,Consumer,2022-03-14,Monthly,131.83
CUST_007302,France,Consumer,2023-07-21,Annual,482.15
CUST_007303,Italy,Consumer,2025-01-19,Annual,429.52
CUST_007304,Germany,Consumer,2025-11-01,Monthly,363.3
CUST_007305,Germany,Enterprise,2021-12-17,Monthly,195.38
CUST_007306,Germany,Enterprise,2021-03-08,Annual,252.4
CUST_007307,Spain,Consumer,2023-12-20,Annual,182.27
CUST_007308,Italy,Enterprise,2021-04-10,Monthly,427.71
CUST_007309,Spain,Enterprise,2024-05-31,Monthly,168.26
CUST_007310,Germany,Enterprise,2023-02-20,Monthly,134.39
CUST_007311,Germany,SMB,2025-01-01,Annual,122.89
CUST_007312,Spain,Consumer,2021-10-16,Monthly,212.56
CUST_007313,Germany,Consumer,2021-03-25,Annual,319.02
CUST_007314,France,Enterprise,2022-01-31,Two-Year,419.19
CUST_007315,Germany,Consumer,2021-04-26,Two-Year,463.86
CUST_007316,Spain,Enterprise,2021-10-02,Monthly,58.44
CUST_007317,Italy,SMB,2024-10-15,Monthly,42.65
CUST_007318,Netherlands,Consumer,2024-06-18,Two-Year,194.11
CUST_007319,Germany,Consumer,2024-02-10,Annual,408.85
CUST_007320,Germany,Enterprise,2023-02-09,Monthly,455.55
CUST_007321,Spain,Consumer,2022-02-13,Annual,100.86
CUST_007322,Spain,SMB,2025-03-04,Annual,157.16
CUST_007323,Germany,Enterprise,2025-05-20,Annual,452.94
CUST_007324,Netherlands,Consumer,2022-04-03,Two-Year,296.39
CUST_007325,France,Consumer,2025-06-26,Two-Year,215.69
CUST_007326,Germany,Consumer,2024-02-13,Annual,136.9
CUST_007327,Netherlands,SMB,2022-09-24,Monthly,74.19
CUST_007328,Germany,Consumer,2022-01-25,Annual,72.06
CUST_007329,Spain,Consumer,2023-12-15,Annual,343.56
CUST_007330,Germany,Consumer,2021-01-27,Annual,365.8
CUST_007331,Spain,Consumer,2022-08-01,Monthly,195.53
CUST_007332,Italy,Consumer,2024-06-11,Annual,310.88
CUST_007333,Germany,Consumer,2023-06-27,Annual,94.9
CUST_007334,France,SMB,2021-09-23,Two-Year,30.06
CUST_007335,Germany,Consumer,2021-10-18,Annual,67.92
CUST_007336,Netherlands,SMB,2024-06-20,Monthly,70.81
CUST_007337,France,Enterprise,2025-03-09,Annual,492.69
CUST_007338,Germany,SMB,2024-06-15,Annual,133.29
CUST_007339,Spain,SMB,2021-10-14,Annual,84.38
CUST_007340,Netherlands,Consumer,2024-05-05,Monthly,401.79
CUST_007341,Germany,Consumer,2022-05-21,Annual,196.0
CUST_007342,Spain,Consumer,2023-12-17,Annual,119.01
CUST_007343,Italy,Consumer,2023-12-15,Monthly,125.78
CUST_007344,Spain,Consumer,2025-06-04,Two-Year,86.74
CUST_007345,Germany,Consumer,2025-02-15,Two-Year,58.35
CUST_007346,Germany,Consumer,2021-05-19,Annual,346.47
CUST_007347,Germany,SMB,2021-01-01,Two-Year,231.19
CUST_007348,Germany,Consumer,2025-08-29,Monthly,91.25
CUST_007349,Spain,Consumer,2022-07-13,Two-Year,400.37
CUST_007350,Spain,Consumer,2021-05-01,Two-Year,29.18
CUST_007351,Spain,Consumer,2021-12-16,Annual,226.71
CUST_007352,Spain,Consumer,2023-06-24,Monthly,81.11
CUST_007353,Netherlands,Consumer,2025-06-11,Monthly,33.33
CUST_007354,France,Consumer,2025-08-13,Monthly,284.32
CUST_007355,Germany,SMB,2024-04-13,Annual,94.61
CUST_007356,Germany,Enterprise,2022-05-07,Annual,52.89
CUST_007357,France,Consumer,2024-07-24,Annual,249.81
CUST_007358,Spain,Consumer,2025-03-11,Annual,424.95
CUST_007359,Spain,SMB,2023-01-20,Monthly,253.1
CUST_007360,France,Enterprise,2023-12-20,Monthly,58.23
CUST_007361,Germany,Enterprise,2023-06-13,Annual,166.09
CUST_007362,Italy,Consumer,2025-04-22,Monthly,234.12
CUST_007363,Italy,Consumer,2024-01-24,Two-Year,154.95
CUST_007364,Italy,Consumer,2021-03-30,Two-Year,182.02
CUST_007365,Spain,SMB,2025-05-11,Monthly,260.08
CUST_007366,Spain,Consumer,2023-10-13,Annual,472.39
CUST_007367,Spain,Enterprise,2023-02-26,Annual,406.33
CUST_007368,Italy,Consumer,2021-12-11,Two-Year,118.1
CUST_007369,Netherlands,SMB,2024-06-29,Annual,396.92
CUST_007370,Netherlands,Consumer,2021-02-02,Two-Year,209.38
CUST_007371,Spain,Consumer,2021-11-13,Annual,411.54
CUST_007372,Italy,Consumer,2024-06-12,Monthly,316.21
CUST_007373,Germany,SMB,2022-05-13,Annual,345.91
CUST_007374,Italy,Consumer,2024-09-30,Annual,193.81
CUST_007375,Germany,Consumer,2022-04-24,Two-Year,362.33
CUST_007376,Spain,SMB,2024-09-06,Monthly,291.53
CUST_007377,Spain,Enterprise,2024-05-25,Monthly,316.91
CUST_007378,Netherlands,SMB,2024-08-20,Annual,282.58
CUST_007379,Germany,SMB,2024-09-01,Two-Year,46.78
CUST_007380,Germany,Consumer,2024-12-31,Annual,247.64
CUST_007381,Germany,Enterprise,2022-11-03,Monthly,44.6
CUST_007382,Germany,Consumer,2023-05-08,Two-Year,100.88
CUST_007383,Netherlands,Enterprise,2021-05-08,Annual,248.28
CUST_007384,Spain,SMB,2022-09-27,Two-Year,214.96
CUST_007385,Spain,Consumer,2023-04-20,Annual,43.01
CUST_007386,Italy,Consumer,2024-11-08,Monthly,85.87
CUST_007387,Germany,SMB,2025-07-07,Two-Year,243.34
CUST_007388,Spain,SMB,2024-05-01,Monthly,484.48
CUST_007389,Spain,SMB,2021-08-22,Two-Year,253.47
CUST_007390,Spain,Enterprise,2022-01-01,Monthly,390.83
CUST_007391,Spain,Consumer,2023-09-01,Annual,232.67
CUST_007392,Spain,Consumer,2023-03-06,Monthly,112.03
CUST_007393,Spain,Consumer,2025-08-27,Monthly,30.17
CUST_007394,France,Consumer,2021-11-29,Two-Year,200.24
CUST_007395,Italy,Consumer,2023-11-09,Monthly,461.36
CUST_007396,Italy,Enterprise,2024-11-23,Monthly,175.92
CUST_007397,Germany,Consumer,2023-03-11,Two-Year,196.89
CUST_007398,Germany,SMB,2022-03-28,Monthly,352.51
CUST_007399,Netherlands,SMB,2021-08-26,Annual,373.72
CUST_007400,Italy,Consumer,2024-02-12,Two-Year,312.02
CUST_007401,Germany,SMB,2024-02-27,Monthly,182.35
CUST_007402,Spain,SMB,2024-09-04,Monthly,473.72
CUST_007403,Germany,Consumer,2025-03-10,Annual,189.2
CUST_007404,Germany,Consumer,2025-12-16,Annual,160.16
CUST_007405,Germany,Consumer,2021-12-09,Monthly,424.72
CUST_007406,Spain,SMB,2023-03-02,Annual,468.91
CUST_007407,Netherlands,Consumer,2022-08-15,Monthly,479.15
CUST_007408,France,Consumer,2025-05-13,Monthly,275.94
CUST_007409,France,Enterprise,2021-08-04,Monthly,437.36
CUST_007410,Spain,SMB,2024-04-28,Two-Year,108.18
CUST_007411,Italy,SMB,2022-07-30,Monthly,446.72
CUST_007412,France,Enterprise,2021-01-16,Monthly,383.93
CUST_007413,Spain,Consumer,2023-12-28,Two-Year,211.61
CUST_007414,France,Consumer,2022-12-16,Monthly,137.69
CUST_007415,France,SMB,2024-06-15,Two-Year,384.63
CUST_007416,Italy,Consumer,2022-12-21,Two-Year,226.68
CUST_007417,Spain,Consumer,2021-12-14,Monthly,489.74
CUST_007418,Italy,SMB,2021-08-07,Monthly,430.21
CUST_007419,Germany,Consumer,2021-11-27,Monthly,399.41
CUST_007420,Spain,Consumer,2023-03-10,Monthly,180.22
CUST_007421,Spain,Consumer,2022-05-06,Monthly,361.59
CUST_007422,Spain,SMB,2021-08-01,Monthly,382.84
CUST_007423,Spain,Consumer,2022-08-02,Monthly,216.54
CUST_007424,Germany,Consumer,2025-03-06,Annual,65.4
CUST_007425,France,Enterprise,2025-03-14,Monthly,372.94
CUST_007426,Spain,Enterprise,2022-10-23,Monthly,161.34
CUST_007427,Netherlands,Consumer,2023-08-11,Monthly,83.73
CUST_007428,Spain,Consumer,2021-12-01,Monthly,40.49
CUST_007429,France,Consumer,2023-01-23,Annual,177.08
CUST_007430,Netherlands,Consumer,2024-01-04,Annual,264.77
CUST_007431,Italy,Consumer,2021-02-04,Monthly,38.43
CUST_007432,France,Consumer,2025-04-15,Annual,290.43
CUST_007433,France,Consumer,2025-07-10,Monthly,449.79
CUST_007434,Spain,Consumer,2025-09-04,Two-Year,307.0
CUST_007435,Spain,Consumer,2022-01-21,Monthly,271.8
CUST_007436,Germany,SMB,2025-06-21,Annual,131.49
CUST_007437,Spain,Consumer,2021-07-27,Monthly,230.84
CUST_007438,Germany,Consumer,2025-05-30,Monthly,308.27
CUST_007439,Spain,Consumer,2021-09-05,Annual,435.25
CUST_007440,Netherlands,Enterprise,2022-09-28,Monthly,443.28
CUST_007441,Italy,Consumer,2025-09-29,Annual,236.93
CUST_007442,Italy,Consumer,2023-07-12,Annual,108.16
CUST_007443,France,SMB,2022-01-31,Monthly,359.54
CUST_007444,Spain,SMB,2022-11-10,Two-Year,476.27
CUST_007445,Spain,SMB,2022-08-26,Monthly,479.79
CUST_007446,France,Consumer,2025-08-12,Two-Year,497.91
CUST_007447,France,Consumer,2023-01-23,Monthly,141.07
CUST_007448,Germany,Consumer,2021-06-19,Monthly,421.72
CUST_007449,Germany,Consumer,2021-10-30,Monthly,44.82
CUST_007450,Germany,Consumer,2023-10-10,Annual,27.22
CUST_007451,Spain,Consumer,2021-01-25,Annual,343.41
CUST_007452,Germany,Consumer,2022-03-27,Annual,77.54
CUST_007453,Germany,Enterprise,2024-01-09,Monthly,206.41
CUST_007454,France,Consumer,2025-04-02,Monthly,25.98
CUST_007455,Netherlands,Consumer,2021-06-26,Annual,61.66
CUST_007456,Germany,Enterprise,2022-09-12,Two-Year,120.16
CUST_007457,France,SMB,2022-12-15,Monthly,286.14
CUST_007458,Italy,Consumer,2025-04-27,Annual,179.33
CUST_007459,Spain,SMB,2024-12-07,Annual,290.65
CUST_007460,France,Consumer,2025-08-22,Annual,331.51
CUST_007461,Germany,SMB,2024-02-08,Annual,21.62
CUST_007462,France,Consumer,2021-11-11,Monthly,426.9
CUST_007463,Spain,Enterprise,2025-09-10,Monthly,47.72
CUST_007464,Netherlands,Consumer,2024-10-09,Annual,439.07
CUST_007465,Netherlands,SMB,2024-04-21,Two-Year,488.51
CUST_007466,Spain,Consumer,2022-10-02,Annual,453.69
CUST_007467,Spain,Consumer,2024-12-23,Monthly,280.24
CUST_007468,Spain,Consumer,2023-01-07,Monthly,389.44
CUST_007469,Italy,SMB,2022-08-15,Monthly,102.89
CUST_007470,France,Consumer,2022-05-17,Annual,469.8
CUST_007471,Spain,Enterprise,2024-04-20,Monthly,31.2
CUST_007472,Italy,Consumer,2024-02-01,Monthly,284.71
CUST_007473,Germany,SMB,2022-02-19,Annual,241.37
CUST_007474,Germany,SMB,2022-09-19,Monthly,402.51
CUST_007475,Germany,Consumer,2022-02-19,Monthly,377.62
CUST_007476,Germany,SMB,2024-09-14,Annual,178.49
CUST_007477,Germany,SMB,2022-09-19,Monthly,98.49
CUST_007478,Spain,SMB,2024-11-22,Monthly,401.25
CUST_007479,Germany,Consumer,2022-02-28,Monthly,489.19
CUST_007480,Netherlands,SMB,2022-12-23,Monthly,66.98
CUST_007481,Germany,Consumer,2021-02-18,Two-Year,371.79
CUST_007482,Netherlands,Consumer,2021-01-09,Annual,267.53
CUST_007483,France,Consumer,2021-02-22,Monthly,169.75
CUST_007484,Italy,SMB,2021-05-01,Monthly,26.93
CUST_007485,Spain,Enterprise,2025-08-22,Monthly,367.55
CUST_007486,Italy,Consumer,2022-05-15,Two-Year,83.37
CUST_007487,Spain,Consumer,2023-08-30,Annual,428.39
CUST_007488,Spain,Consumer,2025-10-08,Annual,147.0
CUST_007489,Spain,Consumer,2023-06-09,Monthly,304.33
CUST_007490,Spain,SMB,2022-12-21,Two-Year,156.44
CUST_007491,Netherlands,SMB,2024-08-24,Annual,357.08
CUST_007492,Netherlands,SMB,2024-09-20,Monthly,76.23
CUST_007493,Italy,SMB,2021-07-04,Monthly,184.65
CUST_007494,Spain,Consumer,2025-09-06,Monthly,264.3
CUST_007495,Italy,Consumer,2021-08-13,Annual,301.02
CUST_007496,France,Consumer,2022-09-16,Monthly,298.2
CUST_007497,Germany,Enterprise,2025-10-07,Monthly,58.11
CUST_007498,Germany,SMB,2023-10-22,Annual,36.21
CUST_007499,France,Consumer,2023-11-04,Annual,133.85
CUST_007500,Spain,Consumer,2025-04-06,Monthly,38.1
CUST_007501,Germany,Consumer,2023-03-31,Monthly,125.89
CUST_007502,France,Enterprise,2024-01-28,Monthly,48.44
CUST_007503,Spain,Consumer,2023-09-24,Monthly,273.13
CUST_007504,Germany,Consumer,2021-07-24,Annual,70.18
CUST_007505,Germany,Consumer,2022-07-10,Annual,219.32
CUST_007506,France,SMB,2024-11-06,Two-Year,389.39
CUST_007507,Netherlands,SMB,2022-08-24,Annual,390.75
CUST_007508,Italy,Consumer,2025-07-09,Annual,289.85
CUST_007509,France,SMB,2025-10-18,Monthly,34.77
CUST_007510,France,Consumer,2024-11-04,Monthly,277.61
CUST_007511,France,SMB,2021-01-02,Two-Year,141.28
CUST_007512,Germany,Consumer,2024-10-06,Annual,292.84
CUST_007513,Spain,Consumer,2025-11-27,Two-Year,456.04
CUST_007514,France,Consumer,2024-10-11,Annual,307.46
CUST_007515,France,SMB,2024-03-10,Monthly,471.48
CUST_007516,Germany,Consumer,2024-01-24,Monthly,120.13
CUST_007517,Italy,Consumer,2023-06-24,Monthly,148.79
CUST_007518,France,Consumer,2022-03-29,Annual,91.4
CUST_007519,Germany,Consumer,2023-05-23,Two-Year,57.6
CUST_007520,Spain,SMB,2025-07-22,Annual,25.04
CUST_007521,Spain,Consumer,2021-06-06,Annual,465.41
CUST_007522,Germany,Consumer,2021-08-24,Monthly,236.83
CUST_007523,Germany,SMB,2025-05-17,Monthly,470.65
CUST_007524,Spain,Consumer,2025-02-19,Monthly,434.72
CUST_007525,Spain,Enterprise,2023-07-22,Two-Year,377.08
CUST_007526,Spain,Consumer,2022-10-19,Annual,460.57
CUST_007527,Italy,Enterprise,2021-07-22,Annual,146.72
CUST_007528,Italy,Enterprise,2024-05-15,Two-Year,431.06
CUST_007529,Germany,Consumer,2023-09-12,Monthly,346.39
CUST_007530,Spain,Consumer,2025-01-10,Two-Year,307.78
CUST_007531,Spain,SMB,2022-10-25,Annual,316.96
CUST_007532,Spain,SMB,2024-12-29,Monthly,454.96
CUST_007533,Germany,Consumer,2025-10-10,Annual,465.88
CUST_007534,Spain,Consumer,2021-10-22,Monthly,104.94
CUST_007535,Germany,Consumer,2024-10-28,Annual,58.77
CUST_007536,Netherlands,SMB,2024-01-21,Monthly,150.87
CUST_007537,Germany,SMB,2023-01-15,Monthly,408.89
CUST_007538,Italy,Consumer,2022-01-27,Annual,66.59
CUST_007539,Spain,Consumer,2021-10-10,Monthly,337.65
CUST_007540,Spain,SMB,2021-07-24,Monthly,211.62
CUST_007541,Netherlands,Enterprise,2022-05-01,Annual,457.92
CUST_007542,Germany,Consumer,2023-07-27,Monthly,413.61
CUST_007543,France,Consumer,2023-09-10,Annual,263.74
CUST_007544,Netherlands,Consumer,2025-12-09,Annual,202.72
CUST_007545,France,SMB,2024-09-15,Monthly,420.61
CUST_007546,Germany,Consumer,2025-11-28,Two-Year,137.29
CUST_007547,Germany,Consumer,2024-10-08,Monthly,280.81
CUST_007548,Spain,SMB,2023-11-14,Monthly,467.2
CUST_007549,Spain,Consumer,2025-01-30,Monthly,309.78
CUST_007550,Spain,Consumer,2024-11-10,Annual,466.44
CUST_007551,Italy,Consumer,2025-01-14,Monthly,232.16
CUST_007552,France,Consumer,2022-04-01,Monthly,322.06
CUST_007553,Spain,Consumer,2024-08-15,Annual,471.39
CUST_007554,Spain,Consumer,2022-02-14,Annual,373.89
CUST_007555,France,Consumer,2022-08-04,Monthly,454.69
CUST_007556,Netherlands,Consumer,2024-07-14,Monthly,419.38
CUST_007557,Spain,Enterprise,2023-07-12,Monthly,57.35
CUST_007558,Germany,Enterprise,2024-12-06,Monthly,144.06
CUST_007559,Italy,Consumer,2024-08-08,Annual,375.91
CUST_007560,Italy,SMB,2024-09-16,Monthly,447.22
CUST_007561,Netherlands,Consumer,2021-09-27,Monthly,405.11
CUST_007562,Spain,SMB,2021-07-10,Monthly,170.32
CUST_007563,Spain,Enterprise,2022-03-30,Annual,318.1
CUST_007564,Germany,SMB,2022-10-13,Annual,337.47
CUST_007565,Spain,SMB,2025-02-06,Monthly,229.91
CUST_007566,Italy,Consumer,2021-03-22,Annual,302.1
CUST_007567,Spain,Consumer,2023-09-14,Annual,493.28
CUST_007568,France,Consumer,2024-12-06,Monthly,281.45
CUST_007569,Netherlands,Consumer,2022-10-26,Monthly,113.29
CUST_007570,Netherlands,SMB,2022-07-24,Monthly,261.97
CUST_007571,France,Consumer,2022-01-09,Annual,104.36
CUST_007572,Netherlands,Consumer,2023-02-24,Monthly,350.34
CUST_007573,Spain,Consumer,2024-01-30,Monthly,452.91
CUST_007574,Germany,SMB,2023-11-24,Annual,344.42
CUST_007575,Spain,Consumer,2025-04-02,Annual,441.26
CUST_007576,Netherlands,Consumer,2021-01-02,Annual,369.29
CUST_007577,Netherlands,SMB,2022-06-19,Monthly,229.98
CUST_007578,Spain,Consumer,2022-10-09,Monthly,278.33
CUST_007579,Spain,SMB,2022-12-16,Annual,275.63
CUST_007580,Germany,Consumer,2024-08-21,Annual,208.4
CUST_007581,Spain,Consumer,2021-07-04,Two-Year,64.6
CUST_007582,Italy,Enterprise,2022-06-07,Annual,356.87
CUST_007583,Spain,Consumer,2021-04-10,Monthly,42.64
CUST_007584,Italy,Consumer,2023-11-08,Monthly,117.94
CUST_007585,France,Consumer,2025-10-27,Two-Year,237.86
CUST_007586,Germany,Enterprise,2025-11-20,Annual,493.8
CUST_007587,Spain,Enterprise,2021-03-29,Monthly,167.3
CUST_007588,Netherlands,Consumer,2021-08-04,Monthly,401.46
CUST_007589,France,Consumer,2023-11-09,Annual,221.35
CUST_007590,Germany,Consumer,2022-05-05,Monthly,126.35
CUST_007591,Germany,SMB,2022-02-27,Annual,32.76
CUST_007592,Netherlands,Consumer,2024-06-02,Annual,62.45
CUST_007593,Italy,Consumer,2022-07-16,Monthly,220.03
CUST_007594,Italy,Consumer,2023-12-29,Two-Year,212.09
CUST_007595,France,Enterprise,2021-03-13,Two-Year,320.65
CUST_007596,Italy,Consumer,2025-11-21,Monthly,49.87
CUST_007597,Spain,Consumer,2021-06-04,Monthly,156.29
CUST_007598,France,Enterprise,2021-03-05,Two-Year,31.24
CUST_007599,Germany,Consumer,2023-02-02,Monthly,438.52
CUST_007600,France,Consumer,2025-05-23,Two-Year,210.82
CUST_007601,Netherlands,Consumer,2024-03-11,Monthly,300.46
CUST_007602,Netherlands,Consumer,2023-06-12,Annual,361.07
CUST_007603,Germany,Consumer,2022-05-21,Annual,148.63
CUST_007604,France,Consumer,2022-02-19,Monthly,84.78
CUST_007605,Italy,Consumer,2024-04-07,Annual,298.53
CUST_007606,Netherlands,Consumer,2023-07-09,Monthly,453.61
CUST_007607,Italy,SMB,2024-01-25,Monthly,448.44
CUST_007608,Spain,Consumer,2023-01-23,Monthly,167.96
CUST_007609,Germany,SMB,2022-07-03,Monthly,147.76
CUST_007610,Italy,Consumer,2021-11-24,Monthly,189.71
CUST_007611,Italy,Consumer,2022-06-18,Monthly,137.72
CUST_007612,France,Consumer,2022-02-05,Monthly,482.97
CUST_007613,France,Consumer,2023-06-10,Monthly,36.64
CUST_007614,Germany,SMB,2022-06-11,Monthly,111.84
CUST_007615,Germany,Consumer,2024-12-23,Annual,33.58
CUST_007616,Italy,SMB,2023-10-06,Monthly,429.91
CUST_007617,Spain,Enterprise,2022-07-13,Annual,246.32
CUST_007618,France,Consumer,2021-06-01,Monthly,129.46
CUST_007619,France,Enterprise,2021-08-11,Monthly,209.79
CUST_007620,Italy,Consumer,2021-06-12,Monthly,70.92
CUST_007621,Germany,Consumer,2022-08-11,Monthly,71.68
CUST_007622,France,Consumer,2022-08-29,Annual,474.5
CUST_007623,Spain,SMB,2021-03-31,Annual,354.12
CUST_007624,Spain,SMB,2024-07-15,Monthly,326.57
CUST_007625,Germany,Enterprise,2023-08-24,Monthly,246.92
CUST_007626,Spain,SMB,2025-11-22,Annual,255.11
CUST_007627,Netherlands,Consumer,2025-06-09,Monthly,390.58
CUST_007628,Netherlands,Enterprise,2021-01-22,Annual,45.15
CUST_007629,Spain,Enterprise,2024-07-02,Annual,340.37
CUST_007630,Italy,SMB,2025-11-11,Monthly,284.24
CUST_007631,Germany,Consumer,2025-01-03,Monthly,167.22
CUST_007632,France,SMB,2024-06-06,Monthly,123.52
CUST_007633,Italy,Consumer,2021-09-12,Annual,433.64
CUST_007634,France,Enterprise,2025-07-04,Two-Year,467.15
CUST_007635,Spain,Enterprise,2025-02-09,Monthly,65.99
CUST_007636,Spain,SMB,2023-09-07,Two-Year,101.52
CUST_007637,Germany,Consumer,2025-08-10,Monthly,340.21
CUST_007638,Netherlands,Consumer,2023-04-26,Monthly,391.53
CUST_007639,France,Enterprise,2023-09-01,Annual,255.84
CUST_007640,Germany,Enterprise,2024-12-04,Two-Year,464.91
CUST_007641,Spain,SMB,2024-08-08,Monthly,439.06
CUST_007642,Netherlands,Enterprise,2023-10-04,Annual,80.6
CUST_007643,Germany,Consumer,2024-12-01,Monthly,88.37
CUST_007644,France,Enterprise,2025-06-27,Two-Year,61.23
CUST_007645,France,Consumer,2024-03-30,Annual,440.2
CUST_007646,Spain,Consumer,2025-06-19,Annual,287.66
CUST_007647,Spain,Consumer,2023-01-21,Annual,471.87
CUST_007648,Germany,Consumer,2023-08-27,Annual,370.03
CUST_007649,Germany,Consumer,2024-03-30,Two-Year,371.36
CUST_007650,France,SMB,2023-11-14,Annual,80.07
CUST_007651,Italy,Consumer,2021-11-23,Monthly,72.57
CUST_007652,Spain,SMB,2023-04-14,Two-Year,466.86
CUST_007653,Germany,Consumer,2021-09-03,Annual,251.65
CUST_007654,Spain,SMB,2024-06-12,Annual,497.09
CUST_007655,Spain,Consumer,2024-12-29,Annual,175.06
CUST_007656,Italy,SMB,2024-05-30,Monthly,318.28
CUST_007657,Italy,Consumer,2025-04-29,Monthly,294.95
CUST_007658,Italy,Consumer,2024-04-02,Monthly,52.68
CUST_007659,Spain,Consumer,2022-11-24,Two-Year,269.05
CUST_007660,France,Consumer,2021-04-24,Annual,463.7
CUST_007661,Germany,Consumer,2021-03-02,Annual,237.86
CUST_007662,Netherlands,Consumer,2025-10-26,Monthly,246.86
CUST_007663,France,Consumer,2024-11-23,Two-Year,356.41
CUST_007664,Netherlands,SMB,2022-09-05,Monthly,394.74
CUST_007665,Spain,Consumer,2025-10-11,Monthly,417.42
CUST_007666,Germany,Consumer,2022-03-26,Two-Year,236.94
CUST_007667,Italy,Consumer,2024-11-10,Annual,233.13
CUST_007668,Germany,Consumer,2022-01-21,Two-Year,247.21
CUST_007669,France,Consumer,2024-07-20,Annual,485.11
CUST_007670,Germany,SMB,2021-05-07,Monthly,466.01
CUST_007671,Netherlands,Consumer,2024-05-31,Monthly,318.92
CUST_007672,Spain,Consumer,2023-04-15,Two-Year,156.48
CUST_007673,Netherlands,Consumer,2023-11-30,Monthly,452.2
CUST_007674,Germany,Consumer,2021-03-17,Annual,102.05
CUST_007675,Germany,SMB,2022-11-06,Monthly,71.24
CUST_007676,Germany,Consumer,2021-10-21,Monthly,218.99
CUST_007677,Spain,SMB,2024-01-31,Annual,348.95
CUST_007678,Netherlands,Consumer,2021-01-10,Two-Year,45.24
CUST_007679,Netherlands,SMB,2025-07-11,Monthly,170.19
CUST_007680,Netherlands,Consumer,2021-11-15,Monthly,396.39
CUST_007681,Netherlands,Enterprise,2023-08-11,Monthly,336.43
CUST_007682,France,Consumer,2025-12-23,Monthly,60.54
CUST_007683,Germany,Consumer,2023-01-19,Annual,116.87
CUST_007684,Italy,Enterprise,2023-09-16,Monthly,368.08
CUST_007685,Spain,SMB,2025-10-19,Monthly,75.99
CUST_007686,Italy,Consumer,2021-05-03,Annual,24.66
CUST_007687,Germany,Consumer,2023-10-24,Annual,496.49
CUST_007688,France,Consumer,2023-10-28,Monthly,314.69
CUST_007689,Germany,SMB,2024-08-14,Two-Year,225.9
CUST_007690,Germany,Consumer,2024-01-03,Monthly,306.6
CUST_007691,Spain,Consumer,2023-05-27,Monthly,341.69
CUST_007692,Germany,Consumer,2023-09-28,Two-Year,257.84
CUST_007693,Germany,Enterprise,2022-06-05,Monthly,335.87
CUST_007694,Spain,Consumer,2022-09-06,Two-Year,360.11
CUST_007695,Spain,Consumer,2025-10-01,Annual,106.14
CUST_007696,France,Enterprise,2024-04-15,Two-Year,223.38
CUST_007697,Germany,Consumer,2024-05-31,Monthly,166.21
CUST_007698,Italy,SMB,2021-09-18,Monthly,402.73
CUST_007699,Spain,SMB,2022-12-08,Two-Year,389.56
CUST_007700,France,Consumer,2022-02-05,Annual,409.09
CUST_007701,Spain,SMB,2025-09-28,Two-Year,229.99
CUST_007702,Germany,Enterprise,2025-12-22,Monthly,296.16
CUST_007703,France,Consumer,2022-09-04,Annual,358.69
CUST_007704,France,Consumer,2023-01-29,Monthly,174.61
CUST_007705,Germany,SMB,2024-06-04,Monthly,489.29
CUST_007706,Germany,Consumer,2021-09-27,Annual,201.74
CUST_007707,Spain,Consumer,2023-10-22,Annual,277.77
CUST_007708,Germany,Consumer,2022-02-01,Annual,416.86
CUST_007709,Germany,SMB,2023-08-22,Monthly,378.6
CUST_007710,France,SMB,2024-08-15,Annual,260.76
CUST_007711,Germany,Enterprise,2024-09-12,Two-Year,216.0
CUST_007712,Italy,Consumer,2021-08-01,Monthly,325.8
CUST_007713,Germany,Enterprise,2022-06-13,Annual,229.14
CUST_007714,Spain,Consumer,2022-10-09,Two-Year,304.16
CUST_007715,Spain,SMB,2024-08-17,Monthly,403.99
CUST_007716,Spain,SMB,2022-08-23,Annual,78.46
CUST_007717,Germany,Consumer,2023-04-27,Two-Year,354.73
CUST_007718,Italy,Consumer,2022-02-21,Annual,45.84
CUST_007719,Italy,Consumer,2022-09-22,Monthly,372.32
CUST_007720,Germany,Consumer,2023-05-21,Annual,120.39
CUST_007721,Spain,SMB,2022-01-20,Annual,256.82
CUST_007722,Italy,Consumer,2021-07-21,Annual,148.16
CUST_007723,Spain,SMB,2021-09-17,Monthly,174.52
CUST_007724,Germany,Consumer,2023-04-14,Monthly,321.79
CUST_007725,Italy,Consumer,2021-10-27,Annual,226.96
CUST_007726,Germany,SMB,2021-03-01,Monthly,254.03
CUST_007727,Spain,Consumer,2025-03-03,Two-Year,499.49
CUST_007728,Spain,Enterprise,2025-11-07,Monthly,78.37
CUST_007729,France,Enterprise,2023-07-23,Annual,204.45
CUST_007730,Spain,Consumer,2024-01-10,Monthly,274.5
CUST_007731,France,Consumer,2021-11-01,Annual,410.58
CUST_007732,Germany,Consumer,2021-05-18,Two-Year,155.55
CUST_007733,Germany,SMB,2021-05-26,Monthly,209.05
CUST_007734,Spain,Consumer,2021-12-15,Monthly,414.21
CUST_007735,Italy,Enterprise,2021-07-23,Two-Year,274.58
CUST_007736,Germany,Enterprise,2024-09-06,Annual,430.91
CUST_007737,France,Consumer,2024-11-07,Annual,50.89
CUST_007738,Germany,SMB,2024-08-29,Monthly,157.8
CUST_007739,Spain,Consumer,2022-06-09,Two-Year,287.72
CUST_007740,Germany,Consumer,2022-10-29,Annual,78.55
CUST_007741,Germany,Consumer,2022-10-17,Monthly,251.26
CUST_007742,Germany,SMB,2021-09-29,Monthly,28.47
CUST_007743,Italy,Consumer,2023-05-14,Monthly,262.24
CUST_007744,Netherlands,Enterprise,2023-09-06,Annual,461.75
CUST_007745,Italy,Consumer,2022-01-09,Annual,475.19
CUST_007746,France,SMB,2022-05-20,Monthly,173.17
CUST_007747,Germany,Enterprise,2023-05-10,Monthly,21.66
CUST_007748,France,SMB,2021-06-26,Monthly,457.83
CUST_007749,Spain,Consumer,2023-12-12,Monthly,292.25
CUST_007750,Italy,Consumer,2022-09-24,Two-Year,298.7
CUST_007751,Italy,Consumer,2024-07-20,Annual,411.23
CUST_007752,Spain,Consumer,2024-10-03,Monthly,208.81
CUST_007753,Netherlands,Enterprise,2022-11-08,Monthly,221.66
CUST_007754,Italy,Consumer,2022-10-09,Monthly,428.71
CUST_007755,Germany,Consumer,2023-08-23,Annual,255.94
CUST_007756,Netherlands,SMB,2021-03-16,Monthly,373.19
CUST_007757,Spain,Consumer,2021-12-18,Monthly,454.42
CUST_007758,Spain,Enterprise,2021-08-08,Two-Year,208.92
CUST_007759,Germany,Consumer,2022-06-03,Annual,446.69
CUST_007760,France,Consumer,2023-12-25,Annual,177.15
CUST_007761,Germany,SMB,2022-03-23,Monthly,466.2
CUST_007762,Netherlands,Consumer,2023-08-12,Monthly,166.58
CUST_007763,Spain,Enterprise,2024-06-17,Two-Year,132.43
CUST_007764,Spain,Consumer,2024-05-17,Annual,365.99
CUST_007765,France,Consumer,2023-08-28,Annual,462.56
CUST_007766,Spain,Consumer,2023-11-11,Annual,388.71
CUST_007767,France,Consumer,2023-03-19,Monthly,375.26
CUST_007768,Germany,Consumer,2023-06-27,Annual,487.05
CUST_007769,Netherlands,Consumer,2024-12-22,Monthly,287.57
CUST_007770,France,Consumer,2023-05-18,Monthly,446.06
CUST_007771,Spain,Enterprise,2022-10-05,Annual,37.81
CUST_007772,Spain,Consumer,2025-10-22,Monthly,83.44
CUST_007773,Spain,SMB,2025-08-02,Monthly,150.32
CUST_007774,Netherlands,Consumer,2025-04-24,Monthly,474.14
CUST_007775,France,SMB,2025-02-07,Monthly,114.53
CUST_007776,Germany,Consumer,2022-12-01,Two-Year,203.88
CUST_007777,Spain,Consumer,2025-10-19,Two-Year,37.05
CUST_007778,Italy,Consumer,2024-04-08,Monthly,57.53
CUST_007779,Spain,Consumer,2025-06-15,Monthly,299.67
CUST_007780,France,Consumer,2021-02-07,Annual,66.91
CUST_007781,Italy,Consumer,2021-07-15,Monthly,451.62
CUST_007782,Spain,Enterprise,2021-02-08,Annual,445.18
CUST_007783,Germany,Consumer,2025-12-26,Monthly,318.66
CUST_007784,Spain,Enterprise,2022-08-05,Annual,210.22
CUST_007785,Germany,Consumer,2021-03-13,Monthly,446.15
CUST_007786,Netherlands,Consumer,2024-10-10,Annual,254.15
CUST_007787,France,Consumer,2024-12-16,Annual,111.5
CUST_007788,Italy,Consumer,2025-08-17,Monthly,185.92
CUST_007789,Germany,SMB,2023-11-24,Monthly,194.31
CUST_007790,Spain,Consumer,2024-06-01,Annual,298.31
CUST_007791,France,Enterprise,2024-02-03,Two-Year,212.58
CUST_007792,Germany,Consumer,2024-07-13,Monthly,412.77
CUST_007793,Spain,Consumer,2023-08-03,Monthly,320.73
CUST_007794,Germany,Consumer,2021-02-28,Annual,141.02
CUST_007795,France,SMB,2021-11-02,Monthly,213.0
CUST_007796,France,Consumer,2025-08-26,Two-Year,367.16
CUST_007797,Spain,Enterprise,2021-03-30,Annual,136.28
CUST_007798,Italy,Consumer,2021-06-08,Monthly,63.98
CUST_007799,Germany,Consumer,2025-01-01,Annual,361.35
CUST_007800,Spain,SMB,2025-09-26,Annual,215.2
CUST_007801,Spain,Consumer,2023-03-27,Monthly,79.65
CUST_007802,Italy,SMB,2021-09-16,Annual,250.15
CUST_007803,Germany,Consumer,2023-12-11,Monthly,288.95
CUST_007804,Germany,SMB,2021-03-02,Monthly,32.36
CUST_007805,Spain,Consumer,2022-10-21,Annual,399.74
CUST_007806,France,Enterprise,2023-10-27,Annual,255.93
CUST_007807,Italy,Consumer,2025-05-27,Annual,32.26
CUST_007808,Germany,SMB,2021-07-27,Monthly,433.66
CUST_007809,Netherlands,Consumer,2024-01-13,Annual,300.92
CUST_007810,Spain,SMB,2021-02-22,Monthly,482.36
CUST_007811,Spain,Enterprise,2023-04-30,Annual,154.98
CUST_007812,France,Enterprise,2024-05-04,Monthly,218.05
CUST_007813,France,Consumer,2021-03-07,Annual,338.21
CUST_007814,Spain,Consumer,2024-09-10,Monthly,458.71
CUST_007815,France,SMB,2025-12-05,Monthly,399.76
CUST_007816,Germany,Consumer,2022-06-19,Monthly,328.65
CUST_007817,France,SMB,2024-10-14,Annual,401.85
CUST_007818,France,Consumer,2023-09-02,Monthly,65.52
CUST_007819,Netherlands,Consumer,2025-08-04,Monthly,367.61
CUST_007820,Germany,Consumer,2023-12-07,Monthly,297.74
CUST_007821,France,SMB,2025-01-06,Annual,151.64
CUST_007822,France,Consumer,2021-10-21,Two-Year,134.5
CUST_007823,Germany,Consumer,2022-04-12,Two-Year,158.37
CUST_007824,Spain,SMB,2023-03-15,Two-Year,78.98
CUST_007825,Netherlands,Consumer,2025-07-08,Two-Year,151.16
CUST_007826,Spain,Enterprise,2024-03-09,Monthly,54.2
CUST_007827,Italy,Consumer,2022-01-23,Monthly,342.91
CUST_007828,Spain,Consumer,2025-06-06,Monthly,265.9
CUST_007829,Italy,Consumer,2024-02-04,Monthly,81.29
CUST_007830,Spain,Consumer,2023-02-04,Annual,354.65
CUST_007831,Netherlands,SMB,2022-12-03,Two-Year,105.45
CUST_007832,France,Consumer,2024-06-30,Annual,257.55
CUST_007833,Spain,Consumer,2025-05-29,Two-Year,461.65
CUST_007834,France,Consumer,2023-07-06,Annual,385.24
CUST_007835,France,SMB,2025-03-22,Monthly,300.39
CUST_007836,Germany,SMB,2024-07-15,Monthly,300.76
CUST_007837,Spain,Consumer,2021-05-15,Two-Year,50.81
CUST_007838,France,Consumer,2024-12-11,Annual,224.96
CUST_007839,France,Consumer,2023-10-21,Monthly,167.42
CUST_007840,Germany,SMB,2023-08-27,Monthly,247.83
CUST_007841,Italy,Consumer,2024-01-25,Annual,476.68
CUST_007842,Spain,Consumer,2021-04-22,Annual,397.53
CUST_007843,Spain,SMB,2025-07-15,Annual,312.79
CUST_007844,France,Consumer,2025-05-18,Two-Year,358.25
CUST_007845,Spain,SMB,2025-12-29,Monthly,370.69
CUST_007846,Spain,Consumer,2024-01-03,Two-Year,239.06
CUST_007847,Germany,Enterprise,2022-03-14,Annual,435.85
CUST_007848,Spain,Consumer,2024-01-02,Annual,316.31
CUST_007849,Spain,Consumer,2022-05-30,Two-Year,374.26
CUST_007850,France,Consumer,2023-07-20,Annual,25.3
CUST_007851,Germany,Consumer,2025-01-03,Monthly,278.2
CUST_007852,Italy,SMB,2021-11-14,Two-Year,194.81
CUST_007853,France,Consumer,2023-04-11,Annual,46.59
CUST_007854,Germany,Consumer,2023-06-07,Monthly,330.14
CUST_007855,Spain,SMB,2025-08-25,Annual,465.8
CUST_007856,Italy,Consumer,2023-09-08,Monthly,371.72
CUST_007857,Spain,SMB,2022-09-15,Annual,58.35
CUST_007858,Spain,SMB,2022-12-02,Monthly,47.21
CUST_007859,Italy,Consumer,2022-07-08,Monthly,185.62
CUST_007860,France,SMB,2021-09-30,Monthly,134.5
CUST_007861,France,Enterprise,2024-07-21,Annual,33.23
CUST_007862,Spain,SMB,2024-10-23,Monthly,39.23
CUST_007863,Spain,Consumer,2021-12-29,Annual,185.67
CUST_007864,Germany,Consumer,2023-04-14,Annual,84.1
CUST_007865,France,Enterprise,2024-10-06,Monthly,113.44
CUST_007866,Germany,Consumer,2024-07-03,Monthly,437.37
CUST_007867,Spain,Consumer,2021-05-27,Monthly,496.97
CUST_007868,Spain,Consumer,2021-03-27,Two-Year,406.2
CUST_007869,France,SMB,2021-05-10,Two-Year,131.73
CUST_007870,France,SMB,2023-07-10,Monthly,104.4
CUST_007871,Spain,Enterprise,2025-07-27,Monthly,297.67
CUST_007872,Spain,Enterprise,2021-05-15,Annual,396.28
CUST_007873,Spain,Consumer,2024-07-04,Monthly,335.57
CUST_007874,Spain,SMB,2024-09-01,Monthly,405.8
CUST_007875,Germany,Consumer,2025-10-26,Monthly,253.76
CUST_007876,Spain,Consumer,2023-11-27,Annual,494.13
CUST_007877,France,Consumer,2025-10-10,Monthly,397.7
CUST_007878,Italy,Enterprise,2023-04-05,Two-Year,44.45
CUST_007879,Netherlands,Consumer,2022-04-30,Monthly,194.75
CUST_007880,Netherlands,Consumer,2025-11-12,Monthly,288.62
CUST_007881,Spain,Consumer,2023-08-10,Two-Year,127.61
CUST_007882,Spain,Consumer,2022-08-19,Monthly,213.61
CUST_007883,Germany,Consumer,2024-03-20,Monthly,322.21
CUST_007884,France,Consumer,2023-02-12,Monthly,285.04
CUST_007885,Spain,Consumer,2024-09-27,Annual,433.5
CUST_007886,Germany,Consumer,2024-09-08,Annual,146.01
CUST_007887,Spain,SMB,2021-02-04,Annual,462.15
CUST_007888,Spain,SMB,2023-08-17,Monthly,174.63
CUST_007889,France,SMB,2025-04-10,Monthly,461.79
CUST_007890,France,Consumer,2024-04-17,Monthly,139.18
CUST_007891,Germany,Consumer,2024-08-08,Monthly,263.62
CUST_007892,Netherlands,Consumer,2025-11-18,Monthly,467.48
CUST_007893,Spain,Enterprise,2022-09-20,Annual,153.2
CUST_007894,Spain,Consumer,2024-06-24,Annual,427.4
CUST_007895,Germany,Consumer,2021-02-24,Annual,260.59
CUST_007896,France,Enterprise,2021-10-03,Annual,221.5
CUST_007897,France,Enterprise,2024-06-28,Annual,338.57
CUST_007898,Spain,Consumer,2022-01-18,Monthly,115.3
CUST_007899,Netherlands,SMB,2024-12-08,Annual,336.24
CUST_007900,Germany,Consumer,2025-05-08,Monthly,104.78
CUST_007901,Germany,Consumer,2025-06-21,Annual,361.22
CUST_007902,France,Consumer,2021-03-29,Monthly,313.11
CUST_007903,Netherlands,Enterprise,2022-08-18,Annual,87.13
CUST_007904,France,Consumer,2023-07-19,Two-Year,68.33
CUST_007905,Netherlands,SMB,2021-01-30,Monthly,311.53
CUST_007906,Spain,Consumer,2025-07-13,Monthly,78.31
CUST_007907,France,SMB,2025-10-29,Two-Year,320.05
CUST_007908,Italy,SMB,2024-11-18,Monthly,499.53
CUST_007909,Germany,SMB,2022-05-23,Monthly,79.03
CUST_007910,Germany,Enterprise,2021-07-31,Monthly,247.43
CUST_007911,Netherlands,SMB,2025-02-18,Monthly,463.71
CUST_007912,Spain,SMB,2024-09-14,Annual,469.81
CUST_007913,Germany,Consumer,2025-09-23,Annual,34.36
CUST_007914,Italy,Enterprise,2022-11-29,Annual,407.84
CUST_007915,Netherlands,Consumer,2021-11-04,Annual,134.5
CUST_007916,Netherlands,Consumer,2025-07-04,Annual,378.35
CUST_007917,Italy,Consumer,2021-07-16,Annual,190.4
CUST_007918,Spain,Consumer,2023-11-12,Monthly,127.95
CUST_007919,Netherlands,Consumer,2023-05-11,Annual,245.95
CUST_007920,Germany,Consumer,2023-09-30,Monthly,104.44
CUST_007921,France,Consumer,2023-01-05,Monthly,223.61
CUST_007922,Germany,Enterprise,2021-01-16,Annual,209.51
CUST_007923,Italy,Enterprise,2024-02-10,Annual,482.17
CUST_007924,France,Consumer,2022-04-01,Two-Year,280.22
CUST_007925,Italy,Enterprise,2021-08-03,Monthly,354.59
CUST_007926,Spain,Consumer,2023-01-24,Monthly,103.97
CUST_007927,Spain,Consumer,2022-06-15,Monthly,498.71
CUST_007928,Germany,Enterprise,2024-08-14,Monthly,258.89
CUST_007929,Spain,SMB,2022-10-24,Monthly,56.11
CUST_007930,France,SMB,2023-08-08,Annual,312.46
CUST_007931,Spain,Consumer,2023-06-05,Annual,172.71
CUST_007932,France,Consumer,2025-04-06,Monthly,161.09
CUST_007933,Spain,Consumer,2021-07-07,Monthly,172.17
CUST_007934,Spain,Enterprise,2021-03-04,Monthly,236.2
CUST_007935,France,Consumer,2025-05-03,Annual,157.82
CUST_007936,Germany,Consumer,2022-08-13,Monthly,393.77
CUST_007937,Spain,Consumer,2024-08-03,Monthly,105.9
CUST_007938,Spain,SMB,2023-12-28,Monthly,88.13
CUST_007939,Spain,Consumer,2024-10-26,Monthly,70.15
CUST_007940,France,SMB,2024-04-17,Monthly,216.97
CUST_007941,Spain,Consumer,2022-03-23,Annual,74.18
CUST_007942,Germany,Consumer,2023-07-07,Monthly,32.03
CUST_007943,France,Consumer,2022-07-14,Monthly,161.31
CUST_007944,Germany,Consumer,2022-12-30,Monthly,490.41
CUST_007945,France,SMB,2023-09-23,Monthly,25.24
CUST_007946,Spain,SMB,2021-05-11,Two-Year,50.66
CUST_007947,Netherlands,Consumer,2021-02-26,Annual,299.9
CUST_007948,Germany,Consumer,2024-06-25,Monthly,258.98
CUST_007949,Spain,Consumer,2021-06-11,Annual,70.07
CUST_007950,Netherlands,Enterprise,2025-07-09,Monthly,449.47
CUST_007951,France,Enterprise,2024-03-19,Monthly,343.73
CUST_007952,France,SMB,2025-01-16,Monthly,257.45
CUST_007953,Italy,Consumer,2023-05-11,Annual,280.99
CUST_007954,Spain,Consumer,2024-07-04,Annual,402.16
CUST_007955,Italy,Enterprise,2021-12-06,Monthly,67.08
CUST_007956,France,Consumer,2024-03-03,Annual,467.92
CUST_007957,Germany,SMB,2022-07-22,Monthly,74.06
CUST_007958,Spain,Enterprise,2024-11-10,Monthly,240.1
CUST_007959,Spain,SMB,2022-11-02,Monthly,138.84
CUST_007960,Netherlands,SMB,2024-11-19,Monthly,339.3
CUST_007961,Spain,Consumer,2025-06-21,Monthly,423.12
CUST_007962,Spain,Enterprise,2021-01-13,Two-Year,316.0
CUST_007963,France,Consumer,2021-04-25,Monthly,127.51
CUST_007964,France,Enterprise,2022-10-16,Monthly,394.1
CUST_007965,Spain,Consumer,2023-09-26,Monthly,472.48
CUST_007966,Italy,SMB,2025-05-05,Monthly,97.27
CUST_007967,Germany,Enterprise,2023-03-14,Monthly,141.69
CUST_007968,Italy,Consumer,2025-04-03,Monthly,274.21
CUST_007969,Spain,Consumer,2024-08-25,Monthly,375.09
CUST_007970,Spain,Consumer,2024-07-20,Monthly,80.95
CUST_007971,France,SMB,2025-07-20,Monthly,44.31
CUST_007972,Spain,SMB,2022-07-19,Annual,292.14
CUST_007973,Germany,Consumer,2024-05-07,Two-Year,402.67
CUST_007974,Spain,Enterprise,2024-12-27,Monthly,162.86
CUST_007975,Italy,Enterprise,2025-11-04,Annual,299.83
CUST_007976,Italy,Enterprise,2022-02-27,Annual,405.66
CUST_007977,Italy,SMB,2024-12-07,Annual,33.83
CUST_007978,Netherlands,Enterprise,2022-02-14,Annual,181.36
CUST_007979,Netherlands,Enterprise,2025-10-23,Annual,165.53
CUST_007980,Germany,Consumer,2023-09-06,Two-Year,367.07
CUST_007981,Germany,Enterprise,2025-05-18,Monthly,339.79
CUST_007982,Italy,Consumer,2023-11-10,Monthly,416.87
CUST_007983,Netherlands,Enterprise,2021-05-18,Annual,283.35
CUST_007984,Netherlands,SMB,2022-10-04,Two-Year,129.39
CUST_007985,Italy,SMB,2024-01-18,Monthly,227.89
CUST_007986,Spain,Consumer,2024-01-08,Two-Year,210.1
CUST_007987,Netherlands,Consumer,2023-10-02,Annual,340.52
CUST_007988,Netherlands,Consumer,2024-07-18,Annual,477.88
CUST_007989,France,SMB,2023-11-21,Annual,239.7
CUST_007990,Italy,Enterprise,2021-11-26,Annual,326.64
CUST_007991,France,Consumer,2021-05-24,Annual,105.29
CUST_007992,Netherlands,Consumer,2022-06-12,Annual,295.71
CUST_007993,Spain,SMB,2021-09-09,Monthly,369.64
CUST_007994,Italy,Consumer,2024-07-01,Two-Year,386.6
CUST_007995,Spain,Consumer,2025-11-20,Annual,487.34
CUST_007996,Germany,Consumer,2025-08-21,Annual,494.03
CUST_007997,Spain,SMB,2023-11-01,Monthly,267.42
CUST_007998,Germany,Consumer,2025-06-03,Monthly,433.09
CUST_007999,Spain,Enterprise,2024-04-16,Monthly,373.82
CUST_008000,Netherlands,Consumer,2021-08-25,Monthly,271.81
CUST_008001,France,Consumer,2023-12-07,Annual,34.43
CUST_008002,Italy,SMB,2023-11-07,Two-Year,488.97
CUST_008003,Spain,Enterprise,2023-10-02,Annual,483.31
CUST_008004,Spain,Consumer,2025-01-01,Monthly,268.71
CUST_008005,Italy,Enterprise,2025-12-06,Two-Year,185.33
CUST_008006,France,SMB,2022-03-10,Two-Year,73.66
CUST_008007,Germany,Enterprise,2021-02-01,Annual,46.46
CUST_008008,Italy,Consumer,2024-03-20,Monthly,405.63
CUST_008009,Italy,Consumer,2021-07-21,Annual,216.53
CUST_008010,France,Consumer,2023-02-20,Monthly,290.16
CUST_008011,Netherlands,SMB,2025-08-30,Monthly,164.71
CUST_008012,France,Enterprise,2024-04-25,Annual,314.72
CUST_008013,France,Consumer,2025-09-09,Annual,384.21
CUST_008014,Germany,Consumer,2021-02-28,Monthly,448.59
CUST_008015,Spain,Consumer,2024-07-14,Two-Year,258.12
CUST_008016,Spain,Consumer,2022-07-26,Two-Year,164.09
CUST_008017,Italy,Enterprise,2021-05-16,Annual,56.87
CUST_008018,France,Consumer,2022-07-16,Monthly,429.93
CUST_008019,Germany,SMB,2025-09-01,Monthly,429.71
CUST_008020,France,Consumer,2023-02-04,Annual,189.62
CUST_008021,Spain,Enterprise,2025-08-03,Annual,119.48
CUST_008022,Spain,SMB,2021-07-29,Annual,343.23
CUST_008023,Netherlands,Consumer,2024-04-13,Monthly,383.2
CUST_008024,Germany,SMB,2023-03-09,Monthly,366.47
CUST_008025,Spain,SMB,2022-07-01,Monthly,54.22
CUST_008026,Germany,Enterprise,2023-09-16,Annual,492.43
CUST_008027,Germany,Consumer,2024-01-27,Monthly,281.37
CUST_008028,France,Consumer,2021-02-18,Monthly,312.01
CUST_008029,Netherlands,Consumer,2024-04-08,Annual,41.76
CUST_008030,France,SMB,2022-07-04,Two-Year,25.67
CUST_008031,France,Consumer,2025-01-07,Monthly,80.64
CUST_008032,Germany,Enterprise,2021-11-20,Monthly,207.67
CUST_008033,France,Consumer,2022-06-07,Annual,473.49
CUST_008034,Germany,Enterprise,2025-11-11,Two-Year,369.45
CUST_008035,Spain,Consumer,2022-03-28,Monthly,499.63
CUST_008036,Italy,Consumer,2021-08-26,Monthly,346.34
CUST_008037,Germany,Consumer,2023-10-03,Annual,67.88
CUST_008038,Germany,SMB,2024-02-20,Monthly,353.36
CUST_008039,Spain,Enterprise,2023-11-01,Two-Year,327.84
CUST_008040,Italy,Consumer,2023-01-04,Annual,445.43
CUST_008041,Spain,Consumer,2021-07-16,Monthly,281.24
CUST_008042,Germany,Enterprise,2022-06-09,Two-Year,137.88
CUST_008043,Italy,Consumer,2021-04-14,Annual,371.7
CUST_008044,Germany,Consumer,2025-04-09,Monthly,381.63
CUST_008045,Netherlands,Enterprise,2022-04-20,Monthly,266.82
CUST_008046,Spain,Consumer,2024-04-27,Annual,65.52
CUST_008047,France,Consumer,2022-04-21,Two-Year,218.61
CUST_008048,Netherlands,Consumer,2024-02-07,Monthly,423.16
CUST_008049,Germany,SMB,2021-06-16,Monthly,165.74
CUST_008050,France,Consumer,2021-06-21,Two-Year,371.19
CUST_008051,Germany,Enterprise,2022-08-01,Monthly,141.68
CUST_008052,Italy,Consumer,2022-04-18,Monthly,177.78
CUST_008053,Netherlands,Enterprise,2022-08-12,Monthly,181.78
CUST_008054,France,Consumer,2022-05-20,Annual,85.06
CUST_008055,Netherlands,Consumer,2024-06-21,Annual,188.56
CUST_008056,France,Consumer,2023-03-05,Monthly,367.34
CUST_008057,France,Consumer,2021-10-09,Monthly,212.63
CUST_008058,Germany,Consumer,2025-08-10,Annual,163.87
CUST_008059,France,Enterprise,2024-03-05,Annual,356.34
CUST_008060,Italy,SMB,2023-01-08,Monthly,267.43
CUST_008061,France,SMB,2023-07-20,Monthly,229.22
CUST_008062,Spain,Consumer,2022-08-22,Annual,402.15
CUST_008063,Germany,Enterprise,2022-12-19,Monthly,203.33
CUST_008064,Italy,Consumer,2021-05-10,Monthly,281.29
CUST_008065,Netherlands,SMB,2025-02-26,Two-Year,35.25
CUST_008066,Spain,SMB,2022-12-04,Two-Year,182.92
CUST_008067,Spain,Consumer,2024-06-25,Monthly,133.71
CUST_008068,Germany,Consumer,2021-04-06,Two-Year,445.16
CUST_008069,Spain,Enterprise,2021-06-17,Annual,30.11
CUST_008070,Netherlands,Consumer,2022-10-29,Two-Year,356.02
CUST_008071,Germany,SMB,2021-03-11,Two-Year,382.98
CUST_008072,Germany,Enterprise,2025-11-03,Annual,179.6
CUST_008073,Spain,Consumer,2021-03-13,Monthly,143.41
CUST_008074,Germany,Consumer,2023-10-13,Monthly,99.12
CUST_008075,Netherlands,Consumer,2022-10-03,Annual,153.01
CUST_008076,Germany,SMB,2022-01-17,Monthly,458.69
CUST_008077,Spain,Consumer,2021-09-14,Annual,40.8
CUST_008078,Spain,Consumer,2022-07-01,Monthly,239.22
CUST_008079,Netherlands,Consumer,2021-04-04,Annual,146.9
CUST_008080,Netherlands,Enterprise,2023-11-09,Two-Year,354.02
CUST_008081,Spain,Enterprise,2022-03-05,Monthly,180.27
CUST_008082,France,SMB,2021-02-05,Annual,186.06
CUST_008083,Spain,Enterprise,2021-07-30,Annual,47.98
CUST_008084,France,SMB,2025-07-01,Annual,457.04
CUST_008085,Spain,Enterprise,2022-03-14,Two-Year,270.36
CUST_008086,Italy,Consumer,2023-11-22,Annual,53.11
CUST_008087,Netherlands,Consumer,2023-01-19,Monthly,380.83
CUST_008088,Spain,Enterprise,2023-06-18,Monthly,394.42
CUST_008089,Germany,Consumer,2025-04-09,Monthly,241.35
CUST_008090,Spain,Consumer,2024-07-31,Monthly,489.98
CUST_008091,Germany,SMB,2023-10-04,Annual,128.48
CUST_008092,Spain,SMB,2022-01-01,Annual,425.22
CUST_008093,Spain,Consumer,2025-04-01,Monthly,426.29
CUST_008094,Netherlands,Consumer,2021-02-09,Monthly,270.19
CUST_008095,Spain,Consumer,2023-10-15,Monthly,279.25
CUST_008096,Italy,Consumer,2024-01-29,Monthly,73.89
CUST_008097,Spain,Consumer,2025-09-24,Annual,83.94
CUST_008098,Germany,Consumer,2021-10-20,Monthly,222.94
CUST_008099,Germany,SMB,2022-06-12,Annual,460.69
CUST_008100,Netherlands,Consumer,2021-01-23,Two-Year,122.97
CUST_008101,Spain,Consumer,2022-03-28,Annual,248.0
CUST_008102,Spain,SMB,2025-08-24,Annual,50.84
CUST_008103,France,Consumer,2021-01-16,Two-Year,163.63
CUST_008104,France,Consumer,2024-12-10,Monthly,198.56
CUST_008105,France,Consumer,2025-09-04,Monthly,482.18
CUST_008106,Spain,SMB,2021-07-28,Monthly,112.66
CUST_008107,Spain,Consumer,2022-10-21,Monthly,68.34
CUST_008108,Italy,Consumer,2025-06-25,Monthly,45.8
CUST_008109,France,Consumer,2024-08-08,Annual,270.58
CUST_008110,France,SMB,2021-05-04,Monthly,269.34
CUST_008111,Spain,SMB,2025-04-30,Monthly,114.01
CUST_008112,Spain,Enterprise,2025-01-06,Monthly,138.81
CUST_008113,Netherlands,SMB,2022-07-24,Monthly,173.05
CUST_008114,France,Consumer,2023-01-27,Annual,24.54
CUST_008115,Spain,Consumer,2022-07-11,Monthly,412.19
CUST_008116,Netherlands,Consumer,2023-08-05,Monthly,390.93
CUST_008117,France,Consumer,2024-11-24,Monthly,173.72
CUST_008118,Germany,Consumer,2024-05-05,Annual,295.66
CUST_008119,Germany,Consumer,2025-11-04,Monthly,177.53
CUST_008120,France,SMB,2021-06-30,Annual,32.86
CUST_008121,Germany,SMB,2025-08-15,Annual,303.1
CUST_008122,France,Consumer,2025-07-16,Monthly,366.38
CUST_008123,France,Consumer,2022-11-29,Monthly,180.25
CUST_008124,Spain,Consumer,2021-09-20,Annual,135.86
CUST_008125,Netherlands,Consumer,2022-02-17,Monthly,146.83
CUST_008126,Germany,Consumer,2025-09-16,Annual,187.57
CUST_008127,Germany,Consumer,2021-01-18,Annual,244.43
CUST_008128,France,Consumer,2021-06-17,Monthly,382.36
CUST_008129,France,Enterprise,2021-05-13,Monthly,115.52
CUST_008130,Germany,Consumer,2021-11-11,Annual,359.05
CUST_008131,France,Consumer,2024-12-12,Annual,482.98
CUST_008132,Netherlands,Consumer,2021-04-16,Monthly,106.53
CUST_008133,Italy,Consumer,2025-10-28,Annual,263.65
CUST_008134,Italy,Consumer,2022-12-28,Monthly,193.41
CUST_008135,Spain,Enterprise,2023-08-30,Two-Year,308.22
CUST_008136,Germany,Consumer,2023-12-15,Annual,442.81
CUST_008137,France,Consumer,2025-01-21,Monthly,445.44
CUST_008138,Spain,Enterprise,2024-02-16,Monthly,232.66
CUST_008139,Italy,Consumer,2021-04-22,Monthly,383.53
CUST_008140,Germany,Consumer,2025-02-21,Annual,265.43
CUST_008141,Spain,SMB,2021-06-10,Monthly,390.56
CUST_008142,Spain,Consumer,2023-08-23,Monthly,444.49
CUST_008143,Spain,Enterprise,2025-05-02,Annual,361.67
CUST_008144,Germany,Consumer,2023-07-21,Monthly,49.16
CUST_008145,France,SMB,2023-02-05,Monthly,137.74
CUST_008146,France,Consumer,2022-08-19,Annual,397.17
CUST_008147,Spain,SMB,2024-12-04,Annual,29.43
CUST_008148,Spain,SMB,2024-04-03,Annual,268.61
CUST_008149,Italy,SMB,2025-01-20,Monthly,313.0
CUST_008150,Spain,Enterprise,2025-07-17,Annual,413.6
CUST_008151,Germany,SMB,2023-12-18,Annual,407.18
CUST_008152,Germany,Consumer,2022-10-11,Monthly,55.13
CUST_008153,France,Consumer,2023-12-20,Two-Year,346.25
CUST_008154,Italy,Consumer,2022-10-13,Monthly,399.34
CUST_008155,France,Consumer,2022-01-11,Monthly,70.61
CUST_008156,Netherlands,Consumer,2022-09-19,Two-Year,253.0
CUST_008157,Italy,SMB,2023-05-25,Monthly,331.69
CUST_008158,Spain,SMB,2022-02-20,Two-Year,184.35
CUST_008159,Spain,Enterprise,2022-07-30,Monthly,197.86
CUST_008160,Germany,Consumer,2023-11-01,Monthly,69.38
CUST_008161,Germany,SMB,2021-09-04,Monthly,391.7
CUST_008162,France,SMB,2021-07-12,Monthly,133.82
CUST_008163,Spain,Enterprise,2024-11-14,Two-Year,228.76
CUST_008164,Spain,SMB,2025-03-05,Two-Year,267.86
CUST_008165,Germany,Consumer,2022-07-27,Annual,61.88
CUST_008166,France,Consumer,2021-09-09,Monthly,226.94
CUST_008167,France,Enterprise,2023-04-23,Monthly,93.13
CUST_008168,Netherlands,SMB,2021-11-14,Monthly,131.61
CUST_008169,Spain,SMB,2025-05-21,Monthly,191.02
CUST_008170,Germany,SMB,2021-05-06,Monthly,255.07
CUST_008171,Netherlands,SMB,2023-07-09,Monthly,228.42
CUST_008172,France,SMB,2022-11-28,Monthly,54.36
CUST_008173,France,Enterprise,2023-05-02,Annual,188.18
CUST_008174,Germany,Enterprise,2024-10-15,Monthly,38.83
CUST_008175,Spain,Consumer,2022-04-24,Monthly,140.38
CUST_008176,Italy,Consumer,2025-07-20,Monthly,60.85
CUST_008177,France,Consumer,2025-11-21,Annual,100.35
CUST_008178,France,Consumer,2023-03-04,Annual,261.2
CUST_008179,Germany,SMB,2022-12-06,Monthly,465.11
CUST_008180,Germany,SMB,2022-03-06,Two-Year,113.49
CUST_008181,Spain,Consumer,2025-01-25,Annual,370.79
CUST_008182,Italy,Consumer,2024-08-18,Monthly,40.98
CUST_008183,Germany,Consumer,2023-04-02,Monthly,181.21
CUST_008184,Spain,SMB,2024-06-10,Two-Year,212.66
CUST_008185,Germany,SMB,2022-11-03,Monthly,72.01
CUST_008186,Netherlands,Consumer,2024-05-29,Monthly,325.65
CUST_008187,Germany,Consumer,2025-02-06,Annual,89.92
CUST_008188,Germany,Consumer,2023-03-21,Monthly,404.33
CUST_008189,France,Consumer,2024-05-01,Annual,303.93
CUST_008190,Italy,SMB,2023-10-30,Annual,375.82
CUST_008191,France,Enterprise,2021-05-13,Annual,98.83
CUST_008192,Italy,Consumer,2021-04-24,Annual,172.21
CUST_008193,Spain,Consumer,2022-04-26,Annual,358.63
CUST_008194,Netherlands,Consumer,2022-04-02,Monthly,237.61
CUST_008195,Netherlands,Consumer,2021-12-13,Two-Year,323.52
CUST_008196,Germany,Consumer,2025-08-20,Monthly,218.46
CUST_008197,France,Consumer,2024-01-12,Monthly,342.66
CUST_008198,Spain,Consumer,2021-03-18,Two-Year,327.93
CUST_008199,Germany,SMB,2025-07-08,Two-Year,163.76
CUST_008200,Spain,Consumer,2022-07-05,Annual,443.21
CUST_008201,Spain,SMB,2025-12-10,Monthly,371.55
CUST_008202,Netherlands,Consumer,2022-02-18,Monthly,52.75
CUST_008203,Spain,Consumer,2021-06-04,Annual,38.1
CUST_008204,France,Consumer,2021-08-26,Monthly,363.74
CUST_008205,Germany,Consumer,2022-12-07,Monthly,323.38
CUST_008206,Germany,Consumer,2025-08-15,Monthly,463.74
CUST_008207,Germany,SMB,2023-10-06,Two-Year,344.23
CUST_008208,Germany,Enterprise,2021-08-18,Two-Year,119.93
CUST_008209,France,Consumer,2022-08-04,Two-Year,40.18
CUST_008210,Netherlands,Consumer,2023-06-13,Annual,275.56
CUST_008211,Germany,Consumer,2023-09-21,Monthly,258.22
CUST_008212,Netherlands,SMB,2025-03-13,Monthly,469.94
CUST_008213,France,Consumer,2021-03-25,Monthly,360.02
CUST_008214,France,Consumer,2021-01-08,Monthly,452.02
CUST_008215,Spain,Enterprise,2024-08-08,Annual,383.15
CUST_008216,Spain,Enterprise,2021-07-18,Monthly,337.1
CUST_008217,Italy,SMB,2024-06-01,Two-Year,290.3
CUST_008218,France,Consumer,2022-09-17,Monthly,298.42
CUST_008219,Germany,Consumer,2022-12-10,Monthly,263.58
CUST_008220,Italy,Consumer,2021-09-27,Annual,422.71
CUST_008221,Germany,SMB,2024-11-14,Annual,132.62
CUST_008222,Italy,SMB,2021-11-30,Monthly,459.29
CUST_008223,Germany,Consumer,2021-01-15,Annual,288.56
CUST_008224,Netherlands,Enterprise,2023-12-16,Annual,229.97
CUST_008225,Spain,Consumer,2021-10-04,Monthly,121.29
CUST_008226,Spain,SMB,2021-11-08,Monthly,152.51
CUST_008227,France,Consumer,2022-02-03,Two-Year,300.39
CUST_008228,Spain,Consumer,2024-03-12,Monthly,92.83
CUST_008229,Netherlands,Consumer,2024-10-05,Monthly,21.59
CUST_008230,France,SMB,2025-07-30,Monthly,144.43
CUST_008231,Spain,Consumer,2025-11-29,Annual,165.97
CUST_008232,Spain,Consumer,2022-02-23,Two-Year,471.83
CUST_008233,Netherlands,SMB,2022-01-29,Monthly,299.28
CUST_008234,France,SMB,2022-01-23,Annual,214.77
CUST_008235,Italy,SMB,2021-12-08,Annual,491.84
CUST_008236,Spain,SMB,2021-01-21,Monthly,196.35
CUST_008237,Netherlands,SMB,2023-12-10,Annual,479.91
CUST_008238,Germany,SMB,2021-01-27,Two-Year,471.9
CUST_008239,France,Consumer,2021-03-12,Two-Year,351.15
CUST_008240,Germany,Consumer,2022-12-26,Annual,272.11
CUST_008241,Spain,Consumer,2025-01-19,Monthly,414.44
CUST_008242,Netherlands,Consumer,2023-06-12,Monthly,175.48
CUST_008243,Netherlands,Consumer,2022-12-28,Monthly,196.57
CUST_008244,Germany,Consumer,2021-11-30,Annual,119.3
CUST_008245,Netherlands,Consumer,2024-05-27,Monthly,142.59
CUST_008246,Spain,SMB,2022-08-13,Annual,85.5
CUST_008247,Spain,SMB,2025-12-25,Annual,428.33
CUST_008248,Spain,Consumer,2021-09-14,Monthly,20.6
CUST_008249,Germany,Enterprise,2024-12-05,Two-Year,223.75
CUST_008250,Spain,Consumer,2024-05-28,Monthly,194.82
CUST_008251,Germany,Consumer,2022-10-30,Monthly,206.08
CUST_008252,Spain,Consumer,2022-12-19,Annual,425.01
CUST_008253,France,Consumer,2025-10-23,Monthly,414.11
CUST_008254,Italy,Consumer,2024-09-02,Monthly,338.43
CUST_008255,France,Enterprise,2021-03-20,Two-Year,350.77
CUST_008256,Spain,Consumer,2023-10-02,Two-Year,405.7
CUST_008257,Italy,Consumer,2024-09-13,Annual,204.82
CUST_008258,Spain,Consumer,2022-11-20,Monthly,236.26
CUST_008259,Italy,Consumer,2024-06-15,Monthly,137.47
CUST_008260,France,SMB,2024-02-18,Monthly,134.27
CUST_008261,Germany,SMB,2022-08-23,Monthly,468.62
CUST_008262,Spain,SMB,2021-01-14,Two-Year,385.11
CUST_008263,Italy,SMB,2021-03-06,Monthly,237.43
CUST_008264,Netherlands,Consumer,2024-06-14,Annual,38.72
CUST_008265,France,Consumer,2024-11-16,Monthly,376.54
CUST_008266,Netherlands,SMB,2022-11-09,Annual,475.29
CUST_008267,Netherlands,Consumer,2023-05-20,Monthly,464.83
CUST_008268,Spain,Consumer,2023-07-27,Monthly,362.8
CUST_008269,France,Consumer,2025-06-01,Monthly,330.91
CUST_008270,Germany,SMB,2023-08-14,Two-Year,78.0
CUST_008271,Germany,Consumer,2023-11-09,Annual,61.12
CUST_008272,Spain,Enterprise,2023-10-17,Annual,147.3
CUST_008273,Netherlands,Consumer,2021-08-26,Monthly,290.6
CUST_008274,France,Consumer,2024-07-06,Annual,458.34
CUST_008275,Spain,Consumer,2025-07-17,Annual,438.13
CUST_008276,Germany,Consumer,2021-07-22,Monthly,166.91
CUST_008277,Germany,Consumer,2021-05-11,Annual,195.8
CUST_008278,France,SMB,2023-06-12,Two-Year,168.97
CUST_008279,Netherlands,Consumer,2024-10-28,Two-Year,274.48
CUST_008280,Germany,Consumer,2021-06-01,Two-Year,408.28
CUST_008281,Germany,Consumer,2024-09-19,Monthly,395.9
CUST_008282,France,Consumer,2022-03-04,Monthly,445.43
CUST_008283,Germany,Enterprise,2021-12-02,Monthly,270.43
CUST_008284,Germany,Consumer,2021-12-12,Monthly,335.91
CUST_008285,Spain,SMB,2023-08-19,Monthly,477.87
CUST_008286,Spain,Consumer,2023-12-30,Monthly,344.27
CUST_008287,Germany,Consumer,2023-04-24,Annual,100.19
CUST_008288,Netherlands,SMB,2024-01-12,Annual,176.89
CUST_008289,Germany,Consumer,2025-01-10,Annual,56.33
CUST_008290,Spain,Enterprise,2025-02-26,Two-Year,73.04
CUST_008291,France,Consumer,2024-08-24,Monthly,256.08
CUST_008292,Netherlands,Consumer,2023-08-11,Monthly,374.51
CUST_008293,Germany,Enterprise,2022-02-04,Annual,110.69
CUST_008294,Spain,Consumer,2024-09-21,Annual,173.61
CUST_008295,France,Enterprise,2024-05-14,Monthly,181.54
CUST_008296,Germany,Enterprise,2025-06-12,Two-Year,423.26
CUST_008297,France,Consumer,2024-07-24,Monthly,108.34
CUST_008298,Spain,Consumer,2021-09-01,Annual,36.34
CUST_008299,Spain,SMB,2023-11-07,Two-Year,319.44
CUST_008300,Germany,Consumer,2024-08-09,Monthly,272.89
CUST_008301,France,SMB,2025-12-26,Annual,21.3
CUST_008302,Germany,Consumer,2022-08-22,Monthly,387.05
CUST_008303,Spain,Consumer,2025-04-20,Monthly,223.45
CUST_008304,Germany,Consumer,2022-05-23,Monthly,282.95
CUST_008305,Italy,SMB,2022-11-20,Annual,341.99
CUST_008306,Spain,SMB,2025-10-25,Annual,44.65
CUST_008307,France,SMB,2021-10-27,Two-Year,102.82
CUST_008308,France,Consumer,2022-01-12,Annual,242.31
CUST_008309,Germany,Consumer,2025-03-06,Monthly,102.51
CUST_008310,Netherlands,Consumer,2025-07-28,Annual,75.96
CUST_008311,Italy,Consumer,2021-07-11,Monthly,175.98
CUST_008312,Germany,Consumer,2025-02-13,Annual,224.8
CUST_008313,Spain,Consumer,2023-12-12,Monthly,427.94
CUST_008314,Germany,Consumer,2025-05-24,Annual,305.57
CUST_008315,Spain,Consumer,2023-06-27,Two-Year,466.11
CUST_008316,Germany,SMB,2023-12-07,Monthly,239.45
CUST_008317,Netherlands,Consumer,2022-02-28,Annual,246.76
CUST_008318,Italy,Enterprise,2023-12-04,Annual,169.5
CUST_008319,Germany,Consumer,2023-02-04,Monthly,59.15
CUST_008320,Germany,Consumer,2023-01-06,Monthly,102.56
CUST_008321,Spain,Enterprise,2022-05-26,Annual,52.5
CUST_008322,Germany,Consumer,2023-01-03,Monthly,357.66
CUST_008323,Spain,SMB,2021-11-03,Monthly,187.52
CUST_008324,Netherlands,Consumer,2025-04-03,Annual,35.13
CUST_008325,Italy,Consumer,2023-01-10,Annual,381.06
CUST_008326,Spain,SMB,2022-12-10,Monthly,142.32
CUST_008327,France,Consumer,2025-11-24,Two-Year,448.89
CUST_008328,France,Consumer,2023-06-08,Two-Year,415.08
CUST_008329,Italy,Consumer,2024-07-06,Two-Year,165.8
CUST_008330,Germany,Consumer,2025-12-25,Annual,133.14
CUST_008331,Spain,Consumer,2025-04-24,Monthly,496.68
CUST_008332,France,SMB,2022-10-09,Monthly,413.43
CUST_008333,Spain,Consumer,2023-08-31,Two-Year,464.78
CUST_008334,France,Enterprise,2025-02-11,Two-Year,28.18
CUST_008335,Spain,Consumer,2023-07-03,Annual,307.2
CUST_008336,France,Consumer,2022-05-22,Annual,147.99
CUST_008337,Italy,Consumer,2023-08-24,Monthly,199.87
CUST_008338,Spain,SMB,2021-02-15,Annual,63.72
CUST_008339,Germany,SMB,2025-05-28,Monthly,379.22
CUST_008340,France,Consumer,2023-12-20,Annual,272.31
CUST_008341,Spain,Consumer,2022-04-13,Annual,400.17
CUST_008342,France,SMB,2023-05-26,Annual,75.91
CUST_008343,France,Consumer,2021-02-27,Monthly,498.69
CUST_008344,Germany,Consumer,2024-12-07,Annual,187.31
CUST_008345,Italy,SMB,2023-08-28,Monthly,476.69
CUST_008346,Germany,Consumer,2021-01-08,Monthly,344.7
CUST_008347,France,SMB,2023-04-20,Monthly,72.24
CUST_008348,Spain,SMB,2021-05-09,Monthly,395.35
CUST_008349,Spain,Consumer,2022-12-08,Monthly,289.12
CUST_008350,Spain,Consumer,2025-04-19,Monthly,110.58
CUST_008351,Netherlands,Consumer,2024-04-09,Monthly,109.87
CUST_008352,Italy,SMB,2023-05-28,Monthly,477.51
CUST_008353,Italy,Consumer,2023-07-24,Monthly,499.31
CUST_008354,Spain,Consumer,2023-07-14,Annual,296.54
CUST_008355,Germany,Consumer,2021-06-27,Monthly,109.83
CUST_008356,Italy,Consumer,2022-02-16,Monthly,183.32
CUST_008357,France,Consumer,2025-01-30,Monthly,121.74
CUST_008358,Spain,Consumer,2025-08-18,Monthly,311.6
CUST_008359,Italy,Consumer,2021-09-24,Annual,212.13
CUST_008360,Spain,Consumer,2025-07-28,Two-Year,201.47
CUST_008361,Spain,SMB,2021-02-25,Monthly,404.68
CUST_008362,Netherlands,SMB,2023-08-02,Monthly,482.51
CUST_008363,Germany,Consumer,2025-02-19,Monthly,114.57
CUST_008364,Germany,Consumer,2022-02-02,Monthly,218.92
CUST_008365,France,Consumer,2025-09-29,Two-Year,277.53
CUST_008366,Netherlands,Consumer,2025-11-30,Annual,138.02
CUST_008367,Spain,Enterprise,2023-02-15,Annual,212.91
CUST_008368,Italy,Consumer,2025-06-18,Two-Year,46.78
CUST_008369,Germany,Consumer,2021-05-25,Annual,39.79
CUST_008370,Spain,Consumer,2023-08-11,Monthly,397.45
CUST_008371,Germany,SMB,2022-06-19,Annual,182.76
CUST_008372,Germany,Consumer,2024-02-18,Annual,359.56
CUST_008373,Spain,Enterprise,2022-04-03,Monthly,59.8
CUST_008374,Germany,Consumer,2023-03-14,Annual,341.92
CUST_008375,France,Consumer,2024-08-29,Monthly,333.62
CUST_008376,France,Consumer,2022-01-12,Monthly,414.3
CUST_008377,France,SMB,2025-03-18,Annual,118.21
CUST_008378,Italy,Consumer,2024-05-29,Monthly,284.54
CUST_008379,Germany,Enterprise,2022-04-03,Monthly,452.57
CUST_008380,Germany,Enterprise,2024-05-06,Monthly,125.54
CUST_008381,Germany,Consumer,2022-08-04,Annual,79.94
CUST_008382,France,Consumer,2023-09-27,Two-Year,185.49
CUST_008383,Spain,Consumer,2024-01-20,Annual,483.37
CUST_008384,Germany,SMB,2025-01-27,Annual,95.55
CUST_008385,Spain,SMB,2022-09-29,Monthly,77.28
CUST_008386,Germany,Consumer,2023-04-06,Annual,498.92
CUST_008387,Netherlands,Enterprise,2023-03-20,Monthly,208.72
CUST_008388,France,Consumer,2025-04-22,Monthly,91.64
CUST_008389,Germany,SMB,2025-03-18,Annual,288.14
CUST_008390,France,SMB,2022-02-01,Monthly,26.65
CUST_008391,France,Consumer,2021-07-12,Two-Year,224.28
CUST_008392,Germany,Consumer,2025-10-23,Monthly,37.38
CUST_008393,Germany,Consumer,2021-11-02,Annual,291.36
CUST_008394,France,Enterprise,2022-01-10,Monthly,319.89
CUST_008395,Spain,Consumer,2021-08-05,Annual,21.69
CUST_008396,Germany,SMB,2021-10-20,Annual,266.1
CUST_008397,Germany,Consumer,2021-04-26,Monthly,473.58
CUST_008398,Italy,Consumer,2024-01-07,Two-Year,211.08
CUST_008399,Netherlands,Enterprise,2023-07-21,Annual,478.16
CUST_008400,Italy,Consumer,2021-06-19,Monthly,482.47
CUST_008401,Germany,SMB,2024-04-05,Annual,135.32
CUST_008402,Spain,Consumer,2021-11-03,Monthly,297.14
CUST_008403,France,Consumer,2023-09-10,Annual,418.55
CUST_008404,Italy,Consumer,2024-08-24,Monthly,360.4
CUST_008405,Netherlands,Consumer,2023-02-17,Annual,384.86
CUST_008406,Italy,SMB,2022-07-17,Monthly,145.25
CUST_008407,Spain,Consumer,2025-06-25,Annual,460.74
CUST_008408,France,Consumer,2025-01-01,Two-Year,133.11
CUST_008409,Italy,Consumer,2025-03-22,Two-Year,329.51
CUST_008410,France,SMB,2021-10-12,Annual,444.66
CUST_008411,France,SMB,2022-05-14,Annual,192.56
CUST_008412,Germany,SMB,2022-12-05,Annual,285.02
CUST_008413,France,Enterprise,2021-11-04,Monthly,351.45
CUST_008414,Spain,Consumer,2022-12-07,Annual,465.67
CUST_008415,Spain,Consumer,2022-03-29,Annual,235.06
CUST_008416,Italy,Consumer,2023-05-28,Monthly,309.54
CUST_008417,Netherlands,Consumer,2024-07-15,Annual,88.06
CUST_008418,Italy,SMB,2023-01-20,Monthly,51.31
CUST_008419,Germany,SMB,2024-08-11,Annual,30.29
CUST_008420,Spain,Consumer,2022-12-08,Monthly,248.76
CUST_008421,Spain,Enterprise,2023-06-22,Two-Year,281.95
CUST_008422,Italy,Consumer,2022-08-23,Monthly,61.45
CUST_008423,France,SMB,2021-06-04,Monthly,106.93
CUST_008424,Netherlands,Consumer,2021-01-28,Annual,147.82
CUST_008425,Germany,SMB,2021-12-01,Monthly,447.81
CUST_008426,France,Consumer,2024-01-31,Monthly,67.64
CUST_008427,Italy,Enterprise,2021-07-02,Annual,255.05
CUST_008428,Spain,Enterprise,2023-05-15,Two-Year,398.75
CUST_008429,Netherlands,Consumer,2021-08-31,Annual,437.68
CUST_008430,France,Consumer,2022-11-13,Monthly,352.71
CUST_008431,Spain,SMB,2022-05-09,Monthly,147.46
CUST_008432,Spain,Consumer,2022-01-22,Annual,78.28
CUST_008433,Italy,Consumer,2023-07-30,Annual,95.79
CUST_008434,France,Consumer,2025-06-16,Two-Year,389.73
CUST_008435,Italy,Enterprise,2024-04-07,Monthly,162.34
CUST_008436,Italy,SMB,2022-03-11,Annual,182.18
CUST_008437,Germany,Consumer,2025-03-31,Two-Year,104.25
CUST_008438,Italy,Enterprise,2025-08-09,Monthly,228.63
CUST_008439,Netherlands,Consumer,2024-10-13,Two-Year,180.58
CUST_008440,Spain,Consumer,2022-02-01,Monthly,191.37
CUST_008441,Italy,Enterprise,2021-11-03,Annual,36.22
CUST_008442,Germany,Consumer,2025-11-09,Monthly,242.03
CUST_008443,Germany,Consumer,2025-06-12,Annual,73.71
CUST_008444,Germany,Consumer,2023-02-06,Two-Year,277.12
CUST_008445,Italy,SMB,2023-04-15,Monthly,341.21
CUST_008446,Spain,Consumer,2023-08-31,Annual,282.13
CUST_008447,Germany,Consumer,2025-06-11,Monthly,90.31
CUST_008448,France,Consumer,2022-06-30,Monthly,315.92
CUST_008449,Spain,Consumer,2024-05-23,Annual,218.14
CUST_008450,Italy,Consumer,2025-09-11,Annual,192.51
CUST_008451,Netherlands,Consumer,2022-07-01,Monthly,91.41
CUST_008452,Spain,Enterprise,2022-05-31,Monthly,497.28
CUST_008453,Spain,SMB,2021-09-03,Monthly,208.48
CUST_008454,Netherlands,SMB,2024-08-26,Monthly,239.06
CUST_008455,Spain,Enterprise,2022-05-12,Monthly,65.3
CUST_008456,Spain,Enterprise,2021-02-07,Monthly,344.23
CUST_008457,Netherlands,SMB,2023-07-07,Annual,155.68
CUST_008458,Italy,Consumer,2023-10-18,Monthly,375.28
CUST_008459,France,SMB,2021-02-01,Two-Year,52.22
CUST_008460,France,Consumer,2024-09-16,Monthly,162.48
CUST_008461,Netherlands,Consumer,2023-10-18,Monthly,377.91
CUST_008462,France,Consumer,2023-05-10,Monthly,210.08
CUST_008463,France,Consumer,2022-09-20,Monthly,36.46
CUST_008464,Italy,Consumer,2024-03-20,Annual,398.98
CUST_008465,France,SMB,2024-10-02,Monthly,483.49
CUST_008466,Germany,Consumer,2024-11-03,Monthly,200.73
CUST_008467,Germany,Consumer,2022-12-10,Monthly,318.37
CUST_008468,Germany,Consumer,2023-07-03,Annual,198.87
CUST_008469,Germany,Enterprise,2022-04-09,Monthly,286.39
CUST_008470,Germany,Consumer,2022-02-03,Monthly,374.51
CUST_008471,Germany,Consumer,2025-04-24,Monthly,323.8
CUST_008472,Italy,SMB,2022-12-26,Annual,171.06
CUST_008473,Germany,SMB,2022-05-15,Two-Year,113.69
CUST_008474,Spain,Consumer,2024-08-27,Monthly,281.28
CUST_008475,Spain,SMB,2024-06-26,Monthly,336.56
CUST_008476,Spain,Consumer,2022-05-11,Monthly,295.76
CUST_008477,Italy,Enterprise,2021-11-15,Two-Year,81.51
CUST_008478,Germany,Consumer,2024-02-29,Monthly,190.42
CUST_008479,Spain,SMB,2025-08-04,Annual,377.43
CUST_008480,Italy,Consumer,2021-09-28,Annual,90.44
CUST_008481,Spain,SMB,2022-03-14,Monthly,444.02
CUST_008482,Spain,Consumer,2025-08-26,Annual,243.94
CUST_008483,Italy,Consumer,2024-08-30,Annual,399.76
CUST_008484,France,SMB,2024-01-07,Monthly,183.59
CUST_008485,Italy,SMB,2022-09-06,Monthly,192.42
CUST_008486,Italy,Consumer,2023-05-06,Monthly,484.17
CUST_008487,Netherlands,Enterprise,2021-12-12,Monthly,292.33
CUST_008488,Spain,Consumer,2025-01-21,Annual,68.92
CUST_008489,Italy,Consumer,2023-07-05,Annual,479.68
CUST_008490,France,Consumer,2024-12-26,Annual,199.93
CUST_008491,Spain,Consumer,2025-05-22,Annual,360.91
CUST_008492,Netherlands,Enterprise,2021-06-27,Monthly,81.71
CUST_008493,Germany,Consumer,2025-04-24,Monthly,430.55
CUST_008494,Italy,Enterprise,2022-07-15,Annual,480.35
CUST_008495,France,Consumer,2022-08-22,Monthly,203.77
CUST_008496,Germany,SMB,2023-04-18,Monthly,89.46
CUST_008497,Spain,Consumer,2022-06-27,Annual,287.67
CUST_008498,Netherlands,SMB,2022-09-14,Annual,97.66
CUST_008499,France,Enterprise,2024-06-20,Monthly,232.23
CUST_008500,Spain,Consumer,2022-08-03,Annual,318.88
CUST_008501,Spain,Consumer,2024-01-15,Monthly,86.86
CUST_008502,Italy,SMB,2022-10-06,Annual,475.05
CUST_008503,Spain,SMB,2022-08-17,Annual,358.68
CUST_008504,France,Consumer,2021-09-17,Annual,193.41
CUST_008505,France,SMB,2025-04-27,Monthly,219.53
CUST_008506,Spain,SMB,2021-08-07,Annual,427.1
CUST_008507,France,SMB,2023-10-09,Monthly,248.48
CUST_008508,Spain,Consumer,2022-04-21,Monthly,493.8
CUST_008509,Netherlands,Consumer,2025-12-10,Two-Year,49.84
CUST_008510,Italy,Enterprise,2021-05-08,Monthly,150.24
CUST_008511,Spain,Consumer,2023-02-17,Annual,268.85
CUST_008512,Germany,Consumer,2023-07-21,Monthly,85.21
CUST_008513,Germany,Enterprise,2025-12-07,Annual,190.99
CUST_008514,Netherlands,Consumer,2021-10-07,Annual,269.59
CUST_008515,Germany,Consumer,2025-03-02,Monthly,145.28
CUST_008516,France,SMB,2021-05-04,Annual,99.01
CUST_008517,Netherlands,SMB,2022-06-14,Two-Year,148.81
CUST_008518,Spain,Enterprise,2025-03-09,Annual,59.63
CUST_008519,France,SMB,2022-11-20,Two-Year,114.05
CUST_008520,Spain,Consumer,2023-12-09,Monthly,49.29
CUST_008521,France,Consumer,2022-12-16,Two-Year,477.21
CUST_008522,Germany,Consumer,2025-06-29,Monthly,97.29
CUST_008523,Netherlands,Enterprise,2021-06-18,Monthly,20.61
CUST_008524,Germany,Consumer,2025-12-01,Monthly,479.54
CUST_008525,Spain,Consumer,2022-03-04,Monthly,384.12
CUST_008526,Italy,Consumer,2023-12-20,Annual,148.17
CUST_008527,Italy,Consumer,2022-04-23,Monthly,441.88
CUST_008528,France,Consumer,2024-12-24,Annual,438.38
CUST_008529,France,SMB,2024-07-10,Monthly,375.68
CUST_008530,Spain,Consumer,2021-10-19,Monthly,304.27
CUST_008531,France,Enterprise,2022-03-26,Two-Year,300.66
CUST_008532,Spain,Enterprise,2024-06-29,Annual,485.07
CUST_008533,Spain,Consumer,2023-07-07,Monthly,243.27
CUST_008534,Netherlands,Enterprise,2023-10-01,Annual,408.11
CUST_008535,France,Consumer,2022-11-01,Two-Year,74.0
CUST_008536,Spain,Consumer,2024-05-20,Monthly,356.4
CUST_008537,Spain,Consumer,2025-08-24,Monthly,494.99
CUST_008538,Netherlands,SMB,2021-07-11,Two-Year,24.79
CUST_008539,Spain,SMB,2024-06-20,Monthly,143.79
CUST_008540,Spain,Consumer,2025-09-05,Monthly,396.77
CUST_008541,Spain,SMB,2022-02-09,Monthly,372.23
CUST_008542,Spain,SMB,2023-02-02,Monthly,372.41
CUST_008543,Germany,SMB,2023-11-01,Two-Year,491.58
CUST_008544,Netherlands,Consumer,2024-11-17,Two-Year,66.01
CUST_008545,Germany,SMB,2024-06-08,Annual,344.05
CUST_008546,Germany,SMB,2025-12-14,Annual,327.77
CUST_008547,France,Consumer,2023-10-15,Annual,118.77
CUST_008548,France,SMB,2025-05-14,Annual,122.2
CUST_008549,France,Consumer,2023-08-08,Annual,332.1
CUST_008550,France,SMB,2022-07-24,Two-Year,334.17
CUST_008551,France,SMB,2024-05-16,Monthly,308.03
CUST_008552,France,Consumer,2023-01-05,Monthly,241.71
CUST_008553,Italy,Consumer,2024-04-15,Annual,349.86
CUST_008554,France,SMB,2024-03-30,Annual,174.51
CUST_008555,Italy,SMB,2021-05-15,Monthly,133.19
CUST_008556,Spain,SMB,2023-09-10,Monthly,305.8
CUST_008557,France,SMB,2021-01-25,Annual,316.29
CUST_008558,France,Consumer,2023-01-20,Monthly,409.88
CUST_008559,Spain,Consumer,2024-04-14,Two-Year,219.72
CUST_008560,Italy,SMB,2024-04-08,Annual,386.78
CUST_008561,Germany,Consumer,2021-07-08,Monthly,460.5
CUST_008562,Spain,SMB,2025-07-19,Annual,224.32
CUST_008563,Italy,Consumer,2024-09-09,Annual,280.44
CUST_008564,Spain,Consumer,2022-07-20,Monthly,456.93
CUST_008565,Germany,SMB,2023-04-02,Monthly,164.12
CUST_008566,Germany,SMB,2021-08-23,Monthly,366.88
CUST_008567,Italy,SMB,2022-10-25,Two-Year,297.07
CUST_008568,Germany,Consumer,2024-05-18,Two-Year,218.72
CUST_008569,France,SMB,2025-05-31,Monthly,434.81
CUST_008570,Italy,Consumer,2023-12-13,Annual,95.23
CUST_008571,France,SMB,2022-06-01,Annual,36.99
CUST_008572,Netherlands,SMB,2025-07-12,Monthly,119.43
CUST_008573,Italy,Consumer,2023-09-21,Monthly,440.61
CUST_008574,Germany,SMB,2024-09-18,Two-Year,184.93
CUST_008575,Netherlands,Consumer,2024-07-17,Monthly,348.3
CUST_008576,Germany,Consumer,2022-12-27,Annual,130.8
CUST_008577,Spain,SMB,2021-02-07,Annual,255.63
CUST_008578,Spain,Consumer,2024-03-02,Annual,270.97
CUST_008579,France,Enterprise,2025-06-17,Monthly,137.78
CUST_008580,Spain,Consumer,2025-04-24,Monthly,205.95
CUST_008581,France,Consumer,2025-04-20,Two-Year,145.65
CUST_008582,Germany,SMB,2022-09-27,Monthly,68.32
CUST_008583,Germany,Consumer,2025-07-12,Monthly,227.19
CUST_008584,Spain,Enterprise,2021-01-26,Monthly,290.54
CUST_008585,Italy,Consumer,2022-08-01,Annual,63.23
CUST_008586,Germany,Consumer,2024-02-18,Monthly,191.79
CUST_008587,Spain,Consumer,2022-07-23,Annual,242.1
CUST_008588,Germany,Consumer,2021-02-17,Monthly,467.61
CUST_008589,Germany,Consumer,2021-11-15,Annual,312.95
CUST_008590,France,Consumer,2025-09-08,Two-Year,472.29
CUST_008591,Germany,Consumer,2023-02-21,Annual,271.7
CUST_008592,Spain,Consumer,2021-11-04,Annual,405.56
CUST_008593,Italy,Consumer,2024-02-05,Annual,66.2
CUST_008594,Germany,Consumer,2022-11-15,Annual,290.92
CUST_008595,Spain,Consumer,2022-12-20,Monthly,189.41
CUST_008596,Italy,Consumer,2025-09-24,Annual,369.65
CUST_008597,France,Consumer,2023-09-19,Monthly,441.25
CUST_008598,France,Consumer,2021-05-26,Monthly,361.88
CUST_008599,Germany,Consumer,2025-09-17,Monthly,62.38
CUST_008600,Germany,Consumer,2021-01-08,Monthly,318.11
CUST_008601,Germany,Enterprise,2024-06-07,Monthly,377.17
CUST_008602,Spain,Consumer,2021-07-09,Annual,34.32
CUST_008603,Spain,Consumer,2022-05-12,Annual,101.47
CUST_008604,Netherlands,SMB,2025-12-06,Monthly,346.54
CUST_008605,France,Consumer,2021-11-04,Monthly,171.16
CUST_008606,Germany,Consumer,2025-11-10,Annual,49.85
CUST_008607,Spain,SMB,2022-06-19,Annual,446.92
CUST_008608,France,SMB,2022-12-04,Annual,477.04
CUST_008609,Spain,Enterprise,2025-09-08,Monthly,199.27
CUST_008610,Spain,Enterprise,2024-09-18,Annual,496.58
CUST_008611,Spain,Consumer,2022-06-22,Monthly,431.16
CUST_008612,France,SMB,2024-09-05,Annual,286.81
CUST_008613,France,Consumer,2023-05-22,Monthly,378.67
CUST_008614,Spain,Enterprise,2021-07-02,Monthly,469.4
CUST_008615,Spain,Consumer,2022-04-06,Two-Year,369.11
CUST_008616,France,Consumer,2022-03-06,Two-Year,181.99
CUST_008617,France,Consumer,2023-05-16,Monthly,112.65
CUST_008618,France,Consumer,2025-06-12,Monthly,227.24
CUST_008619,Spain,Consumer,2023-11-06,Two-Year,109.6
CUST_008620,France,SMB,2021-10-30,Monthly,30.33
CUST_008621,Netherlands,Consumer,2024-01-15,Two-Year,238.85
CUST_008622,France,SMB,2023-08-10,Monthly,178.04
CUST_008623,Spain,Consumer,2022-12-09,Monthly,65.73
CUST_008624,France,Consumer,2022-03-22,Monthly,438.3
CUST_008625,Germany,Consumer,2024-07-25,Annual,79.01
CUST_008626,Spain,Consumer,2023-10-16,Monthly,322.59
CUST_008627,Germany,Consumer,2023-02-24,Monthly,293.27
CUST_008628,Netherlands,Consumer,2021-12-25,Two-Year,489.92
CUST_008629,Germany,Consumer,2021-08-09,Monthly,141.84
CUST_008630,Italy,SMB,2022-01-29,Annual,133.04
CUST_008631,Germany,Consumer,2024-02-07,Monthly,321.06
CUST_008632,Germany,SMB,2021-03-27,Annual,287.96
CUST_008633,Spain,SMB,2021-05-11,Monthly,409.67
CUST_008634,France,Consumer,2025-12-14,Annual,103.07
CUST_008635,Spain,Enterprise,2022-05-05,Annual,164.3
CUST_008636,Germany,SMB,2021-07-26,Two-Year,22.4
CUST_008637,Spain,SMB,2025-10-28,Two-Year,366.36
CUST_008638,Germany,SMB,2023-01-29,Monthly,176.22
CUST_008639,Germany,Consumer,2021-01-02,Monthly,133.32
CUST_008640,Spain,Enterprise,2023-02-02,Monthly,310.37
CUST_008641,Spain,Consumer,2021-02-07,Annual,140.82
CUST_008642,Netherlands,Consumer,2022-07-09,Monthly,47.24
CUST_008643,Spain,SMB,2025-09-22,Annual,133.4
CUST_008644,Germany,Consumer,2024-12-20,Two-Year,427.87
CUST_008645,Germany,SMB,2023-02-03,Monthly,305.78
CUST_008646,Germany,Consumer,2022-09-09,Monthly,246.16
CUST_008647,France,Consumer,2023-12-03,Annual,255.88
CUST_008648,Spain,Enterprise,2024-02-17,Monthly,498.54
CUST_008649,Germany,Consumer,2024-10-17,Monthly,35.12
CUST_008650,France,Consumer,2023-09-19,Monthly,97.38
CUST_008651,Germany,SMB,2021-05-22,Two-Year,435.44
CUST_008652,Netherlands,SMB,2025-04-27,Annual,276.72
CUST_008653,Netherlands,SMB,2022-09-06,Monthly,497.63
CUST_008654,Spain,Consumer,2025-02-05,Monthly,348.28
CUST_008655,Germany,Enterprise,2025-01-20,Annual,367.24
CUST_008656,Spain,SMB,2022-02-02,Monthly,298.29
CUST_008657,Spain,SMB,2023-07-29,Two-Year,28.33
CUST_008658,Germany,Consumer,2024-10-01,Annual,455.84
CUST_008659,France,Consumer,2022-10-16,Two-Year,271.04
CUST_008660,Germany,Consumer,2024-12-18,Annual,24.35
CUST_008661,Spain,Consumer,2023-08-15,Two-Year,120.75
CUST_008662,Spain,Consumer,2025-08-06,Annual,188.18
CUST_008663,Netherlands,Consumer,2025-06-26,Annual,157.37
CUST_008664,Netherlands,SMB,2025-10-25,Monthly,33.33
CUST_008665,Spain,Consumer,2022-02-07,Annual,154.51
CUST_008666,France,Consumer,2024-09-07,Annual,450.23
CUST_008667,Germany,Consumer,2024-10-04,Monthly,302.64
CUST_008668,France,Enterprise,2023-04-02,Annual,176.94
CUST_008669,France,Consumer,2021-11-04,Monthly,62.29
CUST_008670,Italy,Consumer,2022-06-19,Monthly,380.62
CUST_008671,Spain,Enterprise,2023-07-30,Monthly,364.81
CUST_008672,Germany,SMB,2025-04-28,Monthly,21.14
CUST_008673,Netherlands,Consumer,2025-07-31,Monthly,496.84
CUST_008674,Spain,SMB,2025-07-30,Two-Year,147.51
CUST_008675,Spain,Enterprise,2025-09-25,Annual,145.95
CUST_008676,France,Consumer,2021-06-28,Two-Year,164.5
CUST_008677,Italy,SMB,2025-12-23,Two-Year,481.62
CUST_008678,France,Consumer,2023-10-10,Monthly,423.73
CUST_008679,Italy,SMB,2021-07-01,Annual,325.9
CUST_008680,France,SMB,2021-08-24,Monthly,257.25
CUST_008681,Spain,Enterprise,2022-04-11,Two-Year,176.97
CUST_008682,France,SMB,2022-04-05,Monthly,180.83
CUST_008683,Italy,Consumer,2021-07-22,Monthly,176.32
CUST_008684,Italy,Consumer,2022-12-01,Monthly,434.05
CUST_008685,Spain,Enterprise,2023-09-25,Annual,347.03
CUST_008686,Spain,Consumer,2022-07-23,Monthly,215.27
CUST_008687,Italy,Consumer,2024-05-04,Monthly,496.9
CUST_008688,Spain,SMB,2024-07-31,Two-Year,105.19
CUST_008689,Spain,Consumer,2023-01-01,Monthly,56.81
CUST_008690,Italy,Consumer,2021-05-25,Annual,196.71
CUST_008691,Germany,Consumer,2022-07-24,Annual,491.29
CUST_008692,Germany,Consumer,2024-01-26,Monthly,31.53
CUST_008693,Spain,SMB,2022-12-18,Monthly,58.88
CUST_008694,Spain,Consumer,2023-11-28,Monthly,183.9
CUST_008695,Italy,Consumer,2025-03-19,Two-Year,493.96
CUST_008696,Germany,SMB,2024-12-08,Annual,184.86
CUST_008697,Spain,Consumer,2024-02-13,Monthly,345.48
CUST_008698,Germany,SMB,2021-06-26,Annual,434.73
CUST_008699,Spain,Consumer,2024-09-25,Monthly,341.87
CUST_008700,Spain,Consumer,2022-08-31,Monthly,63.11
CUST_008701,Spain,Consumer,2023-01-29,Monthly,91.3
CUST_008702,Germany,SMB,2024-06-26,Annual,144.25
CUST_008703,Spain,Enterprise,2025-02-28,Monthly,402.07
CUST_008704,Germany,Consumer,2024-07-23,Annual,404.91
CUST_008705,Germany,Consumer,2022-07-05,Monthly,101.72
CUST_008706,Germany,Consumer,2023-04-02,Annual,201.97
CUST_008707,Spain,Consumer,2022-10-24,Annual,87.11
CUST_008708,Spain,Consumer,2023-04-24,Monthly,247.08
CUST_008709,Spain,Enterprise,2024-10-13,Monthly,194.86
CUST_008710,Germany,SMB,2025-10-29,Annual,496.21
CUST_008711,France,Consumer,2022-12-15,Monthly,206.58
CUST_008712,Spain,Consumer,2022-08-19,Monthly,44.01
CUST_008713,Italy,Consumer,2025-06-01,Annual,269.83
CUST_008714,France,Consumer,2021-10-02,Annual,455.45
CUST_008715,Spain,Consumer,2022-12-15,Annual,197.35
CUST_008716,Spain,Enterprise,2025-10-06,Monthly,412.88
CUST_008717,Spain,Consumer,2025-05-30,Monthly,220.03
CUST_008718,Spain,Consumer,2025-01-18,Annual,292.81
CUST_008719,Germany,Consumer,2025-06-11,Annual,261.12
CUST_008720,Spain,Consumer,2022-03-09,Monthly,439.6
CUST_008721,Italy,Enterprise,2021-04-17,Monthly,292.66
CUST_008722,Germany,SMB,2025-04-15,Monthly,201.95
CUST_008723,France,SMB,2023-06-18,Monthly,388.16
CUST_008724,Italy,SMB,2022-04-06,Two-Year,44.16
CUST_008725,Germany,Consumer,2023-05-22,Monthly,150.81
CUST_008726,Netherlands,SMB,2025-02-19,Annual,157.49
CUST_008727,Netherlands,SMB,2023-06-18,Monthly,293.09
CUST_008728,Germany,Consumer,2024-02-22,Monthly,420.4
CUST_008729,Spain,Consumer,2023-07-27,Annual,285.83
CUST_008730,Germany,SMB,2023-06-01,Annual,240.0
CUST_008731,Spain,Enterprise,2025-10-06,Monthly,51.35
CUST_008732,Germany,Consumer,2025-08-22,Monthly,485.63
CUST_008733,Germany,Enterprise,2023-02-14,Monthly,161.86
CUST_008734,Germany,Enterprise,2025-01-17,Monthly,82.24
CUST_008735,Italy,Enterprise,2024-08-12,Annual,419.78
CUST_008736,Spain,Consumer,2021-08-26,Monthly,447.37
CUST_008737,Germany,Consumer,2025-03-27,Monthly,163.32
CUST_008738,Germany,SMB,2024-07-12,Annual,283.32
CUST_008739,Italy,Consumer,2025-04-13,Two-Year,396.06
CUST_008740,France,Consumer,2024-12-12,Monthly,30.42
CUST_008741,Spain,SMB,2025-09-03,Annual,493.72
CUST_008742,France,Consumer,2023-09-16,Monthly,175.5
CUST_008743,Spain,Consumer,2021-04-22,Monthly,250.29
CUST_008744,France,Enterprise,2022-05-20,Monthly,44.27
CUST_008745,France,Consumer,2021-09-24,Annual,42.53
CUST_008746,Germany,Enterprise,2022-03-05,Monthly,73.59
CUST_008747,France,Consumer,2023-11-12,Two-Year,174.14
CUST_008748,Italy,Consumer,2025-11-14,Monthly,462.33
CUST_008749,Italy,Consumer,2024-10-24,Annual,267.41
CUST_008750,Germany,Consumer,2023-03-09,Monthly,176.36
CUST_008751,France,Consumer,2023-06-15,Monthly,236.55
CUST_008752,Germany,SMB,2023-08-06,Annual,147.22
CUST_008753,Italy,Enterprise,2023-01-20,Monthly,319.53
CUST_008754,Italy,Consumer,2023-12-29,Annual,263.44
CUST_008755,Spain,Consumer,2025-09-16,Annual,201.7
CUST_008756,Spain,SMB,2021-07-03,Annual,349.34
CUST_008757,Spain,Consumer,2022-10-13,Annual,208.01
CUST_008758,Spain,Consumer,2021-05-29,Monthly,407.14
CUST_008759,Germany,Consumer,2025-04-03,Annual,307.24
CUST_008760,Spain,Consumer,2021-12-28,Annual,117.03
CUST_008761,France,Consumer,2024-04-07,Annual,98.33
CUST_008762,Spain,Consumer,2021-04-30,Annual,142.86
CUST_008763,Spain,SMB,2023-05-21,Annual,460.76
CUST_008764,France,Consumer,2025-06-29,Annual,415.24
CUST_008765,Germany,Consumer,2025-10-06,Monthly,486.66
CUST_008766,Germany,Consumer,2021-09-28,Monthly,377.28
CUST_008767,Italy,Consumer,2024-04-22,Monthly,458.93
CUST_008768,Netherlands,Enterprise,2022-02-18,Monthly,190.57
CUST_008769,France,SMB,2024-08-25,Annual,317.55
CUST_008770,Spain,Enterprise,2023-09-09,Monthly,207.92
CUST_008771,Spain,Consumer,2024-12-28,Monthly,435.14
CUST_008772,Netherlands,Consumer,2025-06-25,Two-Year,498.55
CUST_008773,France,Consumer,2022-10-09,Two-Year,377.85
CUST_008774,Italy,Consumer,2021-03-31,Annual,395.14
CUST_008775,France,Consumer,2022-08-03,Monthly,442.85
CUST_008776,Spain,Consumer,2022-01-30,Monthly,65.76
CUST_008777,Germany,Consumer,2021-08-16,Monthly,251.26
CUST_008778,Italy,Consumer,2024-08-02,Monthly,371.6
CUST_008779,Italy,Consumer,2025-07-07,Monthly,310.42
CUST_008780,Spain,Consumer,2023-08-07,Annual,279.36
CUST_008781,France,Consumer,2023-08-31,Monthly,205.19
CUST_008782,Spain,Enterprise,2023-12-22,Monthly,125.82
CUST_008783,Netherlands,Consumer,2025-06-29,Annual,462.75
CUST_008784,Spain,Consumer,2021-01-31,Monthly,372.38
CUST_008785,France,Consumer,2023-08-20,Monthly,314.5
CUST_008786,Spain,Consumer,2025-05-02,Monthly,60.98
CUST_008787,France,SMB,2021-10-24,Monthly,73.6
CUST_008788,France,Consumer,2023-11-23,Annual,227.53
CUST_008789,Germany,Enterprise,2021-01-14,Monthly,80.35
CUST_008790,Italy,Enterprise,2025-03-04,Monthly,91.48
CUST_008791,Italy,Consumer,2024-04-11,Annual,59.03
CUST_008792,Italy,Enterprise,2025-10-26,Annual,161.15
CUST_008793,Germany,SMB,2022-07-02,Monthly,25.33
CUST_008794,France,Enterprise,2024-08-29,Annual,371.49
CUST_008795,France,Consumer,2024-11-05,Monthly,307.68
CUST_008796,France,Enterprise,2021-02-26,Monthly,263.67
CUST_008797,Germany,Consumer,2024-10-18,Annual,493.71
CUST_008798,France,Consumer,2024-07-23,Monthly,251.31
CUST_008799,Spain,Enterprise,2024-01-27,Monthly,437.43
CUST_008800,Germany,Consumer,2023-10-26,Two-Year,110.9
CUST_008801,Spain,Consumer,2025-01-01,Monthly,147.11
CUST_008802,Spain,Consumer,2021-07-09,Monthly,177.69
CUST_008803,Spain,Consumer,2022-12-19,Monthly,495.36
CUST_008804,Spain,Consumer,2022-05-09,Two-Year,455.65
CUST_008805,Italy,Consumer,2025-03-24,Monthly,235.33
CUST_008806,Germany,Consumer,2021-11-05,Two-Year,425.34
CUST_008807,Spain,SMB,2021-04-21,Monthly,131.94
CUST_008808,Italy,Consumer,2025-08-16,Annual,304.45
CUST_008809,Netherlands,SMB,2022-12-25,Monthly,97.69
CUST_008810,Italy,Consumer,2024-12-23,Monthly,296.1
CUST_008811,Italy,SMB,2022-03-02,Monthly,126.68
CUST_008812,Netherlands,SMB,2024-07-03,Monthly,301.16
CUST_008813,France,Enterprise,2025-08-18,Monthly,225.76
CUST_008814,Netherlands,Consumer,2024-10-25,Monthly,288.21
CUST_008815,Netherlands,Consumer,2022-06-22,Annual,97.37
CUST_008816,Germany,Enterprise,2024-01-03,Annual,263.11
CUST_008817,Italy,SMB,2025-02-27,Monthly,171.86
CUST_008818,Italy,Consumer,2025-04-11,Annual,89.09
CUST_008819,Italy,SMB,2022-07-01,Annual,260.19
CUST_008820,Italy,SMB,2022-02-22,Two-Year,86.45
CUST_008821,Germany,Consumer,2023-03-03,Monthly,225.11
CUST_008822,Germany,SMB,2022-04-03,Monthly,175.11
CUST_008823,France,SMB,2024-08-08,Two-Year,280.65
CUST_008824,France,Consumer,2023-12-17,Two-Year,252.22
CUST_008825,Italy,Consumer,2023-05-26,Two-Year,84.6
CUST_008826,Italy,Consumer,2025-01-19,Annual,153.93
CUST_008827,France,Consumer,2022-01-26,Annual,287.24
CUST_008828,Netherlands,Consumer,2025-03-07,Two-Year,420.28
CUST_008829,Spain,SMB,2023-10-27,Monthly,48.42
CUST_008830,Netherlands,Consumer,2025-11-18,Monthly,63.62
CUST_008831,Spain,Enterprise,2024-01-01,Two-Year,402.52
CUST_008832,France,SMB,2024-10-23,Annual,183.12
CUST_008833,Spain,SMB,2021-12-13,Monthly,143.29
CUST_008834,France,Consumer,2022-03-01,Monthly,130.22
CUST_008835,Germany,Consumer,2023-10-13,Two-Year,485.94
CUST_008836,Spain,SMB,2022-02-26,Monthly,265.16
CUST_008837,France,Consumer,2021-03-22,Annual,97.23
CUST_008838,France,Consumer,2023-03-25,Monthly,214.88
CUST_008839,Spain,Consumer,2022-04-27,Monthly,145.11
CUST_008840,France,Consumer,2024-04-02,Annual,100.97
CUST_008841,Spain,SMB,2023-11-20,Two-Year,489.72
CUST_008842,Spain,Consumer,2023-07-26,Annual,233.65
CUST_008843,Spain,Consumer,2025-02-27,Monthly,351.8
CUST_008844,France,Consumer,2021-05-04,Monthly,451.31
CUST_008845,Italy,Consumer,2024-12-02,Monthly,118.7
CUST_008846,France,Consumer,2023-05-30,Two-Year,81.45
CUST_008847,Italy,Enterprise,2024-06-25,Monthly,144.92
CUST_008848,France,Enterprise,2025-02-01,Two-Year,362.03
CUST_008849,Italy,Enterprise,2022-07-06,Two-Year,203.35
CUST_008850,Netherlands,Consumer,2022-03-15,Monthly,254.76
CUST_008851,Germany,Consumer,2024-10-06,Monthly,29.72
CUST_008852,Spain,Consumer,2024-03-05,Two-Year,22.04
CUST_008853,Spain,SMB,2021-12-07,Monthly,215.4
CUST_008854,France,SMB,2022-05-08,Two-Year,92.17
CUST_008855,Germany,SMB,2025-04-09,Monthly,399.73
CUST_008856,Spain,Consumer,2023-10-12,Monthly,476.62
CUST_008857,Italy,Consumer,2025-07-22,Monthly,464.34
CUST_008858,Netherlands,Enterprise,2024-07-03,Monthly,243.46
CUST_008859,Spain,Consumer,2022-01-12,Annual,157.69
CUST_008860,Spain,SMB,2022-01-14,Annual,252.23
CUST_008861,Spain,SMB,2025-10-29,Monthly,69.94
CUST_008862,Germany,Consumer,2024-09-12,Annual,473.09
CUST_008863,Italy,Enterprise,2023-12-22,Monthly,342.22
CUST_008864,France,Enterprise,2024-05-20,Two-Year,157.54
CUST_008865,Spain,SMB,2023-01-27,Two-Year,384.44
CUST_008866,Germany,Consumer,2022-07-26,Annual,137.6
CUST_008867,Spain,Consumer,2025-02-13,Two-Year,380.7
CUST_008868,Germany,SMB,2025-06-23,Monthly,212.87
CUST_008869,Germany,Consumer,2025-07-13,Monthly,434.68
CUST_008870,France,Consumer,2024-11-26,Monthly,495.1
CUST_008871,Germany,Consumer,2025-05-11,Annual,173.7
CUST_008872,Italy,Consumer,2023-08-10,Monthly,284.56
CUST_008873,Spain,SMB,2022-07-23,Two-Year,134.21
CUST_008874,Italy,Consumer,2021-05-31,Monthly,404.17
CUST_008875,Spain,Consumer,2022-07-18,Monthly,256.14
CUST_008876,Germany,Consumer,2023-03-16,Annual,492.22
CUST_008877,Italy,Consumer,2021-06-02,Annual,445.71
CUST_008878,France,Consumer,2022-08-26,Monthly,150.89
CUST_008879,Spain,Consumer,2025-08-23,Annual,77.36
CUST_008880,Germany,Consumer,2022-04-25,Annual,317.53
CUST_008881,France,Consumer,2022-12-19,Monthly,172.66
CUST_008882,Netherlands,SMB,2024-03-21,Annual,141.78
CUST_008883,France,Consumer,2025-06-04,Monthly,281.66
CUST_008884,Spain,Consumer,2025-08-11,Annual,278.34
CUST_008885,Germany,Consumer,2025-01-23,Monthly,278.05
CUST_008886,Spain,SMB,2021-09-25,Annual,161.23
CUST_008887,Spain,Consumer,2021-07-23,Monthly,94.58
CUST_008888,France,Consumer,2024-09-16,Monthly,108.16
CUST_008889,Italy,SMB,2025-06-05,Annual,365.67
CUST_008890,Spain,SMB,2024-02-10,Monthly,244.66
CUST_008891,Italy,Consumer,2025-07-28,Annual,245.3
CUST_008892,France,SMB,2024-05-03,Annual,488.84
CUST_008893,Italy,SMB,2022-10-03,Monthly,460.61
CUST_008894,Spain,Consumer,2025-03-24,Monthly,51.18
CUST_008895,Germany,Enterprise,2024-10-15,Annual,402.88
CUST_008896,Spain,Consumer,2022-11-17,Monthly,139.0
CUST_008897,Spain,SMB,2023-12-13,Monthly,366.7
CUST_008898,Germany,Enterprise,2023-11-25,Monthly,103.21
CUST_008899,Germany,Enterprise,2021-06-30,Monthly,89.78
CUST_008900,Spain,Consumer,2022-05-21,Annual,470.82
CUST_008901,Spain,SMB,2022-02-20,Two-Year,287.99
CUST_008902,Netherlands,Consumer,2022-06-03,Annual,187.83
CUST_008903,Italy,Consumer,2023-08-18,Annual,447.74
CUST_008904,Germany,Enterprise,2023-07-27,Monthly,159.12
CUST_008905,Netherlands,Consumer,2025-04-17,Annual,50.67
CUST_008906,Spain,SMB,2021-01-14,Annual,209.5
CUST_008907,Germany,Consumer,2025-02-14,Monthly,359.5
CUST_008908,Italy,Consumer,2022-03-30,Annual,337.78
CUST_008909,Germany,Consumer,2022-10-04,Monthly,247.38
CUST_008910,Spain,Consumer,2021-10-04,Monthly,264.88
CUST_008911,Germany,Consumer,2021-01-25,Monthly,274.14
CUST_008912,Germany,Consumer,2021-08-07,Monthly,199.77
CUST_008913,France,Enterprise,2022-02-14,Monthly,59.82
CUST_008914,Germany,SMB,2022-12-04,Monthly,95.75
CUST_008915,Germany,SMB,2022-07-24,Monthly,367.65
CUST_008916,Spain,Consumer,2021-07-10,Monthly,408.83
CUST_008917,Germany,Consumer,2022-09-10,Monthly,209.85
CUST_008918,Spain,SMB,2021-10-09,Monthly,178.05
CUST_008919,Italy,Consumer,2024-06-02,Annual,311.69
CUST_008920,France,Consumer,2024-05-06,Annual,30.45
CUST_008921,Germany,Enterprise,2021-04-25,Monthly,293.37
CUST_008922,France,Consumer,2024-04-04,Monthly,245.14
CUST_008923,Spain,Enterprise,2025-07-17,Monthly,232.13
CUST_008924,Germany,Consumer,2025-09-22,Monthly,20.69
CUST_008925,Germany,Consumer,2021-04-14,Monthly,472.58
CUST_008926,Germany,Consumer,2025-08-08,Monthly,103.23
CUST_008927,France,Enterprise,2023-01-14,Monthly,74.24
CUST_008928,Netherlands,SMB,2025-05-15,Annual,205.2
CUST_008929,Germany,SMB,2022-01-07,Monthly,393.81
CUST_008930,Germany,Consumer,2024-06-15,Monthly,387.2
CUST_008931,France,Enterprise,2025-01-05,Monthly,265.67
CUST_008932,Spain,Consumer,2022-05-02,Two-Year,283.61
CUST_008933,Spain,Consumer,2024-09-08,Annual,238.5
CUST_008934,Netherlands,SMB,2021-11-22,Annual,32.14
CUST_008935,Italy,SMB,2024-07-19,Two-Year,153.37
CUST_008936,Netherlands,SMB,2025-09-30,Annual,206.69
CUST_008937,Spain,Consumer,2022-07-01,Monthly,286.14
CUST_008938,Spain,Enterprise,2025-10-19,Annual,336.33
CUST_008939,Germany,Consumer,2024-05-03,Monthly,494.07
CUST_008940,Netherlands,Enterprise,2023-07-11,Annual,263.54
CUST_008941,Spain,Consumer,2022-08-21,Monthly,342.51
CUST_008942,Spain,Consumer,2023-09-29,Monthly,481.11
CUST_008943,Spain,Consumer,2025-12-02,Monthly,153.77
CUST_008944,Italy,Consumer,2021-01-10,Monthly,237.79
CUST_008945,Italy,Consumer,2025-05-01,Annual,366.07
CUST_008946,France,SMB,2021-09-29,Monthly,291.28
CUST_008947,Spain,SMB,2025-05-20,Monthly,448.72
CUST_008948,France,Consumer,2023-09-24,Monthly,291.72
CUST_008949,Germany,Consumer,2025-06-30,Annual,462.73
CUST_008950,Spain,SMB,2021-11-28,Annual,91.31
CUST_008951,Spain,Enterprise,2021-03-29,Annual,405.69
CUST_008952,Germany,Consumer,2023-05-25,Monthly,122.37
CUST_008953,Germany,Enterprise,2024-11-21,Monthly,43.58
CUST_008954,Netherlands,Consumer,2024-12-22,Monthly,73.59
CUST_008955,Germany,SMB,2024-10-27,Monthly,298.74
CUST_008956,Germany,SMB,2025-01-02,Monthly,159.6
CUST_008957,France,Consumer,2024-11-16,Two-Year,89.1
CUST_008958,France,Consumer,2025-04-23,Monthly,321.96
CUST_008959,Spain,SMB,2021-11-08,Monthly,254.22
CUST_008960,France,Consumer,2022-03-07,Annual,202.66
CUST_008961,Spain,Consumer,2021-01-07,Monthly,277.14
CUST_008962,Germany,Consumer,2023-02-28,Monthly,433.48
CUST_008963,France,SMB,2022-04-26,Annual,367.85
CUST_008964,France,Consumer,2024-02-19,Annual,257.69
CUST_008965,Germany,Consumer,2023-10-07,Annual,414.84
CUST_008966,Spain,Enterprise,2023-11-28,Two-Year,434.03
CUST_008967,Germany,SMB,2024-04-17,Monthly,200.62
CUST_008968,Germany,Consumer,2025-12-30,Annual,91.9
CUST_008969,Netherlands,Consumer,2021-07-14,Two-Year,75.22
CUST_008970,Germany,Consumer,2022-05-20,Monthly,326.65
CUST_008971,Italy,Consumer,2023-02-02,Annual,469.42
CUST_008972,Germany,Consumer,2021-05-11,Two-Year,38.5
CUST_008973,Italy,Consumer,2025-02-03,Annual,258.68
CUST_008974,Spain,Consumer,2022-12-10,Monthly,113.24
CUST_008975,Spain,SMB,2021-11-01,Monthly,275.13
CUST_008976,Spain,Consumer,2023-08-04,Annual,431.2
CUST_008977,Spain,Consumer,2021-12-17,Two-Year,397.73
CUST_008978,Netherlands,Enterprise,2022-12-09,Monthly,486.22
CUST_008979,France,Consumer,2024-03-22,Monthly,252.57
CUST_008980,France,SMB,2022-08-07,Monthly,338.43
CUST_008981,Germany,Consumer,2025-03-01,Monthly,451.29
CUST_008982,France,Consumer,2022-04-15,Annual,354.86
CUST_008983,France,Consumer,2021-07-29,Annual,482.81
CUST_008984,Italy,Consumer,2023-02-20,Annual,137.86
CUST_008985,France,SMB,2021-12-16,Annual,84.79
CUST_008986,France,Consumer,2024-06-12,Annual,91.58
CUST_008987,Spain,Consumer,2023-08-15,Annual,429.16
CUST_008988,Netherlands,Consumer,2021-09-29,Monthly,45.36
CUST_008989,Spain,Consumer,2022-09-07,Monthly,408.76
CUST_008990,Germany,Consumer,2025-04-30,Annual,242.77
CUST_008991,Italy,Consumer,2025-02-04,Monthly,351.79
CUST_008992,Spain,Consumer,2024-03-16,Monthly,377.86
CUST_008993,Spain,SMB,2025-07-08,Monthly,223.71
CUST_008994,Germany,SMB,2021-07-16,Annual,90.12
CUST_008995,Germany,Consumer,2024-08-29,Monthly,316.15
CUST_008996,Netherlands,Enterprise,2021-02-12,Annual,479.13
CUST_008997,Italy,Consumer,2024-01-01,Monthly,32.26
CUST_008998,Germany,Consumer,2021-04-04,Two-Year,128.94
CUST_008999,Netherlands,SMB,2022-09-17,Annual,439.72
CUST_009000,France,SMB,2021-06-15,Annual,53.49
CUST_009001,Italy,Consumer,2022-04-09,Annual,24.86
CUST_009002,Spain,Enterprise,2024-03-21,Annual,441.35
CUST_009003,Germany,Enterprise,2024-11-29,Monthly,388.7
CUST_009004,Spain,Consumer,2025-09-15,Monthly,141.86
CUST_009005,Spain,Consumer,2025-12-10,Two-Year,483.9
CUST_009006,France,SMB,2021-09-01,Two-Year,361.96
CUST_009007,Spain,Enterprise,2025-08-07,Two-Year,77.17
CUST_009008,Germany,Consumer,2022-06-04,Two-Year,241.05
CUST_009009,France,Consumer,2025-06-04,Annual,435.23
CUST_009010,Spain,SMB,2025-05-01,Annual,340.51
CUST_009011,Germany,Consumer,2025-08-06,Annual,301.19
CUST_009012,France,SMB,2023-07-13,Monthly,220.16
CUST_009013,Italy,Consumer,2024-10-02,Annual,139.06
CUST_009014,Spain,SMB,2023-02-19,Annual,314.53
CUST_009015,Netherlands,Consumer,2021-05-23,Annual,93.84
CUST_009016,Italy,Consumer,2023-05-15,Monthly,408.76
CUST_009017,France,SMB,2022-01-03,Annual,120.6
CUST_009018,Germany,Consumer,2021-07-04,Two-Year,77.87
CUST_009019,France,Consumer,2021-09-02,Monthly,54.57
CUST_009020,Italy,Consumer,2022-02-05,Monthly,411.16
CUST_009021,Germany,Enterprise,2024-12-25,Annual,244.54
CUST_009022,Netherlands,Consumer,2025-10-23,Annual,211.36
CUST_009023,Netherlands,SMB,2025-04-02,Annual,270.17
CUST_009024,Germany,Consumer,2024-03-20,Annual,301.91
CUST_009025,France,SMB,2025-05-31,Monthly,442.75
CUST_009026,Germany,Consumer,2022-06-07,Monthly,185.02
CUST_009027,Italy,Consumer,2025-07-17,Two-Year,109.81
CUST_009028,Italy,Consumer,2025-09-26,Monthly,437.15
CUST_009029,Spain,Consumer,2021-09-29,Monthly,250.68
CUST_009030,Spain,SMB,2022-12-27,Monthly,298.16
CUST_009031,Germany,SMB,2022-05-28,Monthly,95.92
CUST_009032,Netherlands,SMB,2021-09-15,Monthly,433.83
CUST_009033,Germany,SMB,2021-11-12,Annual,470.42
CUST_009034,Italy,SMB,2025-10-29,Monthly,234.84
CUST_009035,Germany,Enterprise,2021-11-28,Annual,29.67
CUST_009036,Spain,SMB,2024-04-30,Monthly,32.99
CUST_009037,Netherlands,Consumer,2025-05-13,Two-Year,165.1
CUST_009038,France,Consumer,2024-10-06,Monthly,256.08
CUST_009039,Germany,Consumer,2023-04-09,Monthly,227.75
CUST_009040,Spain,SMB,2021-02-11,Monthly,293.06
CUST_009041,Spain,Consumer,2023-02-03,Two-Year,143.55
CUST_009042,Spain,Consumer,2022-06-02,Annual,120.68
CUST_009043,Germany,SMB,2025-04-28,Annual,487.58
CUST_009044,France,Consumer,2025-09-23,Monthly,154.68
CUST_009045,Germany,Consumer,2022-03-01,Monthly,474.33
CUST_009046,Spain,SMB,2021-10-11,Two-Year,294.33
CUST_009047,Spain,Consumer,2025-02-06,Monthly,53.6
CUST_009048,Germany,Consumer,2025-05-14,Annual,305.61
CUST_009049,Netherlands,Consumer,2025-12-01,Annual,493.06
CUST_009050,Germany,Consumer,2024-11-07,Annual,423.04
CUST_009051,Spain,Consumer,2023-04-27,Monthly,165.7
CUST_009052,France,Consumer,2022-11-23,Monthly,65.84
CUST_009053,Netherlands,SMB,2021-04-20,Monthly,241.01
CUST_009054,Italy,SMB,2025-06-08,Two-Year,67.37
CUST_009055,Italy,Consumer,2025-12-19,Annual,162.88
CUST_009056,Netherlands,Consumer,2025-08-12,Monthly,460.69
CUST_009057,France,Consumer,2023-11-14,Two-Year,333.71
CUST_009058,Netherlands,Consumer,2025-05-02,Monthly,396.05
CUST_009059,Spain,Consumer,2021-01-05,Monthly,279.48
CUST_009060,Italy,Consumer,2023-01-15,Monthly,100.7
CUST_009061,Italy,Consumer,2021-07-16,Two-Year,92.19
CUST_009062,Netherlands,SMB,2023-12-09,Monthly,387.57
CUST_009063,Germany,Consumer,2021-01-05,Monthly,226.07
CUST_009064,Italy,Enterprise,2022-07-13,Monthly,260.0
CUST_009065,Spain,Consumer,2023-02-05,Monthly,105.88
CUST_009066,France,SMB,2021-08-26,Monthly,193.6
CUST_009067,Germany,Consumer,2021-06-07,Monthly,83.47
CUST_009068,France,SMB,2025-07-06,Annual,118.17
CUST_009069,France,Enterprise,2022-05-13,Two-Year,446.67
CUST_009070,Germany,Consumer,2025-11-27,Monthly,364.01
CUST_009071,Spain,Consumer,2022-11-08,Two-Year,428.93
CUST_009072,Germany,Enterprise,2021-04-17,Annual,439.6
CUST_009073,France,Enterprise,2021-07-08,Two-Year,303.01
CUST_009074,France,Enterprise,2024-06-09,Monthly,166.02
CUST_009075,France,Consumer,2021-01-24,Annual,256.42
CUST_009076,Spain,Consumer,2025-09-30,Annual,29.05
CUST_009077,Italy,Consumer,2022-04-12,Monthly,412.32
CUST_009078,France,SMB,2024-01-16,Annual,405.26
CUST_009079,Spain,Consumer,2023-03-22,Monthly,264.0
CUST_009080,Germany,Consumer,2021-03-27,Annual,201.22
CUST_009081,Germany,Consumer,2024-07-07,Annual,102.85
CUST_009082,Germany,Consumer,2021-01-28,Monthly,56.28
CUST_009083,Spain,SMB,2024-12-26,Monthly,175.99
CUST_009084,Spain,Consumer,2023-07-10,Two-Year,469.99
CUST_009085,Spain,SMB,2022-07-07,Monthly,53.0
CUST_009086,Spain,Consumer,2025-09-13,Annual,475.59
CUST_009087,Spain,Consumer,2022-01-07,Annual,273.77
CUST_009088,Italy,Consumer,2022-05-25,Monthly,231.62
CUST_009089,Germany,Consumer,2024-03-25,Annual,79.02
CUST_009090,Germany,Consumer,2022-10-02,Two-Year,54.26
CUST_009091,France,SMB,2023-06-08,Two-Year,281.34
CUST_009092,Germany,Consumer,2024-12-24,Monthly,307.33
CUST_009093,Spain,Consumer,2025-07-26,Monthly,228.37
CUST_009094,Spain,SMB,2025-01-03,Monthly,157.92
CUST_009095,Spain,Consumer,2021-05-27,Annual,26.35
CUST_009096,France,Consumer,2025-09-20,Monthly,148.0
CUST_009097,Germany,Consumer,2023-02-08,Monthly,363.11
CUST_009098,Germany,Consumer,2025-03-12,Monthly,310.89
CUST_009099,France,Consumer,2022-06-06,Two-Year,95.89
CUST_009100,Netherlands,Consumer,2023-12-21,Monthly,400.85
CUST_009101,Germany,Consumer,2025-10-28,Annual,91.27
CUST_009102,Germany,Consumer,2025-09-11,Monthly,401.82
CUST_009103,Germany,SMB,2024-04-09,Annual,266.06
CUST_009104,France,SMB,2024-01-27,Annual,364.13
CUST_009105,France,Consumer,2021-02-23,Two-Year,59.85
CUST_009106,France,Consumer,2024-01-04,Annual,375.67
CUST_009107,Spain,SMB,2023-02-07,Monthly,366.3
CUST_009108,Germany,Consumer,2021-01-29,Monthly,104.12
CUST_009109,Italy,SMB,2025-09-22,Monthly,86.02
CUST_009110,Germany,Consumer,2023-04-12,Monthly,379.37
CUST_009111,Netherlands,Consumer,2024-11-05,Two-Year,219.76
CUST_009112,Germany,Consumer,2021-03-20,Monthly,330.89
CUST_009113,Germany,SMB,2022-03-24,Two-Year,24.34
CUST_009114,Germany,Consumer,2025-06-30,Monthly,108.15
CUST_009115,Germany,Consumer,2025-09-07,Two-Year,378.04
CUST_009116,Italy,Consumer,2021-01-20,Two-Year,115.46
CUST_009117,Spain,SMB,2025-06-18,Annual,58.54
CUST_009118,France,Consumer,2022-07-15,Monthly,104.05
CUST_009119,France,SMB,2022-01-30,Two-Year,419.55
CUST_009120,Italy,Consumer,2025-12-22,Two-Year,186.33
CUST_009121,France,Consumer,2023-09-04,Monthly,274.44
CUST_009122,Netherlands,Consumer,2024-12-22,Two-Year,297.2
CUST_009123,Italy,Enterprise,2021-09-09,Two-Year,198.87
CUST_009124,Germany,Consumer,2024-10-15,Monthly,64.98
CUST_009125,Italy,Consumer,2022-10-31,Monthly,143.27
CUST_009126,Netherlands,SMB,2024-07-25,Monthly,95.75
CUST_009127,Spain,Consumer,2024-04-12,Monthly,456.57
CUST_009128,France,Consumer,2021-04-04,Two-Year,375.24
CUST_009129,Spain,Consumer,2025-05-17,Two-Year,415.06
CUST_009130,France,SMB,2022-06-11,Monthly,409.88
CUST_009131,Spain,Consumer,2022-10-29,Annual,21.04
CUST_009132,France,SMB,2024-12-28,Annual,379.52
CUST_009133,Germany,SMB,2025-05-21,Monthly,251.39
CUST_009134,France,Consumer,2025-06-24,Annual,391.83
CUST_009135,Spain,Consumer,2023-04-11,Annual,480.72
CUST_009136,France,SMB,2022-10-02,Monthly,191.7
CUST_009137,Germany,Enterprise,2025-02-05,Monthly,310.3
CUST_009138,France,SMB,2022-04-19,Two-Year,166.21
CUST_009139,Germany,Consumer,2024-03-20,Monthly,449.03
CUST_009140,Spain,SMB,2022-03-07,Monthly,141.93
CUST_009141,Germany,SMB,2022-01-19,Two-Year,188.6
CUST_009142,Netherlands,Enterprise,2023-09-28,Two-Year,446.21
CUST_009143,Spain,Consumer,2025-04-29,Annual,68.41
CUST_009144,France,SMB,2022-06-17,Monthly,257.13
CUST_009145,Spain,SMB,2024-08-19,Annual,299.02
CUST_009146,France,Enterprise,2021-02-08,Annual,297.93
CUST_009147,Spain,SMB,2024-06-28,Monthly,77.64
CUST_009148,Germany,Enterprise,2022-12-15,Monthly,38.96
CUST_009149,Germany,Consumer,2021-05-17,Monthly,219.99
CUST_009150,Spain,Consumer,2023-10-09,Annual,237.85
CUST_009151,Germany,Consumer,2022-03-13,Two-Year,472.48
CUST_009152,Germany,SMB,2024-03-04,Annual,382.72
CUST_009153,Germany,Consumer,2021-03-20,Monthly,307.35
CUST_009154,Netherlands,SMB,2022-09-19,Monthly,120.85
CUST_009155,Germany,Enterprise,2022-03-07,Annual,452.7
CUST_009156,Netherlands,Enterprise,2022-07-28,Monthly,112.89
CUST_009157,Germany,SMB,2021-01-15,Monthly,474.74
CUST_009158,Spain,SMB,2022-06-03,Two-Year,474.05
CUST_009159,Spain,Consumer,2021-06-11,Two-Year,489.39
CUST_009160,Germany,Consumer,2024-02-13,Two-Year,155.85
CUST_009161,Germany,Consumer,2023-04-20,Monthly,85.99
CUST_009162,Italy,SMB,2022-06-02,Annual,321.81
CUST_009163,France,Consumer,2024-01-31,Annual,222.96
CUST_009164,France,Consumer,2025-08-02,Annual,206.48
CUST_009165,Germany,SMB,2023-09-17,Monthly,287.03
CUST_009166,Germany,Consumer,2022-05-30,Monthly,350.94
CUST_009167,France,SMB,2023-01-07,Monthly,179.42
CUST_009168,Spain,Consumer,2024-12-15,Two-Year,180.86
CUST_009169,Spain,SMB,2021-07-01,Annual,312.97
CUST_009170,Germany,Consumer,2022-08-07,Two-Year,54.23
CUST_009171,Spain,SMB,2023-05-08,Annual,355.97
CUST_009172,France,SMB,2024-03-05,Monthly,403.53
CUST_009173,Spain,Consumer,2023-11-19,Monthly,442.28
CUST_009174,Spain,Consumer,2024-06-30,Monthly,381.84
CUST_009175,Netherlands,Enterprise,2025-09-13,Two-Year,263.24
CUST_009176,Netherlands,Consumer,2021-11-15,Monthly,439.43
CUST_009177,Germany,SMB,2023-05-26,Monthly,255.67
CUST_009178,Germany,Consumer,2022-11-25,Annual,397.8
CUST_009179,Italy,SMB,2021-06-10,Annual,50.53
CUST_009180,Spain,Consumer,2021-08-21,Annual,360.34
CUST_009181,Germany,Consumer,2024-02-22,Monthly,60.37
CUST_009182,Spain,Consumer,2023-07-22,Annual,33.3
CUST_009183,Germany,Consumer,2022-06-19,Monthly,261.08
CUST_009184,Netherlands,Consumer,2025-07-19,Annual,77.33
CUST_009185,Italy,Enterprise,2022-07-22,Annual,176.06
CUST_009186,Netherlands,SMB,2023-12-25,Monthly,391.64
CUST_009187,France,Enterprise,2025-12-11,Monthly,284.14
CUST_009188,France,SMB,2024-07-05,Monthly,372.02
CUST_009189,Italy,SMB,2024-08-22,Monthly,396.11
CUST_009190,France,Consumer,2022-06-01,Annual,250.52
CUST_009191,Germany,Enterprise,2025-07-29,Monthly,493.11
CUST_009192,Spain,Consumer,2023-05-05,Monthly,117.01
CUST_009193,Germany,Consumer,2022-07-05,Annual,60.76
CUST_009194,Spain,SMB,2024-09-14,Annual,172.87
CUST_009195,Germany,Enterprise,2023-08-27,Two-Year,386.0
CUST_009196,Spain,Consumer,2021-08-28,Two-Year,66.2
CUST_009197,France,Consumer,2021-02-06,Monthly,244.04
CUST_009198,Spain,SMB,2021-08-11,Monthly,294.24
CUST_009199,Spain,SMB,2021-10-19,Annual,407.82
CUST_009200,Germany,Consumer,2022-02-14,Annual,426.03
CUST_009201,Spain,SMB,2022-09-23,Monthly,134.69
CUST_009202,Netherlands,Consumer,2022-03-09,Two-Year,151.57
CUST_009203,Germany,Consumer,2025-07-08,Annual,348.3
CUST_009204,Germany,SMB,2025-10-24,Monthly,432.69
CUST_009205,Spain,Consumer,2025-11-11,Annual,100.81
CUST_009206,Italy,SMB,2021-10-17,Monthly,366.87
CUST_009207,France,Consumer,2023-09-03,Two-Year,134.08
CUST_009208,Germany,SMB,2021-07-12,Monthly,106.72
CUST_009209,Spain,Consumer,2024-07-18,Annual,182.03
CUST_009210,France,Enterprise,2021-09-09,Annual,401.43
CUST_009211,Netherlands,SMB,2022-06-14,Monthly,376.42
CUST_009212,Germany,Consumer,2022-01-06,Annual,249.78
CUST_009213,Spain,Enterprise,2023-05-29,Monthly,362.81
CUST_009214,Spain,Consumer,2022-11-05,Monthly,214.81
CUST_009215,Spain,Consumer,2023-09-15,Monthly,121.04
CUST_009216,France,Enterprise,2021-12-27,Annual,424.65
CUST_009217,Netherlands,Enterprise,2023-07-18,Two-Year,45.82
CUST_009218,Netherlands,SMB,2021-06-10,Monthly,452.49
CUST_009219,Italy,Enterprise,2021-03-17,Annual,398.66
CUST_009220,Spain,Consumer,2021-09-07,Two-Year,367.32
CUST_009221,Netherlands,Consumer,2022-05-02,Monthly,293.18
CUST_009222,Germany,Consumer,2024-12-12,Two-Year,408.81
CUST_009223,Germany,Consumer,2022-08-27,Monthly,33.55
CUST_009224,France,SMB,2023-08-08,Annual,303.69
CUST_009225,Spain,Consumer,2024-05-23,Annual,145.3
CUST_009226,Italy,Consumer,2024-09-23,Two-Year,326.85
CUST_009227,Netherlands,Consumer,2023-12-03,Monthly,343.87
CUST_009228,Italy,Consumer,2021-11-19,Monthly,123.08
CUST_009229,Italy,SMB,2024-04-25,Annual,94.31
CUST_009230,Germany,Consumer,2022-07-12,Annual,301.98
CUST_009231,Spain,SMB,2023-12-16,Annual,471.48
CUST_009232,Italy,SMB,2025-11-29,Annual,338.45
CUST_009233,France,Consumer,2021-05-13,Annual,252.4
CUST_009234,Netherlands,Enterprise,2021-06-06,Monthly,469.03
CUST_009235,Spain,Enterprise,2022-04-02,Monthly,413.08
CUST_009236,Germany,Consumer,2023-03-13,Monthly,371.74
CUST_009237,Germany,SMB,2023-05-25,Monthly,229.95
CUST_009238,France,Consumer,2022-06-25,Annual,255.87
CUST_009239,Italy,Consumer,2025-07-03,Monthly,147.02
CUST_009240,Netherlands,SMB,2021-01-14,Monthly,412.1
CUST_009241,Spain,SMB,2023-09-22,Monthly,156.64
CUST_009242,Germany,SMB,2023-10-06,Two-Year,357.8
CUST_009243,Spain,SMB,2024-11-06,Monthly,439.98
CUST_009244,Spain,SMB,2023-10-02,Monthly,285.04
CUST_009245,Germany,Consumer,2021-09-05,Annual,95.12
CUST_009246,France,Consumer,2022-08-09,Monthly,31.94
CUST_009247,Germany,Consumer,2021-11-12,Annual,343.15
CUST_009248,Germany,Consumer,2023-05-13,Monthly,127.82
CUST_009249,France,SMB,2025-07-29,Annual,38.75
CUST_009250,Italy,Consumer,2022-12-17,Monthly,184.78
CUST_009251,Spain,Consumer,2022-10-28,Monthly,299.42
CUST_009252,Germany,Consumer,2023-04-28,Monthly,284.74
CUST_009253,France,Consumer,2021-10-31,Annual,100.36
CUST_009254,Italy,Consumer,2025-03-29,Annual,309.91
CUST_009255,Italy,Consumer,2024-04-29,Monthly,217.17
CUST_009256,Spain,Consumer,2024-07-27,Annual,249.26
CUST_009257,Germany,Consumer,2022-10-01,Monthly,439.72
CUST_009258,Netherlands,Consumer,2022-05-27,Annual,57.69
CUST_009259,Germany,Enterprise,2023-05-16,Two-Year,273.38
CUST_009260,Germany,Consumer,2022-03-14,Monthly,103.34
CUST_009261,Netherlands,Consumer,2021-02-09,Monthly,107.73
CUST_009262,Spain,Consumer,2024-08-17,Annual,313.02
CUST_009263,France,SMB,2025-04-20,Two-Year,341.46
CUST_009264,Italy,Consumer,2022-02-14,Annual,310.99
CUST_009265,Spain,Consumer,2024-02-19,Monthly,463.28
CUST_009266,France,Enterprise,2025-07-16,Annual,401.44
CUST_009267,Germany,Enterprise,2024-09-13,Monthly,115.33
CUST_009268,Italy,Consumer,2025-03-01,Two-Year,325.21
CUST_009269,Netherlands,Consumer,2025-06-17,Annual,317.76
CUST_009270,Italy,Consumer,2022-04-07,Two-Year,330.33
CUST_009271,Spain,Consumer,2021-05-14,Two-Year,225.96
CUST_009272,Italy,Consumer,2025-01-03,Two-Year,474.86
CUST_009273,Netherlands,SMB,2024-12-15,Monthly,242.59
CUST_009274,France,Consumer,2021-12-16,Two-Year,398.89
CUST_009275,France,Consumer,2025-07-09,Monthly,251.03
CUST_009276,Spain,Consumer,2021-02-15,Monthly,397.96
CUST_009277,Italy,Consumer,2022-11-20,Monthly,209.91
CUST_009278,Spain,Consumer,2025-10-22,Monthly,20.39
CUST_009279,Germany,Consumer,2022-10-06,Monthly,259.93
CUST_009280,Netherlands,Consumer,2024-10-22,Annual,283.04
CUST_009281,Netherlands,Consumer,2021-03-11,Monthly,75.49
CUST_009282,Netherlands,Consumer,2023-06-12,Monthly,339.29
CUST_009283,Germany,SMB,2024-11-28,Monthly,429.79
CUST_009284,Spain,Consumer,2025-03-20,Annual,436.8
CUST_009285,Germany,Consumer,2023-03-08,Annual,200.91
CUST_009286,Spain,Enterprise,2021-05-19,Annual,216.8
CUST_009287,Italy,SMB,2023-08-31,Annual,432.03
CUST_009288,France,Consumer,2024-09-12,Annual,499.2
CUST_009289,Germany,Consumer,2023-04-04,Monthly,45.25
CUST_009290,Spain,Consumer,2025-10-13,Annual,49.65
CUST_009291,Germany,Consumer,2022-07-28,Monthly,46.04
CUST_009292,Italy,Enterprise,2025-02-03,Monthly,241.99
CUST_009293,France,Consumer,2024-10-10,Two-Year,396.58
CUST_009294,Spain,Consumer,2023-02-28,Monthly,64.97
CUST_009295,Spain,Consumer,2021-06-28,Two-Year,350.69
CUST_009296,Germany,Consumer,2022-09-25,Monthly,102.16
CUST_009297,Spain,Consumer,2024-11-02,Annual,35.82
CUST_009298,Netherlands,Consumer,2025-06-18,Monthly,305.88
CUST_009299,France,Consumer,2023-04-15,Two-Year,305.05
CUST_009300,Spain,Enterprise,2022-06-17,Annual,155.98
CUST_009301,Italy,SMB,2024-10-29,Monthly,174.67
CUST_009302,Germany,Enterprise,2025-09-08,Monthly,189.91
CUST_009303,Spain,Enterprise,2021-09-17,Annual,466.03
CUST_009304,France,Enterprise,2022-08-08,Monthly,435.83
CUST_009305,Spain,Enterprise,2024-12-22,Monthly,273.2
CUST_009306,Germany,Consumer,2021-08-17,Two-Year,482.46
CUST_009307,Italy,Consumer,2025-11-14,Annual,299.23
CUST_009308,Netherlands,Consumer,2022-03-07,Monthly,68.74
CUST_009309,Germany,SMB,2023-06-08,Monthly,253.84
CUST_009310,France,SMB,2023-08-07,Monthly,449.37
CUST_009311,Spain,Consumer,2022-11-15,Annual,338.08
CUST_009312,France,SMB,2021-08-28,Monthly,477.28
CUST_009313,Spain,SMB,2021-02-25,Monthly,274.82
CUST_009314,France,SMB,2022-11-25,Monthly,457.69
CUST_009315,Spain,Consumer,2022-05-07,Two-Year,387.96
CUST_009316,Netherlands,Consumer,2025-07-13,Monthly,414.9
CUST_009317,Italy,Consumer,2024-04-28,Annual,495.9
CUST_009318,Germany,Consumer,2021-06-21,Monthly,165.08
CUST_009319,Italy,SMB,2024-10-10,Annual,321.47
CUST_009320,Spain,Consumer,2024-01-28,Monthly,143.1
CUST_009321,France,Consumer,2021-08-18,Two-Year,429.87
CUST_009322,Spain,Consumer,2023-01-08,Two-Year,301.22
CUST_009323,Spain,Consumer,2024-09-08,Monthly,104.4
CUST_009324,France,Consumer,2024-03-28,Monthly,222.2
CUST_009325,Germany,Enterprise,2023-11-13,Two-Year,107.24
CUST_009326,Germany,Consumer,2023-06-14,Monthly,239.82
CUST_009327,Germany,Enterprise,2024-06-14,Annual,57.24
CUST_009328,Spain,Consumer,2025-05-20,Annual,483.33
CUST_009329,Spain,Consumer,2021-11-10,Monthly,306.38
CUST_009330,France,Enterprise,2023-01-05,Monthly,495.52
CUST_009331,France,SMB,2025-03-30,Monthly,103.41
CUST_009332,Spain,SMB,2023-07-18,Annual,204.52
CUST_009333,Germany,SMB,2021-11-18,Monthly,466.99
CUST_009334,France,Consumer,2021-08-26,Annual,352.14
CUST_009335,France,SMB,2024-08-21,Annual,53.62
CUST_009336,Italy,Consumer,2023-06-15,Annual,443.93
CUST_009337,Germany,SMB,2024-12-14,Monthly,110.64
CUST_009338,Germany,Enterprise,2021-07-29,Monthly,145.67
CUST_009339,France,Enterprise,2024-01-14,Monthly,371.24
CUST_009340,Germany,SMB,2023-12-01,Monthly,361.13
CUST_009341,Spain,SMB,2023-04-19,Monthly,337.09
CUST_009342,Spain,Consumer,2023-02-20,Two-Year,22.59
CUST_009343,Italy,Consumer,2022-05-11,Monthly,139.7
CUST_009344,Spain,Enterprise,2024-12-01,Monthly,185.55
CUST_009345,France,SMB,2022-08-28,Annual,212.16
CUST_009346,France,Consumer,2023-02-04,Annual,55.49
CUST_009347,Germany,SMB,2025-04-18,Monthly,344.18
CUST_009348,Italy,Consumer,2024-02-26,Monthly,447.8
CUST_009349,France,SMB,2021-03-12,Monthly,495.04
CUST_009350,Spain,SMB,2021-04-18,Monthly,403.03
CUST_009351,Italy,Consumer,2023-09-09,Monthly,117.25
CUST_009352,Germany,Consumer,2024-07-20,Monthly,265.42
CUST_009353,Germany,SMB,2023-05-11,Annual,459.55
CUST_009354,France,Consumer,2025-10-15,Two-Year,51.97
CUST_009355,France,Enterprise,2025-04-03,Monthly,129.6
CUST_009356,Germany,Consumer,2023-03-29,Monthly,147.07
CUST_009357,Netherlands,Consumer,2022-03-06,Two-Year,312.6
CUST_009358,France,Consumer,2021-01-18,Annual,476.73
CUST_009359,France,SMB,2021-03-03,Annual,251.64
CUST_009360,Spain,Consumer,2024-01-08,Two-Year,290.67
CUST_009361,Spain,SMB,2022-09-04,Annual,327.13
CUST_009362,Germany,Enterprise,2021-09-23,Annual,428.74
CUST_009363,France,SMB,2021-05-15,Monthly,157.44
CUST_009364,Germany,Consumer,2023-05-05,Two-Year,320.6
CUST_009365,Italy,Consumer,2023-12-05,Annual,464.14
CUST_009366,Spain,Enterprise,2021-03-01,Monthly,470.69
CUST_009367,France,Consumer,2023-02-04,Annual,203.67
CUST_009368,Italy,Enterprise,2023-03-20,Monthly,73.66
CUST_009369,Italy,Enterprise,2021-04-13,Annual,463.71
CUST_009370,Italy,SMB,2025-05-16,Monthly,462.06
CUST_009371,Italy,SMB,2022-02-24,Annual,66.68
CUST_009372,Spain,Enterprise,2021-09-05,Monthly,59.04
CUST_009373,France,SMB,2021-09-02,Annual,108.87
CUST_009374,Netherlands,SMB,2023-06-29,Annual,330.49
CUST_009375,France,Consumer,2024-07-17,Monthly,165.26
CUST_009376,Spain,Consumer,2022-04-09,Monthly,135.3
CUST_009377,Netherlands,Consumer,2024-10-30,Monthly,403.82
CUST_009378,Spain,Enterprise,2022-04-22,Annual,137.07
CUST_009379,Germany,SMB,2021-12-08,Two-Year,481.0
CUST_009380,Spain,SMB,2024-03-20,Monthly,230.45
CUST_009381,Germany,Consumer,2024-11-13,Annual,222.85
CUST_009382,Germany,Enterprise,2024-09-28,Two-Year,472.94
CUST_009383,Germany,Consumer,2023-10-15,Annual,77.66
CUST_009384,Netherlands,SMB,2025-05-14,Monthly,75.17
CUST_009385,Germany,Consumer,2025-03-31,Monthly,228.12
CUST_009386,Germany,Enterprise,2022-05-24,Two-Year,301.79
CUST_009387,Italy,SMB,2024-02-19,Monthly,263.87
CUST_009388,Italy,Consumer,2021-05-10,Monthly,478.36
CUST_009389,Spain,Consumer,2021-05-26,Annual,496.72
CUST_009390,Spain,Consumer,2023-03-19,Monthly,39.62
CUST_009391,France,Consumer,2024-07-08,Annual,99.43
CUST_009392,Italy,Consumer,2023-12-04,Two-Year,285.74
CUST_009393,France,Consumer,2021-10-28,Two-Year,476.06
CUST_009394,Spain,Consumer,2024-09-12,Annual,154.36
CUST_009395,France,Consumer,2024-01-14,Two-Year,196.2
CUST_009396,France,SMB,2024-10-12,Annual,130.91
CUST_009397,France,Consumer,2024-01-23,Two-Year,484.36
CUST_009398,Italy,Consumer,2025-04-26,Two-Year,93.85
CUST_009399,Italy,Enterprise,2022-10-24,Two-Year,290.99
CUST_009400,France,Consumer,2021-02-26,Monthly,31.02
CUST_009401,France,SMB,2023-12-30,Monthly,308.8
CUST_009402,France,Enterprise,2025-11-27,Monthly,208.38
CUST_009403,Germany,SMB,2021-06-29,Annual,291.51
CUST_009404,Germany,Consumer,2025-11-01,Two-Year,58.52
CUST_009405,France,Consumer,2024-11-07,Two-Year,63.71
CUST_009406,France,SMB,2021-03-06,Two-Year,64.28
CUST_009407,Germany,SMB,2023-09-19,Annual,420.89
CUST_009408,Spain,Consumer,2022-07-27,Annual,367.6
CUST_009409,France,SMB,2024-04-08,Monthly,81.62
CUST_009410,France,Enterprise,2024-10-29,Annual,171.7
CUST_009411,Germany,SMB,2022-11-14,Monthly,229.49
CUST_009412,Germany,Consumer,2023-05-24,Annual,67.35
CUST_009413,Spain,Consumer,2021-03-14,Annual,423.19
CUST_009414,Netherlands,Consumer,2021-01-09,Monthly,194.21
CUST_009415,Italy,Consumer,2024-10-18,Annual,341.84
CUST_009416,France,SMB,2022-10-10,Annual,328.15
CUST_009417,Germany,Consumer,2025-05-23,Annual,458.86
CUST_009418,France,Consumer,2023-11-24,Annual,376.13
CUST_009419,Germany,Consumer,2022-12-25,Monthly,36.53
CUST_009420,Netherlands,Enterprise,2025-05-26,Annual,94.43
CUST_009421,Spain,Enterprise,2021-04-15,Monthly,233.54
CUST_009422,Spain,SMB,2025-02-23,Monthly,64.65
CUST_009423,France,Enterprise,2021-05-16,Monthly,208.08
CUST_009424,Spain,Enterprise,2025-09-24,Annual,489.16
CUST_009425,France,Consumer,2023-10-30,Two-Year,118.62
CUST_009426,Italy,Consumer,2023-05-05,Monthly,358.27
CUST_009427,Spain,SMB,2024-04-11,Annual,144.77
CUST_009428,Germany,SMB,2024-12-28,Two-Year,36.4
CUST_009429,France,Consumer,2022-06-05,Two-Year,67.24
CUST_009430,Italy,Enterprise,2021-07-03,Monthly,69.87
CUST_009431,Germany,Consumer,2025-11-02,Monthly,163.53
CUST_009432,Spain,Enterprise,2023-08-05,Monthly,481.06
CUST_009433,France,Consumer,2022-06-09,Two-Year,317.92
CUST_009434,Germany,Consumer,2025-08-01,Monthly,79.04
CUST_009435,Italy,Enterprise,2021-03-14,Annual,53.72
CUST_009436,France,SMB,2025-03-12,Two-Year,485.97
CUST_009437,Spain,SMB,2021-02-03,Monthly,102.25
CUST_009438,Italy,SMB,2024-04-12,Annual,149.82
CUST_009439,Germany,Consumer,2021-03-11,Two-Year,424.01
CUST_009440,Spain,Consumer,2021-09-30,Monthly,286.35
CUST_009441,France,Consumer,2022-08-19,Monthly,128.8
CUST_009442,Netherlands,Consumer,2021-11-29,Monthly,338.94
CUST_009443,France,Consumer,2021-03-23,Annual,198.33
CUST_009444,Spain,Consumer,2024-05-24,Monthly,299.15
CUST_009445,France,Consumer,2024-10-21,Monthly,66.45
CUST_009446,Spain,Consumer,2022-08-18,Monthly,442.5
CUST_009447,Germany,Consumer,2024-06-28,Annual,305.83
CUST_009448,Germany,Consumer,2022-08-25,Annual,22.08
CUST_009449,Spain,Enterprise,2022-01-29,Annual,288.36
CUST_009450,Germany,Enterprise,2025-03-28,Annual,193.79
CUST_009451,Netherlands,SMB,2023-08-17,Two-Year,454.65
CUST_009452,Spain,Consumer,2021-02-07,Annual,86.5
CUST_009453,Italy,SMB,2024-06-30,Annual,180.18
CUST_009454,France,Consumer,2022-12-18,Monthly,386.98
CUST_009455,Germany,Consumer,2021-05-14,Monthly,128.11
CUST_009456,Spain,Enterprise,2022-03-11,Monthly,170.31
CUST_009457,Spain,Consumer,2022-08-06,Annual,390.2
CUST_009458,Spain,Enterprise,2021-02-19,Two-Year,361.92
CUST_009459,France,SMB,2024-08-22,Monthly,192.65
CUST_009460,Netherlands,Consumer,2022-01-31,Monthly,244.36
CUST_009461,Italy,Consumer,2021-10-13,Annual,285.13
CUST_009462,Spain,SMB,2021-12-03,Two-Year,446.22
CUST_009463,Spain,Consumer,2024-07-28,Annual,337.52
CUST_009464,Spain,Consumer,2023-07-11,Monthly,304.4
CUST_009465,Netherlands,Consumer,2025-01-25,Annual,409.25
CUST_009466,Spain,Enterprise,2023-03-06,Monthly,166.08
CUST_009467,Spain,Consumer,2024-05-31,Annual,233.11
CUST_009468,France,Enterprise,2023-05-12,Annual,349.59
CUST_009469,France,SMB,2023-12-19,Annual,213.86
CUST_009470,Spain,Consumer,2025-05-23,Monthly,249.96
CUST_009471,France,Consumer,2024-01-26,Two-Year,96.98
CUST_009472,Spain,SMB,2023-06-22,Monthly,312.81
CUST_009473,Spain,Consumer,2025-04-30,Monthly,327.31
CUST_009474,Spain,Consumer,2024-03-12,Annual,430.97
CUST_009475,Germany,Consumer,2025-08-31,Monthly,61.0
CUST_009476,Netherlands,Enterprise,2024-03-28,Monthly,451.8
CUST_009477,Germany,SMB,2024-06-08,Monthly,61.25
CUST_009478,Italy,Consumer,2023-08-02,Monthly,377.74
CUST_009479,Germany,Consumer,2025-04-01,Monthly,302.73
CUST_009480,France,Consumer,2022-07-11,Annual,214.91
CUST_009481,Netherlands,SMB,2023-09-21,Monthly,463.27
CUST_009482,Germany,Consumer,2025-07-08,Two-Year,239.15
CUST_009483,Netherlands,Enterprise,2022-01-24,Annual,31.88
CUST_009484,France,Enterprise,2023-03-12,Annual,269.88
CUST_009485,France,Consumer,2021-02-17,Two-Year,275.58
CUST_009486,Spain,Enterprise,2023-11-09,Annual,377.3
CUST_009487,France,SMB,2022-09-27,Monthly,191.96
CUST_009488,Germany,SMB,2023-10-18,Two-Year,55.49
CUST_009489,Netherlands,Consumer,2022-03-08,Monthly,187.74
CUST_009490,Netherlands,Enterprise,2025-02-20,Monthly,309.25
CUST_009491,Germany,Consumer,2025-12-04,Annual,281.48
CUST_009492,Netherlands,SMB,2023-09-04,Monthly,426.56
CUST_009493,Italy,Consumer,2024-01-20,Annual,149.7
CUST_009494,France,Consumer,2023-04-15,Two-Year,293.25
CUST_009495,Spain,Enterprise,2022-06-29,Annual,488.28
CUST_009496,Spain,Consumer,2023-04-21,Monthly,170.56
CUST_009497,Spain,Consumer,2023-06-22,Monthly,229.33
CUST_009498,Spain,SMB,2024-11-25,Monthly,497.23
CUST_009499,Netherlands,Consumer,2024-06-14,Monthly,89.32
CUST_009500,Spain,Enterprise,2022-08-26,Annual,295.32
CUST_009501,France,Enterprise,2024-02-01,Annual,197.77
CUST_009502,France,Consumer,2025-09-04,Annual,42.15
CUST_009503,France,Consumer,2023-02-02,Annual,385.18
CUST_009504,Spain,Enterprise,2025-03-26,Monthly,115.44
CUST_009505,France,Enterprise,2023-05-15,Monthly,448.19
CUST_009506,France,Consumer,2021-09-10,Annual,220.57
CUST_009507,France,SMB,2021-11-29,Monthly,89.42
CUST_009508,Spain,SMB,2022-08-03,Monthly,138.09
CUST_009509,France,Consumer,2023-11-30,Annual,419.78
CUST_009510,Spain,SMB,2025-07-12,Monthly,199.46
CUST_009511,France,Consumer,2022-12-20,Monthly,143.01
CUST_009512,Germany,Consumer,2022-05-24,Monthly,139.49
CUST_009513,Spain,Consumer,2024-04-10,Monthly,299.93
CUST_009514,Italy,Enterprise,2022-08-04,Annual,143.28
CUST_009515,Spain,Consumer,2023-03-07,Monthly,468.96
CUST_009516,Netherlands,Consumer,2022-02-02,Two-Year,43.7
CUST_009517,Italy,Consumer,2022-06-22,Monthly,94.81
CUST_009518,Germany,Consumer,2021-04-10,Monthly,225.9
CUST_009519,Germany,Enterprise,2023-11-04,Monthly,119.97
CUST_009520,Spain,Consumer,2023-05-24,Two-Year,393.74
CUST_009521,Netherlands,Consumer,2021-11-10,Annual,459.94
CUST_009522,France,Enterprise,2024-10-10,Annual,308.09
CUST_009523,Spain,Consumer,2022-01-04,Two-Year,429.93
CUST_009524,Germany,Consumer,2024-04-20,Monthly,404.28
CUST_009525,Spain,SMB,2021-07-24,Annual,96.14
CUST_009526,France,SMB,2021-02-20,Annual,57.51
CUST_009527,Germany,Consumer,2021-08-14,Annual,321.94
CUST_009528,Spain,SMB,2023-08-14,Monthly,491.61
CUST_009529,Italy,SMB,2021-11-25,Two-Year,419.32
CUST_009530,Spain,SMB,2022-08-27,Annual,315.82
CUST_009531,Germany,Consumer,2023-09-09,Two-Year,73.25
CUST_009532,France,SMB,2024-03-17,Monthly,394.26
CUST_009533,Netherlands,Consumer,2024-12-03,Monthly,347.83
CUST_009534,Germany,SMB,2023-01-10,Monthly,468.26
CUST_009535,Netherlands,Enterprise,2021-07-13,Two-Year,360.52
CUST_009536,Germany,Enterprise,2025-11-26,Monthly,69.69
CUST_009537,Italy,SMB,2024-11-21,Annual,312.41
CUST_009538,Spain,Consumer,2025-02-21,Monthly,213.81
CUST_009539,France,Consumer,2025-08-13,Monthly,222.26
CUST_009540,Spain,Consumer,2024-07-02,Monthly,323.82
CUST_009541,Netherlands,Consumer,2025-12-20,Annual,451.84
CUST_009542,Netherlands,SMB,2023-07-31,Monthly,384.69
CUST_009543,Germany,SMB,2023-10-21,Annual,30.71
CUST_009544,Germany,Consumer,2023-12-16,Annual,90.56
CUST_009545,France,Consumer,2023-07-18,Two-Year,194.33
CUST_009546,Spain,Enterprise,2023-03-19,Annual,348.65
CUST_009547,France,Consumer,2022-08-27,Annual,324.41
CUST_009548,France,Consumer,2024-12-22,Annual,261.77
CUST_009549,Germany,Consumer,2022-08-23,Monthly,226.46
CUST_009550,Spain,Consumer,2025-07-17,Annual,398.99
CUST_009551,Netherlands,SMB,2024-10-01,Two-Year,65.93
CUST_009552,Spain,Consumer,2025-12-30,Monthly,305.62
CUST_009553,France,Consumer,2024-03-24,Monthly,408.08
CUST_009554,Spain,Consumer,2023-12-30,Annual,150.76
CUST_009555,Spain,Consumer,2022-09-04,Annual,117.08
CUST_009556,Spain,Consumer,2024-05-30,Monthly,343.26
CUST_009557,Germany,Consumer,2023-11-26,Two-Year,104.3
CUST_009558,France,Enterprise,2023-01-01,Monthly,254.35
CUST_009559,Germany,SMB,2021-05-04,Monthly,462.96
CUST_009560,France,Consumer,2021-01-16,Two-Year,49.13
CUST_009561,France,Consumer,2022-02-26,Monthly,456.39
CUST_009562,Spain,SMB,2024-07-08,Annual,111.37
CUST_009563,Spain,Consumer,2025-08-05,Two-Year,251.53
CUST_009564,France,Consumer,2025-09-02,Monthly,83.47
CUST_009565,France,Consumer,2023-08-18,Monthly,360.74
CUST_009566,France,Consumer,2025-04-19,Two-Year,498.93
CUST_009567,Spain,Enterprise,2021-01-08,Annual,165.01
CUST_009568,Italy,Consumer,2025-05-24,Two-Year,463.85
CUST_009569,Spain,Enterprise,2025-10-26,Two-Year,370.38
CUST_009570,France,Enterprise,2023-01-05,Annual,483.4
CUST_009571,Spain,Enterprise,2021-03-25,Monthly,342.46
CUST_009572,France,SMB,2024-07-26,Monthly,347.36
CUST_009573,Germany,Enterprise,2021-01-25,Monthly,473.0
CUST_009574,France,Consumer,2024-03-11,Monthly,369.16
CUST_009575,Spain,Enterprise,2022-08-10,Annual,426.78
CUST_009576,France,Consumer,2023-09-15,Two-Year,156.59
CUST_009577,Spain,SMB,2025-08-07,Two-Year,101.06
CUST_009578,France,SMB,2021-10-04,Two-Year,327.23
CUST_009579,Spain,Consumer,2021-03-04,Monthly,141.25
CUST_009580,Spain,Consumer,2023-11-17,Annual,226.32
CUST_009581,France,Consumer,2024-06-25,Monthly,430.68
CUST_009582,Spain,Consumer,2022-06-30,Annual,322.92
CUST_009583,Spain,Consumer,2021-10-27,Two-Year,473.06
CUST_009584,Italy,Consumer,2024-07-08,Two-Year,190.26
CUST_009585,Italy,Consumer,2024-06-12,Two-Year,154.7
CUST_009586,Italy,Consumer,2025-09-22,Monthly,122.58
CUST_009587,Germany,Consumer,2025-04-28,Annual,488.66
CUST_009588,Germany,Consumer,2024-08-21,Monthly,226.23
CUST_009589,Italy,Consumer,2021-02-06,Annual,461.64
CUST_009590,Spain,Consumer,2022-04-19,Monthly,185.56
CUST_009591,France,Consumer,2024-04-11,Annual,158.11
CUST_009592,Spain,Enterprise,2023-04-30,Monthly,390.0
CUST_009593,Netherlands,Consumer,2021-04-05,Annual,316.67
CUST_009594,France,Consumer,2023-10-29,Two-Year,271.84
CUST_009595,Germany,Consumer,2024-10-18,Monthly,231.31
CUST_009596,Germany,Enterprise,2024-08-18,Annual,243.89
CUST_009597,Spain,Consumer,2025-08-13,Annual,420.54
CUST_009598,Germany,Consumer,2021-09-27,Two-Year,93.49
CUST_009599,France,Consumer,2025-10-09,Monthly,44.5
CUST_009600,Germany,Consumer,2023-08-18,Annual,22.86
CUST_009601,Germany,Consumer,2022-07-13,Monthly,257.6
CUST_009602,Spain,Enterprise,2025-04-20,Monthly,412.64
CUST_009603,France,Enterprise,2021-07-08,Monthly,342.07
CUST_009604,Germany,Consumer,2021-02-20,Annual,495.42
CUST_009605,Spain,Consumer,2024-08-26,Monthly,312.78
CUST_009606,Netherlands,Consumer,2024-08-21,Annual,264.36
CUST_009607,Germany,Enterprise,2021-06-15,Monthly,299.18
CUST_009608,Germany,Enterprise,2025-05-27,Monthly,443.44
CUST_009609,Netherlands,Consumer,2025-03-16,Annual,27.03
CUST_009610,Germany,Consumer,2024-12-24,Monthly,243.92
CUST_009611,Netherlands,Consumer,2022-12-17,Monthly,217.36
CUST_009612,France,SMB,2025-08-29,Monthly,477.59
CUST_009613,France,Consumer,2021-08-28,Monthly,109.88
CUST_009614,Spain,Consumer,2024-11-30,Monthly,32.26
CUST_009615,Spain,Consumer,2025-03-17,Annual,323.21
CUST_009616,Germany,Consumer,2023-08-04,Annual,320.01
CUST_009617,Spain,Enterprise,2022-09-24,Monthly,173.28
CUST_009618,Spain,Consumer,2023-05-21,Monthly,279.08
CUST_009619,France,Consumer,2021-03-29,Annual,306.4
CUST_009620,France,SMB,2021-02-28,Monthly,189.46
CUST_009621,Spain,SMB,2022-09-09,Monthly,221.85
CUST_009622,France,SMB,2021-02-03,Monthly,88.06
CUST_009623,Netherlands,SMB,2024-03-06,Annual,390.09
CUST_009624,France,Consumer,2024-03-13,Annual,206.81
CUST_009625,Italy,Consumer,2025-04-10,Monthly,329.84
CUST_009626,France,Consumer,2022-05-18,Monthly,224.78
CUST_009627,Spain,SMB,2025-01-28,Annual,97.88
CUST_009628,Germany,Enterprise,2022-07-15,Monthly,356.31
CUST_009629,Netherlands,Consumer,2023-09-18,Monthly,220.32
CUST_009630,France,SMB,2025-01-13,Annual,108.97
CUST_009631,Italy,SMB,2022-10-11,Monthly,468.08
CUST_009632,Netherlands,Enterprise,2021-07-23,Monthly,448.79
CUST_009633,Spain,Consumer,2025-01-28,Annual,369.04
CUST_009634,Germany,Consumer,2022-06-03,Annual,296.51
CUST_009635,France,SMB,2022-02-01,Monthly,320.09
CUST_009636,Spain,SMB,2024-06-04,Monthly,192.9
CUST_009637,France,SMB,2023-09-03,Monthly,146.22
CUST_009638,Italy,Enterprise,2021-02-25,Monthly,304.19
CUST_009639,France,Consumer,2025-07-28,Monthly,375.2
CUST_009640,Spain,SMB,2023-08-08,Monthly,257.67
CUST_009641,France,Consumer,2022-05-09,Monthly,449.86
CUST_009642,Spain,Consumer,2021-06-06,Monthly,206.44
CUST_009643,Italy,Consumer,2024-06-05,Monthly,200.71
CUST_009644,Spain,Consumer,2024-10-22,Annual,224.25
CUST_009645,Italy,Consumer,2024-09-29,Annual,358.02
CUST_009646,Germany,SMB,2024-03-04,Two-Year,33.18
CUST_009647,Germany,Enterprise,2025-05-19,Annual,189.83
CUST_009648,Germany,Consumer,2024-01-17,Annual,376.6
CUST_009649,Spain,Consumer,2022-03-18,Monthly,286.29
CUST_009650,Germany,Consumer,2022-02-09,Annual,168.74
CUST_009651,Italy,Consumer,2022-12-04,Annual,335.23
CUST_009652,Italy,Consumer,2024-08-16,Two-Year,452.54
CUST_009653,Spain,Consumer,2021-02-10,Two-Year,262.46
CUST_009654,France,Enterprise,2022-07-05,Monthly,374.83
CUST_009655,Italy,Consumer,2023-03-02,Two-Year,115.24
CUST_009656,Italy,SMB,2023-11-09,Annual,247.04
CUST_009657,Germany,SMB,2021-09-26,Annual,159.82
CUST_009658,Spain,Consumer,2021-06-18,Monthly,496.54
CUST_009659,Netherlands,Consumer,2025-07-20,Monthly,124.99
CUST_009660,Germany,Consumer,2021-06-25,Annual,474.76
CUST_009661,Germany,Consumer,2021-05-26,Monthly,216.19
CUST_009662,Italy,Enterprise,2021-12-21,Annual,259.21
CUST_009663,Spain,Consumer,2022-09-19,Monthly,271.47
CUST_009664,Italy,Consumer,2022-01-30,Monthly,136.07
CUST_009665,Spain,Consumer,2025-01-27,Annual,134.69
CUST_009666,France,Consumer,2021-08-19,Annual,200.5
CUST_009667,Netherlands,Enterprise,2021-09-12,Two-Year,377.7
CUST_009668,Netherlands,Consumer,2021-08-04,Annual,356.37
CUST_009669,Netherlands,SMB,2024-04-07,Annual,498.85
CUST_009670,Italy,Consumer,2025-05-25,Two-Year,62.42
CUST_009671,Spain,Consumer,2021-10-25,Annual,384.46
CUST_009672,Netherlands,Consumer,2023-10-10,Annual,113.57
CUST_009673,Netherlands,Enterprise,2022-11-11,Two-Year,265.29
CUST_009674,Germany,Consumer,2024-02-11,Annual,114.26
CUST_009675,Germany,SMB,2024-04-01,Annual,469.33
CUST_009676,Spain,Consumer,2022-06-10,Annual,263.45
CUST_009677,France,SMB,2024-01-09,Annual,245.36
CUST_009678,France,Consumer,2021-04-12,Annual,167.55
CUST_009679,Germany,SMB,2023-06-07,Annual,235.5
CUST_009680,Germany,Consumer,2025-11-04,Annual,73.13
CUST_009681,France,Consumer,2025-06-30,Monthly,348.41
CUST_009682,Spain,Enterprise,2021-04-09,Monthly,293.92
CUST_009683,Netherlands,Consumer,2021-04-15,Monthly,67.79
CUST_009684,Spain,Consumer,2025-02-11,Monthly,69.14
CUST_009685,Spain,Consumer,2022-01-18,Monthly,160.62
CUST_009686,Spain,Consumer,2024-04-29,Monthly,247.09
CUST_009687,Italy,Consumer,2023-09-19,Monthly,126.88
CUST_009688,Italy,Consumer,2023-01-15,Annual,83.04
CUST_009689,Spain,Consumer,2022-07-17,Annual,66.24
CUST_009690,Spain,Consumer,2024-09-25,Annual,166.45
CUST_009691,Germany,SMB,2022-04-16,Monthly,322.21
CUST_009692,Spain,Enterprise,2024-10-28,Monthly,345.62
CUST_009693,France,SMB,2022-03-01,Monthly,155.78
CUST_009694,Spain,Consumer,2025-05-23,Monthly,231.48
CUST_009695,Germany,SMB,2024-07-03,Monthly,321.66
CUST_009696,Germany,Consumer,2023-09-23,Annual,192.82
CUST_009697,Germany,SMB,2021-07-01,Monthly,489.73
CUST_009698,Germany,Consumer,2022-01-26,Annual,352.51
CUST_009699,Spain,Consumer,2024-02-28,Annual,297.64
CUST_009700,Spain,SMB,2023-11-12,Monthly,258.99
CUST_009701,Spain,Consumer,2021-07-07,Annual,256.13
CUST_009702,Spain,SMB,2021-07-01,Annual,160.03
CUST_009703,Netherlands,SMB,2024-01-13,Monthly,57.08
CUST_009704,Spain,Consumer,2022-11-18,Annual,422.2
CUST_009705,Germany,Consumer,2023-05-16,Annual,454.6
CUST_009706,Spain,SMB,2024-01-20,Annual,487.76
CUST_009707,Italy,SMB,2025-04-01,Two-Year,213.91
CUST_009708,Netherlands,SMB,2022-04-05,Monthly,474.28
CUST_009709,Italy,Consumer,2024-06-20,Monthly,357.13
CUST_009710,France,SMB,2025-04-29,Two-Year,222.62
CUST_009711,Italy,Consumer,2025-07-27,Annual,460.89
CUST_009712,Germany,Consumer,2025-11-18,Two-Year,484.89
CUST_009713,Italy,SMB,2021-01-09,Annual,276.29
CUST_009714,Italy,Consumer,2021-05-19,Annual,394.23
CUST_009715,Spain,Consumer,2025-05-06,Annual,392.77
CUST_009716,Germany,Consumer,2022-01-11,Monthly,312.24
CUST_009717,Spain,SMB,2022-06-14,Monthly,222.93
CUST_009718,Spain,Enterprise,2023-05-14,Monthly,84.48
CUST_009719,Italy,Enterprise,2024-04-12,Monthly,499.02
CUST_009720,Spain,Consumer,2021-03-11,Annual,54.4
CUST_009721,France,Consumer,2024-03-30,Annual,84.73
CUST_009722,Netherlands,SMB,2021-06-19,Two-Year,199.9
CUST_009723,Germany,Consumer,2022-11-07,Monthly,211.3
CUST_009724,Germany,Consumer,2025-07-03,Monthly,148.23
CUST_009725,France,Consumer,2021-08-18,Monthly,57.48
CUST_009726,Italy,Consumer,2021-03-25,Annual,451.72
CUST_009727,Spain,SMB,2023-05-19,Monthly,266.36
CUST_009728,Spain,Consumer,2022-03-28,Monthly,485.52
CUST_009729,France,Consumer,2022-03-25,Annual,441.42
CUST_009730,Netherlands,SMB,2023-02-13,Monthly,257.13
CUST_009731,Spain,SMB,2021-11-08,Annual,206.35
CUST_009732,Germany,Consumer,2021-02-07,Monthly,142.42
CUST_009733,Netherlands,Consumer,2025-08-17,Monthly,496.66
CUST_009734,Spain,Enterprise,2025-01-20,Two-Year,310.43
CUST_009735,Spain,SMB,2023-01-22,Monthly,423.54
CUST_009736,France,Consumer,2025-02-24,Monthly,492.64
CUST_009737,Spain,SMB,2025-12-24,Two-Year,127.49
CUST_009738,Spain,Enterprise,2022-12-22,Monthly,463.92
CUST_009739,France,Consumer,2021-10-13,Monthly,401.35
CUST_009740,France,Consumer,2022-01-04,Monthly,238.23
CUST_009741,Germany,Consumer,2025-10-21,Annual,475.42
CUST_009742,Germany,SMB,2025-06-18,Annual,303.15
CUST_009743,France,Consumer,2024-07-02,Annual,208.97
CUST_009744,France,Consumer,2024-05-24,Two-Year,96.75
CUST_009745,Italy,Consumer,2022-07-13,Monthly,369.39
CUST_009746,Italy,SMB,2023-08-15,Monthly,391.53
CUST_009747,France,SMB,2022-11-04,Two-Year,119.32
CUST_009748,Italy,Consumer,2022-12-18,Monthly,198.48
CUST_009749,Italy,Consumer,2024-08-20,Two-Year,46.42
CUST_009750,Spain,SMB,2023-09-12,Two-Year,287.48
CUST_009751,Netherlands,Consumer,2023-02-22,Two-Year,308.03
CUST_009752,Italy,SMB,2022-04-01,Monthly,427.16
CUST_009753,Germany,Consumer,2024-04-11,Annual,32.55
CUST_009754,Spain,Enterprise,2023-04-01,Annual,77.43
CUST_009755,France,Consumer,2021-04-02,Monthly,35.15
CUST_009756,Germany,SMB,2024-06-06,Annual,473.34
CUST_009757,France,Consumer,2022-09-04,Monthly,266.19
CUST_009758,Germany,Consumer,2023-01-22,Monthly,138.08
CUST_009759,Spain,SMB,2025-12-11,Two-Year,29.17
CUST_009760,Spain,Consumer,2024-06-04,Two-Year,66.33
CUST_009761,Italy,SMB,2021-05-03,Monthly,365.68
CUST_009762,Spain,Consumer,2024-09-10,Monthly,250.54
CUST_009763,France,Consumer,2022-06-17,Annual,372.52
CUST_009764,Spain,Enterprise,2024-10-08,Monthly,147.29
CUST_009765,Germany,Consumer,2022-10-01,Annual,230.98
CUST_009766,Germany,Enterprise,2023-11-06,Annual,319.45
CUST_009767,Spain,Consumer,2024-06-22,Monthly,121.91
CUST_009768,France,Consumer,2021-12-03,Annual,158.01
CUST_009769,France,SMB,2021-09-06,Monthly,87.97
CUST_009770,Spain,Consumer,2024-07-03,Monthly,361.66
CUST_009771,Germany,Consumer,2021-05-12,Annual,299.5
CUST_009772,France,Consumer,2025-02-05,Monthly,233.44
CUST_009773,France,Consumer,2023-03-03,Monthly,292.32
CUST_009774,Germany,SMB,2021-06-22,Annual,101.5
CUST_009775,Italy,Consumer,2024-10-26,Monthly,410.19
CUST_009776,Spain,Consumer,2025-06-25,Monthly,382.62
CUST_009777,Spain,Consumer,2021-05-03,Annual,107.36
CUST_009778,France,Consumer,2025-09-15,Monthly,445.14
CUST_009779,France,Consumer,2023-01-27,Monthly,209.11
CUST_009780,Italy,Consumer,2024-05-05,Monthly,242.55
CUST_009781,Spain,SMB,2022-05-02,Annual,275.0
CUST_009782,Germany,SMB,2021-07-22,Monthly,400.59
CUST_009783,France,Consumer,2025-12-08,Two-Year,98.72
CUST_009784,Spain,Consumer,2024-04-08,Monthly,147.21
CUST_009785,Germany,Consumer,2022-04-11,Annual,469.48
CUST_009786,France,Consumer,2022-10-13,Annual,470.14
CUST_009787,Spain,Consumer,2024-10-15,Annual,408.31
CUST_009788,Germany,Enterprise,2022-07-09,Annual,100.85
CUST_009789,Spain,SMB,2024-06-10,Monthly,305.59
CUST_009790,Netherlands,Consumer,2021-03-09,Monthly,234.07
CUST_009791,Spain,Consumer,2025-12-08,Monthly,58.76
CUST_009792,Spain,SMB,2024-08-16,Monthly,56.26
CUST_009793,Spain,Enterprise,2022-09-07,Monthly,431.28
CUST_009794,Spain,Consumer,2023-11-01,Annual,63.44
CUST_009795,Spain,SMB,2021-11-14,Monthly,150.27
CUST_009796,France,Consumer,2023-04-04,Two-Year,92.35
CUST_009797,Spain,SMB,2022-10-08,Annual,296.05
CUST_009798,Spain,Consumer,2022-12-11,Monthly,384.81
CUST_009799,Spain,SMB,2025-01-24,Monthly,147.29
CUST_009800,Germany,Consumer,2023-01-23,Annual,395.38
CUST_009801,Spain,Consumer,2021-01-12,Monthly,103.98
CUST_009802,France,SMB,2023-04-08,Monthly,191.23
CUST_009803,France,SMB,2021-04-05,Annual,136.58
CUST_009804,France,SMB,2023-05-22,Annual,238.08
CUST_009805,Spain,Consumer,2024-05-25,Monthly,490.88
CUST_009806,Italy,SMB,2021-06-28,Monthly,373.66
CUST_009807,France,Consumer,2021-04-26,Monthly,118.77
CUST_009808,Spain,SMB,2022-11-26,Monthly,483.89
CUST_009809,Germany,Consumer,2023-06-01,Monthly,347.04
CUST_009810,Italy,Consumer,2021-04-27,Annual,238.0
CUST_009811,Germany,Consumer,2022-08-18,Annual,459.8
CUST_009812,Germany,Enterprise,2024-11-17,Monthly,386.16
CUST_009813,France,SMB,2023-11-09,Two-Year,370.01
CUST_009814,Spain,Consumer,2023-08-12,Annual,116.45
CUST_009815,Netherlands,SMB,2021-07-11,Monthly,81.42
CUST_009816,Spain,Consumer,2024-12-30,Annual,435.5
CUST_009817,Spain,Consumer,2023-12-18,Annual,346.47
CUST_009818,Spain,Consumer,2023-02-23,Annual,412.28
CUST_009819,Germany,SMB,2024-01-27,Monthly,387.56
CUST_009820,Italy,Enterprise,2021-10-07,Annual,453.49
CUST_009821,Italy,Enterprise,2024-05-22,Monthly,200.25
CUST_009822,Netherlands,Consumer,2022-07-02,Monthly,188.09
CUST_009823,Germany,Consumer,2021-03-17,Annual,133.69
CUST_009824,Germany,SMB,2022-03-04,Annual,70.61
CUST_009825,Germany,Consumer,2022-10-30,Annual,251.79
CUST_009826,Spain,Consumer,2023-03-15,Monthly,259.15
CUST_009827,Netherlands,Enterprise,2022-02-22,Monthly,74.94
CUST_009828,Germany,Consumer,2024-12-11,Two-Year,309.69
CUST_009829,Germany,Consumer,2022-04-28,Annual,194.42
CUST_009830,Germany,Enterprise,2021-08-01,Annual,239.0
CUST_009831,Italy,SMB,2022-02-11,Monthly,264.81
CUST_009832,Spain,Enterprise,2023-01-01,Two-Year,169.06
CUST_009833,France,SMB,2021-03-23,Monthly,348.83
CUST_009834,France,Consumer,2021-06-17,Monthly,264.73
CUST_009835,Italy,SMB,2021-10-15,Annual,231.89
CUST_009836,Spain,SMB,2022-12-16,Monthly,216.61
CUST_009837,Spain,Enterprise,2025-10-05,Annual,31.38
CUST_009838,Germany,Consumer,2023-11-30,Annual,390.19
CUST_009839,Italy,Consumer,2021-05-30,Two-Year,483.92
CUST_009840,Netherlands,Consumer,2021-05-06,Monthly,82.87
CUST_009841,France,Consumer,2021-07-08,Monthly,158.93
CUST_009842,Spain,Enterprise,2021-05-02,Annual,426.52
CUST_009843,Spain,Enterprise,2023-07-12,Annual,360.17
CUST_009844,France,Consumer,2024-08-26,Two-Year,169.95
CUST_009845,Spain,Enterprise,2023-03-05,Monthly,331.78
CUST_009846,France,Consumer,2023-01-15,Annual,460.28
CUST_009847,Italy,SMB,2023-12-22,Monthly,125.44
CUST_009848,Germany,SMB,2022-10-04,Monthly,346.23
CUST_009849,Germany,SMB,2025-01-16,Monthly,409.75
CUST_009850,Spain,SMB,2024-06-07,Monthly,65.75
CUST_009851,Spain,SMB,2025-12-01,Monthly,468.56
CUST_009852,France,Enterprise,2021-06-04,Monthly,480.48
CUST_009853,Germany,Consumer,2023-03-03,Monthly,371.87
CUST_009854,Spain,SMB,2025-04-19,Two-Year,267.49
CUST_009855,Spain,Consumer,2024-05-12,Monthly,309.9
CUST_009856,Spain,Consumer,2024-11-16,Annual,331.25
CUST_009857,France,SMB,2023-05-06,Two-Year,93.98
CUST_009858,France,SMB,2022-12-13,Monthly,161.54
CUST_009859,Germany,Enterprise,2024-10-06,Annual,68.42
CUST_009860,Germany,Consumer,2023-05-06,Monthly,197.82
CUST_009861,Spain,Consumer,2023-01-14,Monthly,377.65
CUST_009862,Germany,Consumer,2022-12-28,Annual,445.05
CUST_009863,Spain,Enterprise,2021-08-14,Annual,198.21
CUST_009864,Netherlands,Enterprise,2024-12-04,Monthly,315.73
CUST_009865,Spain,Enterprise,2025-04-04,Two-Year,305.52
CUST_009866,Germany,Consumer,2021-02-22,Annual,246.82
CUST_009867,Spain,Enterprise,2023-01-05,Monthly,353.22
CUST_009868,Italy,Consumer,2024-05-10,Monthly,92.39
CUST_009869,Spain,Enterprise,2021-10-02,Two-Year,55.93
CUST_009870,Netherlands,Consumer,2022-07-07,Two-Year,187.06
CUST_009871,Spain,Consumer,2025-10-23,Annual,485.27
CUST_009872,Italy,Consumer,2024-11-24,Annual,477.5
CUST_009873,France,SMB,2025-05-21,Annual,323.88
CUST_009874,Spain,Consumer,2025-12-02,Monthly,297.78
CUST_009875,Spain,Consumer,2024-05-29,Two-Year,323.94
CUST_009876,Germany,SMB,2022-05-25,Annual,226.1
CUST_009877,Italy,Enterprise,2025-10-07,Annual,158.43
CUST_009878,Italy,SMB,2023-03-26,Annual,22.67
CUST_009879,Spain,Consumer,2023-09-12,Annual,29.22
CUST_009880,Germany,SMB,2023-09-27,Monthly,486.64
CUST_009881,Spain,Consumer,2023-09-29,Annual,377.4
CUST_009882,Spain,Consumer,2023-10-04,Monthly,351.27
CUST_009883,France,Consumer,2024-11-19,Monthly,425.33
CUST_009884,Germany,Consumer,2021-10-13,Monthly,311.33
CUST_009885,Spain,Consumer,2023-03-17,Monthly,340.47
CUST_009886,Italy,Consumer,2023-12-02,Two-Year,399.25
CUST_009887,France,Consumer,2023-10-15,Monthly,80.08
CUST_009888,Italy,SMB,2024-08-14,Monthly,110.06
CUST_009889,Spain,Consumer,2022-09-03,Annual,286.86
CUST_009890,Netherlands,Consumer,2025-09-20,Two-Year,66.5
CUST_009891,France,Consumer,2021-01-27,Annual,336.52
CUST_009892,Germany,SMB,2024-08-17,Two-Year,419.46
CUST_009893,Spain,SMB,2021-11-06,Annual,422.04
CUST_009894,Italy,Consumer,2024-01-07,Annual,175.19
CUST_009895,Germany,SMB,2021-02-12,Monthly,117.29
CUST_009896,Italy,SMB,2022-03-02,Monthly,480.19
CUST_009897,France,SMB,2022-12-16,Monthly,457.95
CUST_009898,Italy,Consumer,2021-06-28,Annual,170.48
CUST_009899,France,Consumer,2022-08-23,Annual,449.2
CUST_009900,Netherlands,Consumer,2024-03-04,Annual,442.88
CUST_009901,Spain,Consumer,2021-10-23,Annual,182.26
CUST_009902,Spain,Consumer,2024-02-16,Annual,194.33
CUST_009903,France,Enterprise,2023-05-05,Monthly,467.31
CUST_009904,Germany,Consumer,2025-03-13,Monthly,376.1
CUST_009905,France,Consumer,2024-03-10,Annual,316.41
CUST_009906,France,Enterprise,2023-03-26,Monthly,477.39
CUST_009907,Germany,SMB,2025-02-15,Two-Year,435.15
CUST_009908,Italy,Consumer,2021-11-11,Monthly,55.88
CUST_009909,Germany,Enterprise,2023-11-02,Monthly,259.42
CUST_009910,Italy,Consumer,2022-02-15,Annual,449.94
CUST_009911,Spain,Consumer,2023-04-03,Monthly,73.36
CUST_009912,France,Consumer,2023-05-20,Annual,54.67
CUST_009913,Italy,Consumer,2023-12-29,Monthly,432.35
CUST_009914,Spain,SMB,2022-07-24,Monthly,393.14
CUST_009915,Germany,Consumer,2024-04-23,Annual,100.26
CUST_009916,Germany,SMB,2021-11-26,Monthly,106.93
CUST_009917,France,Consumer,2021-11-02,Annual,419.65
CUST_009918,Germany,Enterprise,2021-07-16,Monthly,120.4
CUST_009919,Spain,Consumer,2023-05-29,Annual,89.11
CUST_009920,Italy,Enterprise,2023-01-23,Monthly,455.63
CUST_009921,Spain,Consumer,2025-02-16,Monthly,406.43
CUST_009922,Germany,Enterprise,2022-09-09,Annual,213.82
CUST_009923,France,SMB,2023-11-27,Annual,320.5
CUST_009924,Spain,Consumer,2025-10-29,Two-Year,226.59
CUST_009925,Spain,Consumer,2024-01-30,Annual,151.74
CUST_009926,Netherlands,SMB,2025-04-13,Annual,493.67
CUST_009927,France,SMB,2023-07-20,Monthly,281.91
CUST_009928,Spain,Consumer,2021-12-02,Annual,326.03
CUST_009929,Italy,SMB,2023-04-01,Annual,215.97
CUST_009930,Germany,Enterprise,2024-10-07,Annual,260.36
CUST_009931,Spain,Enterprise,2021-07-30,Annual,158.1
CUST_009932,France,Consumer,2023-05-27,Monthly,226.05
CUST_009933,Germany,Consumer,2023-08-04,Annual,321.35
CUST_009934,Spain,Consumer,2025-08-19,Annual,409.82
CUST_009935,Italy,SMB,2025-11-20,Monthly,405.12
CUST_009936,Spain,Enterprise,2024-01-16,Annual,25.48
CUST_009937,Spain,Consumer,2022-01-22,Annual,276.75
CUST_009938,Spain,Consumer,2022-01-08,Annual,199.19
CUST_009939,Italy,Consumer,2023-12-30,Two-Year,311.38
CUST_009940,France,Consumer,2021-12-24,Monthly,443.2
CUST_009941,Netherlands,Enterprise,2024-05-14,Monthly,392.02
CUST_009942,Spain,SMB,2025-11-02,Monthly,178.75
CUST_009943,Italy,Consumer,2021-12-08,Two-Year,374.8
CUST_009944,France,Consumer,2025-08-04,Monthly,68.66
CUST_009945,Germany,Consumer,2021-03-12,Annual,81.52
CUST_009946,Spain,SMB,2023-06-01,Annual,128.27
CUST_009947,Italy,SMB,2022-12-06,Annual,211.88
CUST_009948,Spain,Consumer,2023-10-27,Monthly,265.13
CUST_009949,France,Consumer,2023-06-02,Monthly,210.97
CUST_009950,Germany,Enterprise,2023-09-27,Two-Year,321.34
CUST_009951,Spain,SMB,2021-08-09,Annual,79.6
CUST_009952,Netherlands,Consumer,2024-10-26,Monthly,270.31
CUST_009953,Italy,Consumer,2025-09-20,Monthly,150.75
CUST_009954,Germany,Enterprise,2023-05-17,Annual,195.03
CUST_009955,France,SMB,2025-04-14,Two-Year,264.26
CUST_009956,Germany,Enterprise,2021-08-12,Annual,83.68
CUST_009957,France,Consumer,2024-08-29,Monthly,206.35
CUST_009958,Spain,Consumer,2022-08-16,Annual,385.15
CUST_009959,Germany,Consumer,2024-05-07,Monthly,153.23
CUST_009960,Germany,Enterprise,2023-11-04,Two-Year,386.99
CUST_009961,Germany,SMB,2021-03-22,Monthly,130.84
CUST_009962,Germany,Consumer,2022-10-04,Monthly,382.0
CUST_009963,Spain,Enterprise,2023-03-05,Monthly,113.31
CUST_009964,Netherlands,Enterprise,2025-01-25,Monthly,476.58
CUST_009965,Spain,Consumer,2021-07-20,Monthly,93.81
CUST_009966,Spain,SMB,2025-09-27,Annual,499.93
CUST_009967,Germany,SMB,2021-03-29,Monthly,129.92
CUST_009968,France,Consumer,2022-03-18,Annual,360.9
CUST_009969,Spain,SMB,2021-09-18,Monthly,166.45
CUST_009970,Germany,Consumer,2025-06-12,Monthly,59.45
CUST_009971,France,Enterprise,2023-11-03,Annual,31.95
CUST_009972,Spain,SMB,2024-07-30,Annual,90.7
CUST_009973,Netherlands,Enterprise,2024-06-10,Monthly,215.88
CUST_009974,Germany,SMB,2023-12-08,Annual,298.5
CUST_009975,France,Consumer,2022-07-01,Monthly,249.69
CUST_009976,Spain,Consumer,2021-08-27,Monthly,322.62
CUST_009977,France,SMB,2023-03-07,Monthly,66.0
CUST_009978,Italy,Consumer,2023-01-21,Annual,344.68
CUST_009979,Spain,SMB,2023-03-09,Monthly,396.89
CUST_009980,Spain,Consumer,2025-12-23,Monthly,130.71
CUST_009981,Spain,Consumer,2021-08-23,Monthly,400.12
CUST_009982,Spain,Consumer,2024-03-29,Monthly,140.0
CUST_009983,Netherlands,SMB,2021-10-13,Monthly,233.16
CUST_009984,France,Consumer,2023-12-17,Annual,406.79
CUST_009985,France,SMB,2024-05-19,Annual,349.87
CUST_009986,Netherlands,Consumer,2021-03-07,Monthly,261.79
CUST_009987,Italy,SMB,2023-04-22,Monthly,197.44
CUST_009988,Italy,SMB,2022-08-09,Monthly,290.56
CUST_009989,Germany,Consumer,2023-06-10,Two-Year,269.49
CUST_009990,Germany,Consumer,2023-06-11,Annual,486.29
CUST_009991,Spain,Consumer,2023-05-13,Monthly,416.55
CUST_009992,Germany,Consumer,2024-03-17,Two-Year,75.89
CUST_009993,Germany,SMB,2022-01-02,Monthly,217.94
CUST_009994,Spain,Consumer,2025-04-15,Monthly,301.91
CUST_009995,Germany,Enterprise,2025-03-17,Two-Year,358.57
CUST_009996,Germany,SMB,2023-04-17,Annual,105.13
CUST_009997,Germany,Consumer,2025-07-17,Annual,418.77
CUST_009998,Spain,SMB,2022-05-17,Annual,322.4
CUST_009999,Germany,SMB,2022-01-11,Two-Year,52.37
CUST_010000,Germany,Consumer,2022-05-29,Monthly,48.37
